auth_id, Date, Vendor, Amount, Location 
46816,1/2/2013,Bowling,-11.26,CA
46816,1/3/2013,Movie Ticket,-95.43,CA
46816,1/3/2013,Taxi,-9.39,CA
46816,1/3/2013,Taxi,-17.15,CA
46816,1/4/2013,Green Flash Brewery,-9.88,CA
46816,1/5/2013,Owl Night Club,-22.52,CA
46816,1/5/2013,Seaside Bar,-21.56,CA
46816,1/5/2013,Ice Skating Rink,-0.12,CA
46816,1/6/2013,Bowling,-52.89,CA
46816,1/6/2013,Rodriguez's Bar and Grill,-27.57,CA
46816,1/6/2013,Sprouts Market,-31.88,CA
46816,1/7/2013,Wine Bar,-35.68,CA
46816,1/8/2013,Restaurant - Pizza,-4.6,CA
46816,1/8/2013,Movie Ticket,-29.53,CA
46816,1/9/2013,Ralph's Grocery Store,-12.38,CA
46816,1/9/2013,Wine Bar,-21.66,CA
46816,1/10/2013,John's Bar & Restaurant,-65.01,CA
46816,1/10/2013,Karaoke Bar,-20.15,CA
46816,1/10/2013,Restaurant - Pizza,-107.48,CA
46816,1/10/2013,Green Flash Brewery,-23.6,CA
46816,1/10/2013,Public Transportation - Bus Pass,-14.55,CA
46816,1/10/2013,Wine Bar,-91.09,CA
46816,1/11/2013,Karaoke Bar,-17.3,CA
46816,1/11/2013,Rodriguez's Bar and Grill,-26.85,CA
46816,1/11/2013,Green Flash Brewery,-37.12,CA
46816,1/11/2013,John's Bar & Restaurant,-22.43,CA
46816,1/12/2013,Wine Bar,-7.99,CA
46816,1/12/2013,Uber,-34.36,CA
46816,1/12/2013,Lyft,-103.28,CA
46816,1/12/2013,Public Transportation - Bus Pass,-2.93,CA
46816,1/12/2013,Bowling,-32.5,CA
46816,1/13/2013,Rodriguez's Bar and Grill,-52.09,CA
46816,1/14/2013,Green Flash Brewery,-31.69,CA
46816,1/15/2013,Sprouts Market,-8.67,CA
46816,1/15/2013,Rodriguez's Bar and Grill,-0.3,CA
46816,1/16/2013,Wine Bar,-32.43,CA
46816,1/16/2013,Uber,-48.44,CA
46816,1/16/2013,Restaurant - Burgers,-28.33,CA
46816,1/16/2013,Concert Ticket,-103.99,CA
46816,1/17/2013,Concert Ticket,-21.44,CA
46816,1/17/2013,Rodriguez's Bar and Grill,-4.96,CA
46816,1/17/2013,Fisker Night Club,-37.24,CA
46816,1/17/2013,Von's Groceries,-28.16,CA
46816,1/17/2013,John's Bar & Restaurant,-26.71,CA
46816,1/17/2013,Owl Night Club,-119.94,CA
46816,1/17/2013,Wine Bar,-26.64,CA
46816,1/18/2013,Owl Night Club,-28.11,CA
46816,1/19/2013,Green Flash Brewery,-12.24,CA
46816,1/19/2013,Karaoke Bar,-35.88,CA
46816,1/19/2013,Public Transportation - Bus Pass,-49.56,CA
46816,1/20/2013,Food Delivery - GrubHub,-13.25,CA
46816,1/20/2013,Rodriguez's Bar and Grill,-9.37,CA
46816,1/20/2013,Whole Foods,-20.05,CA
46816,1/21/2013,John's Bar & Restaurant,-40.4,CA
46816,1/21/2013,Movie Ticket,-7.47,CA
46816,1/21/2013,Movie Ticket,-37.59,CA
46816,1/21/2013,Owl Night Club,-0.76,CA
46816,1/21/2013,Rodriguez's Bar and Grill,-21.2,CA
46816,1/21/2013,Ralph's Grocery Store,-11.06,CA
46816,1/22/2013,Owl Night Club,-23.66,CA
46816,1/22/2013,Restaurant - Pizza,-119.12,CA
46816,1/23/2013,Taxi,-29.92,CA
46816,1/24/2013,Restaurant - Burgers,-31.13,CA
46816,1/25/2013,Von's Groceries,-9.15,CA
46816,1/25/2013,Owl Night Club,-34.28,CA
46816,1/25/2013,Whole Foods,-16.66,CA
46816,1/26/2013,Taxi,-35.85,CA
46816,1/26/2013,Lyft,-3.21,CA
46816,1/26/2013,Wine Bar,-7.29,CA
46816,1/27/2013,Taxi,-110.44,CA
46816,1/27/2013,Wine Bar,-18.51,CA
46816,1/28/2013,Bowling,-33.35,CA
46816,1/29/2013,Restaurant - Chinese,-21.81,CA
46816,1/29/2013,Karaoke Bar,-0.5,CA
46816,1/29/2013,Ralph's Grocery Store,-25.15,CA
46816,1/30/2013,Food Delivery - GrubHub,-79.65,CA
46816,1/30/2013,Uber,-20.42,CA
46816,1/30/2013,John's Bar & Restaurant,-16.39,CA
46816,1/30/2013,Von's Groceries,-14.66,CA
46816,3/2/2013,Paycheck,4261,CA
46816,3/2/2013,Housing Rent,-1094,CA
46816,3/2/2013,Navient - Student Loans,-197,CA
46816,3/2/2013,ACS - Student Loans,-135,CA
46816,3/2/2013,Credit Card Payment,-154,CA
46816,3/2/2013,Water & Sewer,-53,CA
46816,3/2/2013,Gas & Electric,-32,CA
46816,3/2/2013,Time Warner Cable,-25,CA
46816,3/2/2013,John's Bar & Restaurant,-51.13,CA
46816,3/2/2013,Wine Bar,-8.69,CA
46816,3/3/2013,Lyft,-38.98,CA
46816,3/3/2013,Whole Foods,-58.62,CA
46816,3/3/2013,Public Transportation - Train Pass,-11.52,CA
46816,3/4/2013,Bowling,-23.36,CA
46816,3/4/2013,John's Bar & Restaurant,-35.54,CA
46816,3/4/2013,Wine Bar,-26.97,CA
46816,3/4/2013,Uber,-22,CA
46816,3/4/2013,Green Flash Brewery,-82.64,CA
46816,3/4/2013,Ralph's Grocery Store,-74.43,CA
46816,3/4/2013,Uber,-12.53,CA
46816,3/4/2013,Taxi,-38.72,CA
46816,3/4/2013,Public Transportation - Train Pass,-76.3,CA
46816,3/4/2013,Concert Ticket,-33.11,CA
46816,3/4/2013,John's Bar & Restaurant,-4.31,CA
46816,3/4/2013,Ralph's Grocery Store,-25.73,CA
46816,3/5/2013,Green Flash Brewery,-2.13,CA
46816,3/5/2013,Owl Night Club,-16.63,CA
46816,3/6/2013,Public Transportation - Train Pass,-26.14,CA
46816,3/7/2013,Von's Groceries,-23.68,CA
46816,3/7/2013,Rodriguez's Bar and Grill,-8.94,CA
46816,3/8/2013,Concert Ticket,-11.43,CA
46816,3/8/2013,Concert Ticket,-117.36,CA
46816,3/8/2013,Food Delivery - GrubHub,-31.35,CA
46816,3/8/2013,Ice Skating Rink,-22.38,CA
46816,3/8/2013,Public Transportation - Bus Pass,-65.43,CA
46816,3/8/2013,Wine Bar,-4.47,CA
46816,3/9/2013,Uber,-39.14,CA
46816,3/10/2013,Green Flash Brewery,-17.01,CA
46816,3/11/2013,Public Transportation - Bus Pass,-98.06,CA
46816,3/12/2013,Whole Foods,-116.75,CA
46816,3/13/2013,Karaoke Bar,-31.93,CA
46816,3/13/2013,Seaside Bar,-33.51,CA
46816,3/13/2013,John's Bar & Restaurant,-26.2,CA
46816,3/14/2013,Sprouts Market,-9.49,CA
46816,3/14/2013,Public Transportation - Train Pass,-7.14,CA
46816,3/14/2013,Movie Ticket,-14.56,CA
46816,3/14/2013,Seaside Bar,-0.17,CA
46816,3/14/2013,Lyft,-71.92,CA
46816,3/15/2013,Concert Ticket,-57.58,CA
46816,3/15/2013,Green Flash Brewery,-12.25,CA
46816,3/15/2013,Concert Ticket,-28.68,CA
46816,3/16/2013,Restaurant - Burgers,-67.11,CA
46816,3/16/2013,Bowling,-8.07,CA
46816,3/16/2013,Ralph's Grocery Store,-15.12,CA
46816,3/16/2013,Green Flash Brewery,-9.65,CA
46816,3/16/2013,Owl Night Club,-6.06,CA
46816,3/17/2013,Food Delivery - GrubHub,-10.9,CA
46816,3/17/2013,Rodriguez's Bar and Grill,-10.8,CA
46816,3/17/2013,Concert Ticket,-93.24,CA
46816,3/17/2013,Bowling,-16.75,CA
46816,3/18/2013,Karaoke Bar,-39.6,CA
46816,3/18/2013,Restaurant - Chinese,-0.36,CA
46816,3/18/2013,Ice Skating Rink,-56.68,CA
46816,3/19/2013,Restaurant - Burgers,-27.71,CA
46816,3/19/2013,Rodriguez's Bar and Grill,-30.91,CA
46816,3/19/2013,John's Bar & Restaurant,-18.48,CA
46816,3/19/2013,Karaoke Bar,-1.58,CA
46816,3/19/2013,Movie Ticket,-38.53,CA
46816,3/19/2013,Taxi,-12.84,CA
46816,3/20/2013,Bowling,-20.24,CA
46816,3/20/2013,Public Transportation - Bus Pass,-17.94,CA
46816,3/21/2013,Owl Night Club,-21.79,CA
46816,3/21/2013,Movie Ticket,-86.82,CA
46816,3/21/2013,Ice Skating Rink,-38.13,CA
46816,3/21/2013,Seaside Bar,-36.69,CA
46816,3/22/2013,Wine Bar,-26.86,CA
46816,3/23/2013,Green Flash Brewery,-10.52,CA
46816,3/23/2013,Movie Ticket,-2.09,CA
46816,3/23/2013,Concert Ticket,-29.16,CA
46816,3/23/2013,Von's Groceries,-30.84,CA
46816,3/23/2013,Restaurant - Burgers,-76.35,CA
46816,3/23/2013,Movie Ticket,-7.08,CA
46816,3/24/2013,Food Delivery - GrubHub,-36.91,CA
46816,3/24/2013,Green Flash Brewery,-18.89,CA
46816,3/24/2013,Public Transportation - Bus Pass,-68.81,CA
46816,3/25/2013,Restaurant - Chinese,-35.27,CA
46816,3/25/2013,Owl Night Club,-29.97,CA
46816,3/25/2013,Bowling,-43.63,CA
46816,3/26/2013,Green Flash Brewery,-9.81,CA
46816,3/26/2013,Green Flash Brewery,-36.35,CA
46816,3/27/2013,Fisker Night Club,-90.38,CA
46816,3/28/2013,John's Bar & Restaurant,-87.45,CA
46816,3/29/2013,Ice Skating Rink,-20.12,CA
46816,3/29/2013,Rodriguez's Bar and Grill,-24.1,CA
46816,3/29/2013,Public Transportation - Train Pass,-30.39,CA
46816,3/30/2013,Karaoke Bar,-81.16,CA
46816,3/30/2013,Green Flash Brewery,-0.01,CA
46816,3/30/2013,Seaside Bar,-75.96,CA
46816,3/30/2013,Taxi,-46.64,CA
46816,3/30/2013,Public Transportation - Bus Pass,-76.34,CA
46816,3/30/2013,Concert Ticket,-8.54,CA
46816,3/30/2013,Bowling,-28.58,CA
46816,3/30/2013,John's Bar & Restaurant,-17.32,CA
46816,3/30/2013,Taxi,-45.3,CA
46816,3/30/2013,Wine Bar,-25.93,CA
46816,3/30/2013,Karaoke Bar,-31.56,CA
46816,3/30/2013,Restaurant - Burgers,-77.16,CA
46816,3/30/2013,Public Transportation - Train Pass,-32.16,CA
46816,4/2/2013,Paycheck,4261,CA
46816,4/2/2013,Housing Rent,-1035,CA
46816,4/2/2013,Navient - Student Loans,-197,CA
46816,4/2/2013,ACS - Student Loans,-135,CA
46816,4/2/2013,Credit Card Payment,-154,CA
46816,4/2/2013,Water & Sewer,-53,CA
46816,4/2/2013,Gas & Electric,-32,CA
46816,4/2/2013,Time Warner Cable,-25,CA
46816,4/2/2013,Whole Foods,-39.5,CA
46816,4/3/2013,Whole Foods,-6.27,CA
46816,4/4/2013,Starbucks Coffee,-10.02,CA
46816,4/4/2013,Rodriguez's Bar and Grill,-12.47,CA
46816,4/4/2013,Public Transportation - Train Pass,-9.37,CA
46816,4/4/2013,Green Flash Brewery,-12.41,CA
46816,4/4/2013,Taxi,-21.65,CA
46816,4/4/2013,Restaurant - Chinese,-15,CA
46816,4/5/2013,Ice Skating Rink,-36.67,CA
46816,4/6/2013,Lyft,-25.83,CA
46816,4/6/2013,Concert Ticket,-16.88,CA
46816,4/7/2013,Seaside Bar,-20.87,CA
46816,4/7/2013,Fisker Night Club,-25.66,CA
46816,4/7/2013,Restaurant - Chinese,-34.32,CA
46816,4/8/2013,Karaoke Bar,-95.79,CA
46816,4/8/2013,Ralph's Grocery Store,-29.79,CA
46816,4/8/2013,Green Flash Brewery,-55.42,CA
46816,4/8/2013,Public Transportation - Bus Pass,-22.52,CA
46816,4/9/2013,John's Bar & Restaurant,-34.01,CA
46816,4/9/2013,Restaurant - Steakhouse,-33.37,CA
46816,4/9/2013,Movie Ticket,-23.7,CA
46816,4/10/2013,Divorce Lawyer Fees,-44.34,CA
46816,4/10/2013,Comfort Inn,-38.24,CA
46816,4/10/2013,Best Western Hotel,-113.95,CA
46816,4/10/2013,Rodriguez's Bar and Grill,-1.27,CA
46816,4/11/2013,Sprouts Market,-37.51,CA
46816,4/11/2013,Restaurant - Burgers,-28.26,CA
46816,4/12/2013,Whole Foods,-2.55,CA
46816,4/12/2013,Ice Skating Rink,-36.58,CA
46816,4/12/2013,Von's Groceries,-34.45,CA
46816,4/12/2013,Rodriguez's Bar and Grill,-7.87,CA
46816,4/13/2013,Green Flash Brewery,-17.16,CA
46816,4/13/2013,Starbucks Coffee,-34.85,CA
46816,4/14/2013,Public Transportation - Bus Pass,-5.95,CA
46816,4/14/2013,Karaoke Bar,-9.13,CA
46816,4/15/2013,Ice Skating Rink,-28.13,CA
46816,4/15/2013,Sprouts Market,-78.05,CA
46816,4/16/2013,Movie Ticket,-10.7,CA
46816,4/17/2013,Karaoke Bar,-23.94,CA
46816,4/17/2013,Ice Skating Rink,-20.2,CA
46816,4/17/2013,Starbucks Coffee,-12.66,CA
46816,4/17/2013,Uber,-10.76,CA
46816,4/17/2013,Karaoke Bar,-8.05,CA
46816,4/18/2013,Ice Skating Rink,-10.37,CA
46816,4/18/2013,John's Bar & Restaurant,-26.78,CA
46816,4/18/2013,Karaoke Bar,-38.29,CA
46816,4/18/2013,Bowling,-5.46,CA
46816,4/19/2013,Wine Bar,-15.02,CA
46816,4/20/2013,Lyft,-32.72,CA
46816,4/20/2013,Owl Night Club,-78.93,CA
46816,4/20/2013,Ralph's Grocery Store,-19.69,CA
46816,4/20/2013,John's Bar & Restaurant,-38.97,CA
46816,4/21/2013,Ralph's Grocery Store,-7.51,CA
46816,4/22/2013,Rodriguez's Bar and Grill,-21.39,CA
46816,4/23/2013,Green Flash Brewery,-112.44,CA
46816,4/23/2013,Whole Foods,-82.84,CA
46816,4/23/2013,Starbucks Coffee,-25.59,CA
46816,4/23/2013,Owl Night Club,-22.28,CA
46816,4/23/2013,Fisker Night Club,-14.38,CA
46816,4/23/2013,Rodriguez's Bar and Grill,-12.47,CA
46816,4/23/2013,Karaoke Bar,-39.53,CA
46816,4/23/2013,Wine Bar,-39.6,CA
46816,4/24/2013,Concert Ticket,-4.02,CA
46816,4/24/2013,Rodriguez's Bar and Grill,-106.63,CA
46816,4/24/2013,Rodriguez's Bar and Grill,-12.3,CA
46816,4/24/2013,John's Bar & Restaurant,-108.57,CA
46816,4/24/2013,Movie Ticket,-7.11,CA
46816,4/24/2013,Uber,-36.81,CA
46816,4/24/2013,Restaurant - Pizza,-25.88,CA
46816,4/24/2013,Fisker Night Club,-8.85,CA
46816,4/24/2013,Public Transportation - Bus Pass,-11.61,CA
46816,4/24/2013,Wine Bar,-11.88,CA
46816,4/24/2013,Fisker Night Club,-27.8,CA
46816,4/25/2013,Fisker Night Club,-30.79,CA
46816,4/26/2013,Wine Bar,-59.14,CA
46816,4/26/2013,Wine Bar,-27.8,CA
46816,4/26/2013,Starbucks Coffee,-31.07,CA
46816,4/26/2013,Bowling,-91.93,CA
46816,4/27/2013,Rodriguez's Bar and Grill,-75.23,CA
46816,4/28/2013,Ice Skating Rink,-100.17,CA
46816,4/28/2013,Uber,-23.73,CA
46816,4/28/2013,Concert Ticket,-30.87,CA
46816,4/28/2013,Rodriguez's Bar and Grill,-94.88,CA
46816,4/28/2013,Bowling,-4.2,CA
46816,4/29/2013,Movie Ticket,-71.6,CA
46816,4/29/2013,Concert Ticket,-15.74,CA
46816,4/29/2013,John's Bar & Restaurant,-32.58,CA
46816,4/30/2013,Ice Skating Rink,-7.64,CA
46816,4/30/2013,Green Flash Brewery,-9.21,CA
46816,4/30/2013,Owl Night Club,-1.73,CA
46816,4/30/2013,Wine Bar,-25.81,CA
46816,4/30/2013,Ralph's Grocery Store,-16.02,CA
46816,4/30/2013,Bowling,-5.96,CA
46816,4/30/2013,Restaurant - Steakhouse,-38.78,CA
46816,5/2/2013,Paycheck,4261,CA
46816,5/2/2013,Housing Rent,-1239,CA
46816,5/2/2013,Navient - Student Loans,-197,CA
46816,5/2/2013,ACS - Student Loans,-135,CA
46816,5/2/2013,Credit Card Payment,-154,CA
46816,5/2/2013,Water & Sewer,-53,CA
46816,5/2/2013,Gas & Electric,-32,CA
46816,5/2/2013,Time Warner Cable,-25,CA
46816,5/2/2013,Lyft,-32.35,CA
46816,5/2/2013,Movie Ticket,-2.72,CA
46816,5/2/2013,Public Transportation - Train Pass,-25.67,CA
46816,5/2/2013,Concert Ticket,-18.29,CA
46816,5/3/2013,Seaside Bar,-28.18,CA
46816,5/4/2013,Starbucks Coffee,-26.1,CA
46816,5/4/2013,Owl Night Club,-33.49,CA
46816,5/4/2013,Wine Bar,-86.95,CA
46816,5/4/2013,Lyft,-8.54,CA
46816,5/4/2013,Food Delivery - GrubHub,-37.09,CA
46816,5/4/2013,Seaside Bar,-5.86,CA
46816,5/4/2013,Public Transportation - Bus Pass,-20.72,CA
46816,5/4/2013,Public Transportation - Train Pass,-8.06,CA
46816,5/4/2013,Rodriguez's Bar and Grill,-66.44,CA
46816,5/5/2013,Movie Ticket,-4.23,CA
46816,5/5/2013,Movie Ticket,-35.33,CA
46816,5/6/2013,Restaurant - Pizza,-33.7,CA
46816,5/6/2013,Fisker Night Club,-11.97,CA
46816,5/6/2013,Starbucks Coffee,-29.75,CA
46816,5/6/2013,John's Bar & Restaurant,-35.84,CA
46816,5/7/2013,John's Bar & Restaurant,-48.32,CA
46816,5/7/2013,Wine Bar,-24.39,CA
46816,5/7/2013,Whole Foods,-9.55,CA
46816,5/8/2013,Rodriguez's Bar and Grill,-24.12,CA
46816,5/8/2013,Seaside Bar,-38.34,CA
46816,5/8/2013,Ice Skating Rink,-11.12,CA
46816,5/9/2013,Movie Ticket,-107.07,CA
46816,5/9/2013,Bowling,-75.99,CA
46816,5/9/2013,Fisker Night Club,-7.49,CA
46816,5/9/2013,Seaside Bar,-21.68,CA
46816,5/9/2013,Lyft,-36.63,CA
46816,5/9/2013,Von's Groceries,-60.06,CA
46816,5/9/2013,Seaside Bar,-74.36,CA
46816,5/10/2013,Food Delivery - GrubHub,-38.46,CA
46816,5/10/2013,Restaurant - Pizza,-6.14,CA
46816,5/10/2013,Seaside Bar,-37.19,CA
46816,5/10/2013,Restaurant - Steakhouse,-8.44,CA
46816,5/11/2013,Ice Skating Rink,-10.03,CA
46816,5/12/2013,Seaside Bar,-28.39,CA
46816,5/12/2013,Movie Ticket,-1.67,CA
46816,5/12/2013,Lyft,-54.11,CA
46816,5/13/2013,Ice Skating Rink,-33.39,CA
46816,5/14/2013,Karaoke Bar,-35.7,CA
46816,5/15/2013,Whole Foods,-8.42,CA
46816,5/16/2013,Whole Foods,-75.95,CA
46816,5/17/2013,Ice Skating Rink,-2.25,CA
46816,5/17/2013,Concert Ticket,-101.53,CA
46816,5/17/2013,Bowling,-8.15,CA
46816,5/17/2013,Ice Skating Rink,-12.21,CA
46816,5/17/2013,Owl Night Club,-22.41,CA
46816,5/17/2013,Restaurant - Burgers,-96.27,CA
46816,5/18/2013,Bowling,-39.3,CA
46816,5/19/2013,Starbucks Coffee,-32.1,CA
46816,5/19/2013,Von's Groceries,-21.81,CA
46816,5/19/2013,Wine Bar,-5.2,CA
46816,5/19/2013,Restaurant - Pizza,-43.15,CA
46816,5/19/2013,Uber,-39.63,CA
46816,5/19/2013,Food Delivery - GrubHub,-25.08,CA
46816,5/19/2013,Uber,-47.43,CA
46816,5/19/2013,Restaurant - Chinese,-33.13,CA
46816,5/19/2013,Wine Bar,-72.11,CA
46816,5/19/2013,Restaurant - Pizza,-4.3,CA
46816,5/19/2013,Public Transportation - Bus Pass,-0.89,CA
46816,5/20/2013,Fisker Night Club,-21.94,CA
46816,5/21/2013,Restaurant - Steakhouse,-4.49,CA
46816,5/21/2013,Von's Groceries,-24.72,CA
46816,5/21/2013,Rodriguez's Bar and Grill,-24.52,CA
46816,5/21/2013,Seaside Bar,-5.02,CA
46816,5/21/2013,Whole Foods,-17.3,CA
46816,5/21/2013,Public Transportation - Bus Pass,-16.75,CA
46816,5/21/2013,Uber,-28.6,CA
46816,5/21/2013,Wine Bar,-6.76,CA
46816,5/21/2013,Lyft,-63,CA
46816,5/22/2013,Owl Night Club,-21.16,CA
46816,5/23/2013,Whole Foods,-27.6,CA
46816,5/23/2013,Karaoke Bar,-53.65,CA
46816,5/23/2013,Food Delivery - GrubHub,-34.95,CA
46816,5/23/2013,Fisker Night Club,-34.24,CA
46816,5/24/2013,Lyft,-36.5,CA
46816,5/25/2013,John's Bar & Restaurant,-12.35,CA
46816,5/25/2013,Concert Ticket,-80.56,CA
46816,5/26/2013,Rodriguez's Bar and Grill,-38.3,CA
46816,5/26/2013,Rodriguez's Bar and Grill,-3.6,CA
46816,5/26/2013,Seaside Bar,-38.66,CA
46816,5/27/2013,Restaurant - Burgers,-18.89,CA
46816,5/28/2013,Seaside Bar,-0.67,CA
46816,5/29/2013,Public Transportation - Train Pass,-80.95,CA
46816,5/30/2013,Owl Night Club,-34.82,CA
46816,5/30/2013,Uber,-34.47,CA
46816,5/30/2013,Restaurant - Chinese,-8.92,CA
46816,5/30/2013,Concert Ticket,-38.38,CA
46816,5/30/2013,Uber,-2.83,CA
46816,6/2/2013,Paycheck,4261,CA
46816,6/2/2013,Housing Rent,-770,CA
46816,6/2/2013,Navient - Student Loans,-197,CA
46816,6/2/2013,ACS - Student Loans,-135,CA
46816,6/2/2013,Credit Card Payment,-154,CA
46816,6/2/2013,Water & Sewer,-53,CA
46816,6/2/2013,Gas & Electric,-32,CA
46816,6/2/2013,Time Warner Cable,-25,CA
46816,6/2/2013,Uber,-0.04,CA
46816,6/2/2013,Green Flash Brewery,-102.92,CA
46816,6/2/2013,Ice Skating Rink,-22.73,CA
46816,6/2/2013,Rodriguez's Bar and Grill,-111.08,CA
46816,6/2/2013,Whole Foods,-90.28,CA
46816,6/2/2013,Fisker Night Club,-76.38,CA
46816,6/3/2013,Rodriguez's Bar and Grill,-14.06,CA
46816,6/3/2013,Rodriguez's Bar and Grill,-57.87,CA
46816,6/3/2013,Movie Ticket,-24.5,CA
46816,6/3/2013,Green Flash Brewery,-118.7,CA
46816,6/3/2013,Ice Skating Rink,-25.22,CA
46816,6/3/2013,Green Flash Brewery,-8.12,CA
46816,6/3/2013,Rodriguez's Bar and Grill,-22.95,CA
46816,6/3/2013,Restaurant - Steakhouse,-55.42,CA
46816,6/3/2013,Movie Ticket,-32.33,CA
46816,6/3/2013,Whole Foods,-5.53,CA
46816,6/4/2013,Bowling,-9.98,CA
46816,6/4/2013,Public Transportation - Bus Pass,-18.64,CA
46816,6/4/2013,Movie Ticket,-5.27,CA
46816,6/4/2013,Movie Ticket,-37.37,CA
46816,6/4/2013,Uber,-61.49,CA
46816,6/5/2013,Public Transportation - Bus Pass,-21.57,CA
46816,6/5/2013,Karaoke Bar,-16.49,CA
46816,6/5/2013,Public Transportation - Train Pass,-33.43,CA
46816,6/5/2013,Restaurant - Burgers,-22.56,CA
46816,6/6/2013,Fisker Night Club,-11.31,CA
46816,6/6/2013,Sprouts Market,-48.67,CA
46816,6/6/2013,Rodriguez's Bar and Grill,-34.7,CA
46816,6/6/2013,Wine Bar,-8.45,CA
46816,6/6/2013,Restaurant - Steakhouse,-17.51,CA
46816,6/7/2013,Restaurant - Burgers,-17.54,CA
46816,6/7/2013,Ralph's Grocery Store,-0.59,CA
46816,6/7/2013,Sprouts Market,-27.77,CA
46816,6/8/2013,Rodriguez's Bar and Grill,-93.53,CA
46816,6/9/2013,Seaside Bar,-10.46,CA
46816,6/9/2013,Food Delivery - GrubHub,-21.01,CA
46816,6/9/2013,Whole Foods,-30.07,CA
46816,6/9/2013,Ice Skating Rink,-33.29,CA
46816,6/9/2013,Movie Ticket,-30.68,CA
46816,6/9/2013,Wine Bar,-24.45,CA
46816,6/10/2013,Restaurant - Steakhouse,-36.52,CA
46816,6/10/2013,John's Bar & Restaurant,-3.99,CA
46816,6/10/2013,Lyft,-70.84,CA
46816,6/10/2013,Concert Ticket,-15.27,CA
46816,6/11/2013,Concert Ticket,-11.62,CA
46816,6/11/2013,Seaside Bar,-14.83,CA
46816,6/11/2013,Rodriguez's Bar and Grill,-7.71,CA
46816,6/11/2013,Restaurant - Pizza,-19.14,CA
46816,6/11/2013,Taxi,-29.93,CA
46816,6/11/2013,Concert Ticket,-52.19,CA
46816,6/12/2013,Ralph's Grocery Store,-14.08,CA
46816,6/12/2013,Public Transportation - Bus Pass,-4.25,CA
46816,6/13/2013,Whole Foods,-8.02,CA
46816,6/13/2013,Green Flash Brewery,-18.04,CA
46816,6/13/2013,Bowling,-4.62,CA
46816,6/13/2013,Concert Ticket,-35.1,CA
46816,6/14/2013,Ice Skating Rink,-30.58,CA
46816,6/15/2013,Public Transportation - Train Pass,-31.13,CA
46816,6/15/2013,Lyft,-2.89,CA
46816,6/16/2013,Public Transportation - Bus Pass,-11.97,CA
46816,6/16/2013,Rodriguez's Bar and Grill,-1.48,CA
46816,6/16/2013,Ralph's Grocery Store,-89.42,CA
46816,6/16/2013,Owl Night Club,-94.31,CA
46816,6/17/2013,Movie Ticket,-21.97,CA
46816,6/17/2013,Wine Bar,-16.38,CA
46816,6/18/2013,Restaurant - Steakhouse,-37.13,CA
46816,6/18/2013,Movie Ticket,-14.82,CA
46816,6/18/2013,Sprouts Market,-16.91,CA
46816,6/19/2013,Taxi,-34.99,CA
46816,6/19/2013,Rodriguez's Bar and Grill,-33.91,CA
46816,6/19/2013,Public Transportation - Train Pass,-4.39,CA
46816,6/19/2013,Owl Night Club,-69.48,CA
46816,6/19/2013,Bowling,-22.18,CA
46816,6/19/2013,John's Bar & Restaurant,-28.35,CA
46816,6/19/2013,Starbucks Coffee,-11.24,CA
46816,6/20/2013,Owl Night Club,-35.13,CA
46816,6/20/2013,Von's Groceries,-36.46,CA
46816,6/21/2013,Restaurant - Chinese,-21.78,CA
46816,6/22/2013,Rodriguez's Bar and Grill,-33.43,CA
46816,6/23/2013,Public Transportation - Train Pass,-70.22,CA
46816,6/23/2013,Rodriguez's Bar and Grill,-6.46,CA
46816,6/23/2013,Restaurant - Pizza,-6.56,CA
46816,6/24/2013,Ice Skating Rink,-35.49,CA
46816,6/24/2013,Fisker Night Club,-93.03,CA
46816,6/24/2013,Taxi,-15.21,CA
46816,6/24/2013,Taxi,-74.07,CA
46816,6/25/2013,Von's Groceries,-20.98,CA
46816,6/26/2013,Bowling,-17.55,CA
46816,6/26/2013,Rodriguez's Bar and Grill,-33.09,CA
46816,6/26/2013,Restaurant - Burgers,-107.49,CA
46816,6/27/2013,Public Transportation - Bus Pass,-15.57,CA
46816,6/27/2013,Fisker Night Club,-17.45,CA
46816,6/27/2013,Food Delivery - GrubHub,-52.57,CA
46816,6/28/2013,Rodriguez's Bar and Grill,-36.72,CA
46816,6/29/2013,Fisker Night Club,-36.71,CA
46816,6/29/2013,Karaoke Bar,-10.89,CA
46816,6/30/2013,Ralph's Grocery Store,-29.29,CA
46816,6/30/2013,Restaurant - Burgers,-28.12,CA
46816,6/30/2013,Fisker Night Club,-8.22,CA
46816,6/30/2013,Green Flash Brewery,-74.77,CA
46816,6/30/2013,Karaoke Bar,-31.88,CA
46816,6/30/2013,John's Bar & Restaurant,-20.69,CA
46816,6/30/2013,Bowling,-5.29,CA
46816,6/30/2013,Restaurant - Burgers,-15.75,CA
46816,6/30/2013,Rodriguez's Bar and Grill,-39.38,CA
46816,7/2/2013,Paycheck,4261,CA
46816,7/2/2013,Housing Rent,-1151,CA
46816,7/2/2013,Navient - Student Loans,-197,CA
46816,7/2/2013,ACS - Student Loans,-135,CA
46816,7/2/2013,Credit Card Payment,-154,CA
46816,7/2/2013,Water & Sewer,-53,CA
46816,7/2/2013,Gas & Electric,-32,CA
46816,7/2/2013,Time Warner Cable,-25,CA
46816,7/2/2013,Restaurant - Steakhouse,-38.43,CA
46816,7/2/2013,Rodriguez's Bar and Grill,-11.52,CA
46816,7/2/2013,Public Transportation - Train Pass,-20.27,CA
46816,7/2/2013,Lyft,-42.93,CA
46816,7/3/2013,Public Transportation - Train Pass,-30.49,CA
46816,7/3/2013,Restaurant - Chinese,-0.43,CA
46816,7/4/2013,Concert Ticket,-33.27,CA
46816,7/5/2013,Bowling,-37.87,CA
46816,7/5/2013,Green Flash Brewery,-25.81,CA
46816,7/5/2013,Ralph's Grocery Store,-29.43,CA
46816,7/5/2013,Public Transportation - Bus Pass,-46.26,CA
46816,7/6/2013,Public Transportation - Train Pass,-16.59,CA
46816,7/6/2013,Karaoke Bar,-39.86,CA
46816,7/7/2013,Taxi,-45.34,CA
46816,7/7/2013,Owl Night Club,-25.59,CA
46816,7/7/2013,Movie Ticket,-14.74,CA
46816,7/8/2013,Taxi,-100.73,CA
46816,7/8/2013,Bowling,-110.53,CA
46816,7/8/2013,Lyft,-28.87,CA
46816,7/8/2013,John's Bar & Restaurant,-21.24,CA
46816,7/8/2013,John's Bar & Restaurant,-28.35,CA
46816,7/8/2013,Taxi,-21.98,CA
46816,7/8/2013,Karaoke Bar,-27.09,CA
46816,7/8/2013,John's Bar & Restaurant,-38.44,CA
46816,7/8/2013,Green Flash Brewery,-5.95,CA
46816,7/8/2013,Ice Skating Rink,-39.46,CA
46816,7/8/2013,Seaside Bar,-23.1,CA
46816,7/8/2013,Restaurant - Steakhouse,-7.04,CA
46816,7/8/2013,Ralph's Grocery Store,-22.66,CA
46816,7/8/2013,Ice Skating Rink,-1.65,CA
46816,7/9/2013,Fisker Night Club,-6.53,CA
46816,7/10/2013,Green Flash Brewery,-37.35,CA
46816,7/10/2013,Restaurant - Burgers,-15.93,CA
46816,7/10/2013,Starbucks Coffee,-28.23,CA
46816,7/10/2013,Karaoke Bar,-88.17,CA
46816,7/10/2013,Restaurant - Pizza,-32.23,CA
46816,7/10/2013,Taxi,-110.88,CA
46816,7/10/2013,Restaurant - Burgers,-39.43,CA
46816,7/10/2013,Fisker Night Club,-64.38,CA
46816,7/11/2013,Public Transportation - Train Pass,-28.46,CA
46816,7/11/2013,Movie Ticket,-111.31,CA
46816,7/11/2013,Sprouts Market,-27.04,CA
46816,7/12/2013,Public Transportation - Train Pass,-9.59,CA
46816,7/13/2013,Whole Foods,-10.02,CA
46816,7/13/2013,Von's Groceries,-35.94,CA
46816,7/13/2013,Ice Skating Rink,-10.62,CA
46816,7/13/2013,Von's Groceries,-38.6,CA
46816,7/13/2013,John's Bar & Restaurant,-45.05,CA
46816,7/14/2013,Bowling,-24.27,CA
46816,7/14/2013,Movie Ticket,-27.06,CA
46816,7/14/2013,Lyft,-16.42,CA
46816,7/14/2013,Food Delivery - GrubHub,-6.01,CA
46816,7/14/2013,Green Flash Brewery,-34.24,CA
46816,7/15/2013,Sprouts Market,-9.03,CA
46816,7/16/2013,Sprouts Market,-11.24,CA
46816,7/16/2013,Von's Groceries,-17.43,CA
46816,7/16/2013,Ice Skating Rink,-114.72,CA
46816,7/17/2013,Von's Groceries,-33.44,CA
46816,7/17/2013,Wine Bar,-54.18,CA
46816,7/18/2013,Seaside Bar,-15.58,CA
46816,7/18/2013,Whole Foods,-92.19,CA
46816,7/18/2013,Fisker Night Club,-36.29,CA
46816,7/19/2013,John's Bar & Restaurant,-64.44,CA
46816,7/19/2013,Bowling,-19.76,CA
46816,7/19/2013,Public Transportation - Train Pass,-32.16,CA
46816,7/19/2013,Owl Night Club,-112.49,CA
46816,7/19/2013,Restaurant - Steakhouse,-118.68,CA
46816,7/20/2013,Lyft,-62.21,CA
46816,7/21/2013,Wine Bar,-36.69,CA
46816,7/21/2013,Restaurant - Chinese,-2.26,CA
46816,7/21/2013,Bowling,-101.85,CA
46816,7/21/2013,Public Transportation - Train Pass,-29.19,CA
46816,7/21/2013,Public Transportation - Bus Pass,-23.04,CA
46816,7/22/2013,Bowling,-27.06,CA
46816,7/23/2013,Fisker Night Club,-11.66,CA
46816,7/23/2013,Ice Skating Rink,-31.37,CA
46816,7/24/2013,Rodriguez's Bar and Grill,-4.36,CA
46816,7/24/2013,Green Flash Brewery,-31.89,CA
46816,7/24/2013,Public Transportation - Train Pass,-18.31,CA
46816,7/24/2013,Ice Skating Rink,-3.51,CA
46816,7/24/2013,Rodriguez's Bar and Grill,-36.39,CA
46816,7/24/2013,John's Bar & Restaurant,-36.27,CA
46816,7/24/2013,Restaurant - Chinese,-7.51,CA
46816,7/24/2013,John's Bar & Restaurant,-12.31,CA
46816,7/24/2013,John's Bar & Restaurant,-28.58,CA
46816,7/24/2013,Ice Skating Rink,-18.21,CA
46816,7/24/2013,Public Transportation - Bus Pass,-50.79,CA
46816,7/24/2013,Seaside Bar,-26.57,CA
46816,7/25/2013,Restaurant - Pizza,-33.14,CA
46816,7/25/2013,Public Transportation - Train Pass,-12.61,CA
46816,7/26/2013,Taxi,-0.04,CA
46816,7/27/2013,Lyft,-96.73,CA
46816,7/27/2013,Bowling,-113.97,CA
46816,7/27/2013,Green Flash Brewery,-20.44,CA
46816,7/27/2013,Ice Skating Rink,-13.94,CA
46816,7/28/2013,John's Bar & Restaurant,-16.38,CA
46816,7/28/2013,Starbucks Coffee,-23.29,CA
46816,7/29/2013,Restaurant - Burgers,-21.71,CA
46816,7/29/2013,Green Flash Brewery,-34.55,CA
46816,7/29/2013,Bowling,-37.24,CA
46816,7/29/2013,Green Flash Brewery,-39.49,CA
46816,7/30/2013,Ice Skating Rink,-24.13,CA
46816,7/30/2013,Fisker Night Club,-10.76,CA
46816,7/30/2013,Concert Ticket,-24.33,CA
46816,8/2/2013,Paycheck,4261,CA
46816,8/2/2013,Housing Rent,-1387,CA
46816,8/2/2013,Navient - Student Loans,-197,CA
46816,8/2/2013,ACS - Student Loans,-135,CA
46816,8/2/2013,Credit Card Payment,-154,CA
46816,8/2/2013,Water & Sewer,-53,CA
46816,8/2/2013,Gas & Electric,-32,CA
46816,8/2/2013,Time Warner Cable,-25,CA
46816,8/2/2013,Von's Groceries,-51.09,CA
46816,8/3/2013,Fisker Night Club,-39.91,CA
46816,8/4/2013,Wine Bar,-9.63,CA
46816,8/4/2013,Fisker Night Club,-26.33,CA
46816,8/5/2013,Uber,-18.98,CA
46816,8/5/2013,Fisker Night Club,-17.79,CA
46816,8/6/2013,John's Bar & Restaurant,-0.94,CA
46816,8/6/2013,Restaurant - Burgers,-118.45,CA
46816,8/7/2013,Rodriguez's Bar and Grill,-45.79,CA
46816,8/7/2013,Sprouts Market,-30.28,CA
46816,8/7/2013,Karaoke Bar,-3.55,CA
46816,8/8/2013,Owl Night Club,-28,CA
46816,8/9/2013,Starbucks Coffee,-3.59,CA
46816,8/9/2013,Restaurant - Steakhouse,-26.31,CA
46816,8/10/2013,Public Transportation - Bus Pass,-10.85,CA
46816,8/10/2013,Seaside Bar,-1.73,CA
46816,8/11/2013,Green Flash Brewery,-32.49,CA
46816,8/12/2013,Fisker Night Club,-14.78,CA
46816,8/12/2013,Bowling,-23.46,CA
46816,8/12/2013,Concert Ticket,-1.16,CA
46816,8/12/2013,Owl Night Club,-19.24,CA
46816,8/12/2013,John's Bar & Restaurant,-19.34,CA
46816,8/12/2013,Restaurant - Pizza,-26.62,CA
46816,8/12/2013,Ice Skating Rink,-11.21,CA
46816,8/13/2013,Green Flash Brewery,-15.81,CA
46816,8/13/2013,Von's Groceries,-19.53,CA
46816,8/13/2013,Bowling,-16.68,CA
46816,8/13/2013,Karaoke Bar,-6.06,CA
46816,8/14/2013,Whole Foods,-0.27,CA
46816,8/14/2013,Von's Groceries,-34.37,CA
46816,8/14/2013,Food Delivery - GrubHub,-113.01,CA
46816,8/15/2013,Restaurant - Pizza,-97.48,CA
46816,8/15/2013,Wine Bar,-34.76,CA
46816,8/15/2013,Bowling,-32.54,CA
46816,8/15/2013,Lyft,-67.38,CA
46816,8/15/2013,John's Bar & Restaurant,-20.85,CA
46816,8/16/2013,Green Flash Brewery,-26.19,CA
46816,8/17/2013,Owl Night Club,-30.97,CA
46816,8/17/2013,John's Bar & Restaurant,-18.43,CA
46816,8/17/2013,John's Bar & Restaurant,-102.53,CA
46816,8/17/2013,Fisker Night Club,-37.85,CA
46816,8/17/2013,Sprouts Market,-16.68,CA
46816,8/18/2013,Green Flash Brewery,-12.36,CA
46816,8/18/2013,Green Flash Brewery,-16.6,CA
46816,8/19/2013,Restaurant - Chinese,-27.32,CA
46816,8/19/2013,Seaside Bar,-91.04,CA
46816,8/19/2013,Rodriguez's Bar and Grill,-30.68,CA
46816,8/19/2013,Seaside Bar,-15.12,CA
46816,8/19/2013,Concert Ticket,-88.26,CA
46816,8/20/2013,Ice Skating Rink,-29.43,CA
46816,8/20/2013,Lyft,-32.19,CA
46816,8/20/2013,Concert Ticket,-15.62,CA
46816,8/20/2013,John's Bar & Restaurant,-33.47,CA
46816,8/21/2013,Owl Night Club,-1.96,CA
46816,8/21/2013,Seaside Bar,-37.17,CA
46816,8/22/2013,Von's Groceries,-12.31,CA
46816,8/23/2013,Public Transportation - Bus Pass,-25.68,CA
46816,8/23/2013,Karaoke Bar,-13.92,CA
46816,8/23/2013,Green Flash Brewery,-27.14,CA
46816,8/23/2013,Fisker Night Club,-49.34,CA
46816,8/24/2013,Green Flash Brewery,-2.38,CA
46816,8/24/2013,Starbucks Coffee,-30.16,CA
46816,8/25/2013,Karaoke Bar,-32.76,CA
46816,8/25/2013,Wine Bar,-34.22,CA
46816,8/25/2013,Green Flash Brewery,-12.35,CA
46816,8/26/2013,Uber,-30.85,CA
46816,8/27/2013,Public Transportation - Bus Pass,-24.91,CA
46816,8/28/2013,Ice Skating Rink,-15.08,CA
46816,8/29/2013,Concert Ticket,-0.54,CA
46816,8/29/2013,Owl Night Club,-118.74,CA
46816,8/30/2013,Owl Night Club,-13.62,CA
46816,8/30/2013,Owl Night Club,-36.28,CA
46816,9/2/2013,Paycheck,4261,CA
46816,9/2/2013,Housing Rent,-1045,CA
46816,9/2/2013,Navient - Student Loans,-197,CA
46816,9/2/2013,ACS - Student Loans,-135,CA
46816,9/2/2013,Credit Card Payment,-154,CA
46816,9/2/2013,Water & Sewer,-53,CA
46816,9/2/2013,Gas & Electric,-32,CA
46816,9/2/2013,Time Warner Cable,-25,CA
46816,9/2/2013,Restaurant - Pizza,-5.52,CA
46816,9/2/2013,Rodriguez's Bar and Grill,-21.24,CA
46816,9/2/2013,Bowling,-29.7,CA
46816,9/3/2013,Rodriguez's Bar and Grill,-39.33,CA
46816,9/3/2013,Bowling,-21.91,CA
46816,9/3/2013,Restaurant - Chinese,-29.23,CA
46816,9/3/2013,Public Transportation - Bus Pass,-23.01,CA
46816,9/3/2013,Concert Ticket,-16.41,CA
46816,9/3/2013,Fisker Night Club,-30.31,CA
46816,9/4/2013,Wine Bar,-83.33,CA
46816,9/4/2013,Ralph's Grocery Store,-11.29,CA
46816,9/4/2013,Seaside Bar,-26.09,CA
46816,9/5/2013,Restaurant - Pizza,-4.9,CA
46816,9/5/2013,Wine Bar,-38.94,CA
46816,9/5/2013,Public Transportation - Train Pass,-13.85,CA
46816,9/5/2013,Restaurant - Chinese,-11.53,CA
46816,9/6/2013,Ice Skating Rink,-9.7,CA
46816,9/7/2013,Restaurant - Burgers,-24.99,CA
46816,9/8/2013,Concert Ticket,-10.98,CA
46816,9/8/2013,Concert Ticket,-46.68,CA
46816,9/8/2013,John's Bar & Restaurant,-26.34,CA
46816,9/9/2013,Uber,-27.42,CA
46816,9/9/2013,Public Transportation - Train Pass,-28.16,CA
46816,9/9/2013,Fisker Night Club,-27.12,CA
46816,9/9/2013,Restaurant - Chinese,-2.47,CA
46816,9/9/2013,Green Flash Brewery,-30.25,CA
46816,9/10/2013,Restaurant - Steakhouse,-42.24,CA
46816,9/10/2013,Public Transportation - Bus Pass,-26.01,CA
46816,9/10/2013,Green Flash Brewery,-11.68,CA
46816,9/10/2013,Public Transportation - Train Pass,-1.35,CA
46816,9/11/2013,Owl Night Club,-26.12,CA
46816,9/11/2013,Concert Ticket,-30.87,CA
46816,9/11/2013,Restaurant - Burgers,-25.99,CA
46816,9/11/2013,Rodriguez's Bar and Grill,-30.81,CA
46816,9/11/2013,Public Transportation - Bus Pass,-15.8,CA
46816,9/11/2013,Restaurant - Pizza,-80.95,CA
46816,9/12/2013,Movie Ticket,-21.91,CA
46816,9/12/2013,Fisker Night Club,-12.57,CA
46816,9/13/2013,Owl Night Club,-21.4,CA
46816,9/13/2013,Restaurant - Burgers,-10.01,CA
46816,9/13/2013,Rodriguez's Bar and Grill,-11.42,CA
46816,9/14/2013,Wine Bar,-29.35,CA
46816,9/15/2013,Uber,-38.33,CA
46816,9/15/2013,Public Transportation - Bus Pass,-57.42,CA
46816,9/16/2013,Taxi,-1.2,CA
46816,9/17/2013,Bowling,-40.57,CA
46816,9/17/2013,Ice Skating Rink,-38.35,CA
46816,9/17/2013,Restaurant - Chinese,-5.51,CA
46816,9/17/2013,Owl Night Club,-0.11,CA
46816,9/17/2013,Starbucks Coffee,-14.26,CA
46816,9/17/2013,Taxi,-28.12,CA
46816,9/17/2013,Movie Ticket,-32.03,CA
46816,9/17/2013,Green Flash Brewery,-1.53,CA
46816,9/17/2013,Bowling,-1.69,CA
46816,9/17/2013,Restaurant - Chinese,-29.3,CA
46816,9/17/2013,John's Bar & Restaurant,-2.17,CA
46816,9/17/2013,Karaoke Bar,-25.85,CA
46816,9/17/2013,Uber,-55.88,CA
46816,9/17/2013,Seaside Bar,-54.77,CA
46816,9/17/2013,Bowling,-34.25,CA
46816,9/17/2013,Ice Skating Rink,-19.22,CA
46816,9/17/2013,Uber,-13.89,CA
46816,9/18/2013,Uber,-37.07,CA
46816,9/18/2013,Seaside Bar,-11.38,CA
46816,9/18/2013,Wine Bar,-6.3,CA
46816,9/18/2013,Uber,-3.57,CA
46816,9/19/2013,Food Delivery - GrubHub,-21.5,CA
46816,9/19/2013,Uber,-16.22,CA
46816,9/19/2013,Bowling,-99.28,CA
46816,9/19/2013,Wine Bar,-117.18,CA
46816,9/20/2013,Restaurant - Pizza,-14.97,CA
46816,9/20/2013,John's Bar & Restaurant,-27.9,CA
46816,9/20/2013,John's Bar & Restaurant,-6.82,CA
46816,9/20/2013,Ice Skating Rink,-0.15,CA
46816,9/21/2013,Karaoke Bar,-13.17,CA
46816,9/22/2013,John's Bar & Restaurant,-5.22,CA
46816,9/22/2013,Fisker Night Club,-24.32,CA
46816,9/23/2013,Public Transportation - Bus Pass,-38.67,CA
46816,9/24/2013,John's Bar & Restaurant,-29.85,CA
46816,9/24/2013,Taxi,-45.84,CA
46816,9/24/2013,Restaurant - Pizza,-13.37,CA
46816,9/24/2013,Movie Ticket,-30.56,CA
46816,9/25/2013,Restaurant - Burgers,-11.57,CA
46816,9/25/2013,Owl Night Club,-3.88,CA
46816,9/26/2013,Whole Foods,-7.92,CA
46816,9/26/2013,Karaoke Bar,-83.64,CA
46816,9/26/2013,Starbucks Coffee,-100.51,CA
46816,9/26/2013,Uber,-19.47,CA
46816,9/27/2013,Fisker Night Club,-10.53,CA
46816,9/28/2013,Karaoke Bar,-20.81,CA
46816,9/29/2013,Public Transportation - Train Pass,-10.57,CA
46816,9/29/2013,Movie Ticket,-5.25,CA
46816,9/30/2013,Rodriguez's Bar and Grill,-7.02,CA
46816,9/30/2013,Public Transportation - Train Pass,-109.53,CA
46816,9/30/2013,Ice Skating Rink,-34.21,CA
46816,9/30/2013,Concert Ticket,-36.29,CA
46816,10/2/2013,Paycheck,4261,CA
46816,10/2/2013,Housing Rent,-1026,CA
46816,10/2/2013,Navient - Student Loans,-197,CA
46816,10/2/2013,ACS - Student Loans,-135,CA
46816,10/2/2013,Credit Card Payment,-154,CA
46816,10/2/2013,Water & Sewer,-53,CA
46816,10/2/2013,Gas & Electric,-32,CA
46816,10/2/2013,Time Warner Cable,-25,CA
46816,10/2/2013,Movie Ticket,-4.55,CA
46816,10/2/2013,Public Transportation - Train Pass,-28,CA
46816,10/2/2013,Uber,-45.82,CA
46816,10/2/2013,Green Flash Brewery,-6.05,CA
46816,10/2/2013,Karaoke Bar,-67.97,CA
46816,10/2/2013,Concert Ticket,-40.78,CA
46816,10/2/2013,Starbucks Coffee,-4.48,CA
46816,10/3/2013,Public Transportation - Bus Pass,-22.07,CA
46816,10/4/2013,Fisker Night Club,-19.26,CA
46816,10/5/2013,Sprouts Market,-36.88,CA
46816,10/5/2013,Public Transportation - Bus Pass,-118.13,CA
46816,10/6/2013,Public Transportation - Train Pass,-14.38,CA
46816,10/6/2013,Sprouts Market,-19.58,CA
46816,10/6/2013,Uber,-115.04,CA
46816,10/7/2013,Starbucks Coffee,-20.32,CA
46816,10/7/2013,Green Flash Brewery,-114.76,CA
46816,10/7/2013,Owl Night Club,-27.24,CA
46816,10/8/2013,Seaside Bar,-3.2,CA
46816,10/8/2013,Sprouts Market,-23.87,CA
46816,10/9/2013,Green Flash Brewery,-34.6,CA
46816,10/9/2013,Seaside Bar,-4.52,CA
46816,10/9/2013,Public Transportation - Bus Pass,-30.4,CA
46816,10/9/2013,Starbucks Coffee,-25.54,CA
46816,10/9/2013,Restaurant - Chinese,-54.89,CA
46816,10/10/2013,Ralph's Grocery Store,-25.74,CA
46816,10/10/2013,Concert Ticket,-14.01,CA
46816,10/10/2013,Karaoke Bar,-35.28,CA
46816,10/10/2013,Ice Skating Rink,-17.01,CA
46816,10/10/2013,Rodriguez's Bar and Grill,-43.49,CA
46816,10/10/2013,Restaurant - Steakhouse,-64.11,CA
46816,10/10/2013,Seaside Bar,-86.47,CA
46816,10/11/2013,Ice Skating Rink,-24.94,CA
46816,10/11/2013,Seaside Bar,-29.43,CA
46816,10/11/2013,Movie Ticket,-21.28,CA
46816,10/12/2013,Rodriguez's Bar and Grill,-30.23,CA
46816,10/13/2013,Restaurant - Burgers,-2.9,CA
46816,10/14/2013,Owl Night Club,-114.02,CA
46816,10/14/2013,Karaoke Bar,-4.31,CA
46816,10/14/2013,Starbucks Coffee,-66.05,CA
46816,10/14/2013,Fisker Night Club,-0.7,CA
46816,10/14/2013,Uber,-17.23,CA
46816,10/14/2013,Restaurant - Chinese,-5.06,CA
46816,10/15/2013,Lyft,-36.69,CA
46816,10/15/2013,Von's Groceries,-11.76,CA
46816,10/15/2013,Starbucks Coffee,-113.49,CA
46816,10/15/2013,Public Transportation - Train Pass,-6.32,CA
46816,10/15/2013,Restaurant - Burgers,-30.77,CA
46816,10/15/2013,Owl Night Club,-13.77,CA
46816,10/15/2013,Sprouts Market,-16.7,CA
46816,10/15/2013,Food Delivery - GrubHub,-19.3,CA
46816,10/15/2013,Fisker Night Club,-39.89,CA
46816,10/15/2013,Green Flash Brewery,-10.05,CA
46816,10/15/2013,Public Transportation - Bus Pass,-45.21,CA
46816,10/15/2013,Ice Skating Rink,-94.18,CA
46816,10/16/2013,Owl Night Club,-111,CA
46816,10/16/2013,Rodriguez's Bar and Grill,-27.16,CA
46816,10/17/2013,Restaurant - Steakhouse,-31.9,CA
46816,10/17/2013,Sprouts Market,-18.37,CA
46816,10/17/2013,Lyft,-2.91,CA
46816,10/17/2013,Public Transportation - Train Pass,-1.49,CA
46816,10/17/2013,Green Flash Brewery,-37.6,CA
46816,10/18/2013,Wine Bar,-104.42,CA
46816,10/18/2013,Bowling,-41.36,CA
46816,10/18/2013,Movie Ticket,-23.64,CA
46816,10/19/2013,Fisker Night Club,-4.92,CA
46816,10/19/2013,Wine Bar,-9.83,CA
46816,10/19/2013,Rodriguez's Bar and Grill,-14.74,CA
46816,10/19/2013,Sprouts Market,-15.24,CA
46816,10/19/2013,Karaoke Bar,-4.22,CA
46816,10/20/2013,Fisker Night Club,-12.83,CA
46816,10/20/2013,Green Flash Brewery,-25,CA
46816,10/21/2013,Movie Ticket,-70.91,CA
46816,10/21/2013,Movie Ticket,-22.71,CA
46816,10/22/2013,Uber,-5.82,CA
46816,10/23/2013,Sprouts Market,-25.32,CA
46816,10/23/2013,Sprouts Market,-26.77,CA
46816,10/23/2013,Food Delivery - GrubHub,-13.9,CA
46816,10/23/2013,Sprouts Market,-20.51,CA
46816,10/23/2013,Lyft,-12.16,CA
46816,10/23/2013,Taxi,-17.8,CA
46816,10/24/2013,Von's Groceries,-21.49,CA
46816,10/25/2013,Concert Ticket,-19.04,CA
46816,10/25/2013,John's Bar & Restaurant,-33.52,CA
46816,10/26/2013,Rodriguez's Bar and Grill,-28.16,CA
46816,10/27/2013,Taxi,-16.92,CA
46816,10/27/2013,Restaurant - Steakhouse,-39.65,CA
46816,10/28/2013,Food Delivery - GrubHub,-47.55,CA
46816,10/28/2013,Uber,-12.99,CA
46816,10/29/2013,Wine Bar,-35.87,CA
46816,10/29/2013,Seaside Bar,-2.16,CA
46816,10/29/2013,Ralph's Grocery Store,-49.24,CA
46816,10/29/2013,Owl Night Club,-2.87,CA
46816,10/30/2013,Bowling,-59.22,CA
46816,10/30/2013,Bowling,-34.58,CA
46816,10/30/2013,John's Bar & Restaurant,-31.13,CA
46816,10/30/2013,Rodriguez's Bar and Grill,-38.75,CA
46816,11/2/2013,Paycheck,4261,CA
46816,11/2/2013,Housing Rent,-1001,CA
46816,11/2/2013,Navient - Student Loans,-197,CA
46816,11/2/2013,ACS - Student Loans,-135,CA
46816,11/2/2013,Credit Card Payment,-154,CA
46816,11/2/2013,Water & Sewer,-53,CA
46816,11/2/2013,Gas & Electric,-32,CA
46816,11/2/2013,Time Warner Cable,-25,CA
46816,11/2/2013,Owl Night Club,-3.16,CA
46816,11/2/2013,Rodriguez's Bar and Grill,-14.1,CA
46816,11/2/2013,Taxi,-34.87,CA
46816,11/3/2013,Lyft,-20.79,CA
46816,11/3/2013,Sprouts Market,-24.25,CA
46816,11/3/2013,Green Flash Brewery,-3.19,CA
46816,11/3/2013,Owl Night Club,-1.35,CA
46816,11/3/2013,Movie Ticket,-36.59,CA
46816,11/4/2013,Uber,-38.74,CA
46816,11/4/2013,Ralph's Grocery Store,-76.84,CA
46816,11/4/2013,John's Bar & Restaurant,-4.02,CA
46816,11/4/2013,Bowling,-17.11,CA
46816,11/5/2013,Green Flash Brewery,-38.61,CA
46816,11/6/2013,Uber,-45.16,CA
46816,11/6/2013,Seaside Bar,-23.21,CA
46816,11/6/2013,Owl Night Club,-1.62,CA
46816,11/6/2013,Green Flash Brewery,-17.44,CA
46816,11/6/2013,Owl Night Club,-19.97,CA
46816,11/6/2013,Von's Groceries,-28.2,CA
46816,11/6/2013,Food Delivery - GrubHub,-32.64,CA
46816,11/7/2013,Wine Bar,-18.02,CA
46816,11/8/2013,Wine Bar,-38.86,CA
46816,11/8/2013,Von's Groceries,-31.04,CA
46816,11/8/2013,Bowling,-3.5,CA
46816,11/9/2013,Lyft,-18.2,CA
46816,11/10/2013,Rodriguez's Bar and Grill,-15.48,CA
46816,11/10/2013,Rodriguez's Bar and Grill,-14.24,CA
46816,11/10/2013,Green Flash Brewery,-22.93,CA
46816,11/11/2013,Wine Bar,-38.72,CA
46816,11/11/2013,Ralph's Grocery Store,-32.78,CA
46816,11/11/2013,Public Transportation - Bus Pass,-10.65,CA
46816,11/12/2013,Ralph's Grocery Store,-8.51,CA
46816,11/12/2013,Restaurant - Chinese,-8.46,CA
46816,11/13/2013,Seaside Bar,-17.26,CA
46816,11/13/2013,Public Transportation - Train Pass,-34,CA
46816,11/13/2013,Karaoke Bar,-16.67,CA
46816,11/13/2013,Fisker Night Club,-97.41,CA
46816,11/13/2013,Movie Ticket,-35.93,CA
46816,11/13/2013,Green Flash Brewery,-37.65,CA
46816,11/14/2013,Public Transportation - Train Pass,-11.14,CA
46816,11/14/2013,Uber,-35.24,CA
46816,11/14/2013,Fisker Night Club,-56.08,CA
46816,11/15/2013,Rodriguez's Bar and Grill,-20.49,CA
46816,11/15/2013,Restaurant - Pizza,-5.97,CA
46816,11/15/2013,Uber,-24.49,CA
46816,11/16/2013,Whole Foods,-15.4,CA
46816,11/16/2013,John's Bar & Restaurant,-1.29,CA
46816,11/17/2013,Movie Ticket,-35.63,CA
46816,11/17/2013,Whole Foods,-37.3,CA
46816,11/17/2013,Owl Night Club,-22.58,CA
46816,11/17/2013,Food Delivery - GrubHub,-33.52,CA
46816,11/17/2013,Movie Ticket,-32.36,CA
46816,11/18/2013,Food Delivery - GrubHub,-1.44,CA
46816,11/19/2013,Fisker Night Club,-25.19,CA
46816,11/20/2013,Von's Groceries,-30.68,CA
46816,11/20/2013,Public Transportation - Bus Pass,-32.06,CA
46816,11/20/2013,Concert Ticket,-18.86,CA
46816,11/21/2013,Public Transportation - Train Pass,-7.58,CA
46816,11/21/2013,Food Delivery - GrubHub,-9.25,CA
46816,11/21/2013,Public Transportation - Train Pass,-11.97,CA
46816,11/21/2013,Taxi,-37.29,CA
46816,11/22/2013,Bowling,-12.53,CA
46816,11/22/2013,Public Transportation - Bus Pass,-31.66,CA
46816,11/22/2013,Bowling,-39.99,CA
46816,11/23/2013,Rodriguez's Bar and Grill,-35.57,CA
46816,11/23/2013,Seaside Bar,-9.29,CA
46816,11/24/2013,Green Flash Brewery,-35.16,CA
46816,11/24/2013,Restaurant - Burgers,-15.79,CA
46816,11/24/2013,Owl Night Club,-22.31,CA
46816,11/24/2013,Owl Night Club,-21.73,CA
46816,11/24/2013,Food Delivery - GrubHub,-25.96,CA
46816,11/24/2013,Sprouts Market,-1.21,CA
46816,11/24/2013,Lyft,-87.11,CA
46816,11/25/2013,Uber,-0.61,CA
46816,11/25/2013,Concert Ticket,-21.6,CA
46816,11/26/2013,Ice Skating Rink,-18.55,CA
46816,11/26/2013,Movie Ticket,-3.95,CA
46816,11/26/2013,Bowling,-4.01,CA
46816,11/27/2013,John's Bar & Restaurant,-25.57,CA
46816,11/27/2013,Taxi,-17.35,CA
46816,11/28/2013,Owl Night Club,-2.88,CA
46816,11/29/2013,Concert Ticket,-12.46,CA
46816,11/29/2013,Restaurant - Pizza,-30.98,CA
46816,11/29/2013,Starbucks Coffee,-34.7,CA
46816,11/29/2013,John's Bar & Restaurant,-21.66,CA
46816,11/29/2013,Fisker Night Club,-13.53,CA
46816,11/29/2013,Karaoke Bar,-28.77,CA
46816,11/29/2013,John's Bar & Restaurant,-119.63,CA
46816,11/29/2013,Green Flash Brewery,-27.52,CA
46816,11/29/2013,Ice Skating Rink,-26.15,CA
46816,11/29/2013,Public Transportation - Bus Pass,-13.97,CA
46816,11/29/2013,Karaoke Bar,-37.43,CA
46816,11/29/2013,Restaurant - Chinese,-12.44,CA
46816,11/29/2013,Wine Bar,-38.58,CA
46816,11/30/2013,Green Flash Brewery,-2.02,CA
46816,11/30/2013,Restaurant - Steakhouse,-11.22,CA
46816,11/30/2013,Restaurant - Steakhouse,-32.83,CA
46816,11/30/2013,Taxi,-24.6,CA
46816,11/30/2013,Ice Skating Rink,-20.26,CA
46816,12/2/2013,Paycheck,4261,CA
46816,12/2/2013,Housing Rent,-794,CA
46816,12/2/2013,Navient - Student Loans,-197,CA
46816,12/2/2013,ACS - Student Loans,-135,CA
46816,12/2/2013,Credit Card Payment,-154,CA
46816,12/2/2013,Water & Sewer,-53,CA
46816,12/2/2013,Gas & Electric,-32,CA
46816,12/2/2013,Time Warner Cable,-25,CA
46816,12/2/2013,Taxi,-9.47,CA
46816,12/2/2013,John's Bar & Restaurant,-37.61,CA
46816,12/2/2013,Restaurant - Chinese,-25.04,CA
46816,12/2/2013,Movie Ticket,-3,CA
46816,12/2/2013,Fisker Night Club,-28.34,CA
46816,12/3/2013,Seaside Bar,-101.18,CA
46816,12/3/2013,Ice Skating Rink,-1.69,CA
46816,12/3/2013,Owl Night Club,-16.18,CA
46816,12/3/2013,Ice Skating Rink,-5,CA
46816,12/3/2013,Public Transportation - Train Pass,-22.04,CA
46816,12/3/2013,Restaurant - Steakhouse,-111.68,CA
46816,12/3/2013,Wine Bar,-7.16,CA
46816,12/4/2013,Taxi,-29.68,CA
46816,12/4/2013,Wine Bar,-3.53,CA
46816,12/5/2013,John's Bar & Restaurant,-15.08,CA
46816,12/5/2013,Starbucks Coffee,-3.66,CA
46816,12/6/2013,Owl Night Club,-29.28,CA
46816,12/6/2013,Starbucks Coffee,-0.51,CA
46816,12/6/2013,Owl Night Club,-7.95,CA
46816,12/7/2013,Green Flash Brewery,-21.28,CA
46816,12/7/2013,Public Transportation - Bus Pass,-5.7,CA
46816,12/7/2013,Restaurant - Burgers,-19.82,CA
46816,12/7/2013,Lyft,-29.66,CA
46816,12/8/2013,Karaoke Bar,-11.65,CA
46816,12/8/2013,Public Transportation - Bus Pass,-0.15,CA
46816,12/8/2013,Seaside Bar,-27.77,CA
46816,12/8/2013,Wine Bar,-20.71,CA
46816,12/9/2013,Movie Ticket,-22.58,CA
46816,12/9/2013,Whole Foods,-11.42,CA
46816,12/9/2013,Movie Ticket,-32.47,CA
46816,12/10/2013,Uber,-0.72,CA
46816,12/10/2013,Seaside Bar,-22.1,CA
46816,12/11/2013,Restaurant - Chinese,-18.6,CA
46816,12/11/2013,Wine Bar,-7.68,CA
46816,12/11/2013,Ice Skating Rink,-2.38,CA
46816,12/11/2013,Fisker Night Club,-15.27,CA
46816,12/11/2013,Sprouts Market,-30.83,CA
46816,12/12/2013,Wine Bar,-27.93,CA
46816,12/13/2013,Green Flash Brewery,-34,CA
46816,12/13/2013,Restaurant - Chinese,-42.61,CA
46816,12/14/2013,Fisker Night Club,-67.06,CA
46816,12/14/2013,Taxi,-30.33,CA
46816,12/14/2013,Food Delivery - GrubHub,-101.61,CA
46816,12/14/2013,Rodriguez's Bar and Grill,-18.19,CA
46816,12/14/2013,Public Transportation - Bus Pass,-0.94,CA
46816,12/15/2013,John's Bar & Restaurant,-34.1,CA
46816,12/15/2013,Ralph's Grocery Store,-17.37,CA
46816,12/16/2013,Taxi,-62.91,CA
46816,12/16/2013,Von's Groceries,-35.62,CA
46816,12/16/2013,Movie Ticket,-108.17,CA
46816,12/16/2013,Green Flash Brewery,-32.15,CA
46816,12/17/2013,Rodriguez's Bar and Grill,-7.32,CA
46816,12/17/2013,Seaside Bar,-68.94,CA
46816,12/18/2013,Fisker Night Club,-17.34,CA
46816,12/18/2013,Movie Ticket,-26.97,CA
46816,12/18/2013,Owl Night Club,-27.18,CA
46816,12/18/2013,Movie Ticket,-13.01,CA
46816,12/18/2013,Whole Foods,-21.19,CA
46816,12/18/2013,Karaoke Bar,-15.68,CA
46816,12/18/2013,Taxi,-18.9,CA
46816,12/18/2013,Owl Night Club,-12.47,CA
46816,12/18/2013,Movie Ticket,-27.25,CA
46816,12/18/2013,Public Transportation - Bus Pass,-10.97,CA
46816,12/19/2013,Lyft,-1.42,CA
46816,12/20/2013,Concert Ticket,-22.83,CA
46816,12/20/2013,Taxi,-28.96,CA
46816,12/20/2013,Karaoke Bar,-17.73,CA
46816,12/20/2013,Movie Ticket,-5.57,CA
46816,12/20/2013,Taxi,-18.96,CA
46816,12/21/2013,Owl Night Club,-29.26,CA
46816,12/22/2013,Concert Ticket,-16.37,CA
46816,12/22/2013,Wine Bar,-21.18,CA
46816,12/23/2013,John's Bar & Restaurant,-12.61,CA
46816,12/24/2013,Seaside Bar,-27.3,CA
46816,12/25/2013,Movie Ticket,-30.14,CA
46816,12/25/2013,Rodriguez's Bar and Grill,-14.38,CA
46816,12/25/2013,Movie Ticket,-88.13,CA
46816,12/25/2013,Restaurant - Steakhouse,-34.54,CA
46816,12/25/2013,Green Flash Brewery,-17.4,CA
46816,12/25/2013,Sprouts Market,-86.73,CA
46816,12/26/2013,Uber,-74.52,CA
46816,12/27/2013,Fisker Night Club,-28.18,CA
46816,12/27/2013,Movie Ticket,-27.24,CA
46816,12/27/2013,Wine Bar,-7.22,CA
46816,12/27/2013,Restaurant - Chinese,-33.18,CA
46816,12/27/2013,Fisker Night Club,-14.37,CA
46816,12/27/2013,Von's Groceries,-10.49,CA
46816,12/27/2013,Bowling,-18.83,CA
46816,12/28/2013,Lyft,-79.76,CA
46816,12/29/2013,Uber,-31.99,CA
46816,12/29/2013,Whole Foods,-39.41,CA
46816,12/29/2013,Ice Skating Rink,-2.1,CA
46816,12/29/2013,Von's Groceries,-27.14,CA
46816,12/29/2013,Von's Groceries,-101.88,CA
46816,12/29/2013,Uber,-65.83,CA
46816,12/29/2013,Movie Ticket,-24.98,CA
46816,12/29/2013,Restaurant - Steakhouse,-29.85,CA
46816,12/30/2013,Sprouts Market,-20.12,CA
46816,12/32/2013,Owl Night Club,-52.45,CA
46816,1/2/2014,Owl Night Club,-15.56,CA
46816,1/2/2014,Lyft,-77.59,CA
46816,1/2/2014,Food Delivery - GrubHub,-37.83,CA
46816,1/2/2014,Restaurant - Pizza,-37.19,CA
46816,1/3/2014,Wine Bar,-22.61,CA
46816,1/3/2014,Lyft,-22.12,CA
46816,1/3/2014,Sprouts Market,-62.9,CA
46816,1/3/2014,Seaside Bar,-79.7,CA
46816,1/3/2014,Uber,-5.71,CA
46816,1/4/2014,Ralph's Grocery Store,-30.26,CA
46816,1/4/2014,Movie Ticket,-13.53,CA
46816,1/5/2014,Ice Skating Rink,-117.59,CA
46816,1/5/2014,Bowling,-2.03,CA
46816,1/6/2014,Wine Bar,-4.08,CA
46816,1/6/2014,Owl Night Club,-3.31,CA
46816,1/6/2014,Restaurant - Burgers,-6.39,CA
46816,1/6/2014,Fisker Night Club,-14.03,CA
46816,1/7/2014,Uber,-99.26,CA
46816,1/7/2014,Concert Ticket,-16.68,CA
46816,1/7/2014,Seaside Bar,-23.51,CA
46816,1/7/2014,Fisker Night Club,-7.16,CA
46816,1/8/2014,Taxi,-16.62,CA
46816,1/8/2014,Owl Night Club,-6.71,CA
46816,1/9/2014,Public Transportation - Train Pass,-38.97,CA
46816,1/9/2014,Restaurant - Pizza,-9.73,CA
46816,1/9/2014,Ralph's Grocery Store,-16.54,CA
46816,1/10/2014,Concert Ticket,-11.03,CA
46816,1/10/2014,Wine Bar,-60.6,CA
46816,1/11/2014,Public Transportation - Bus Pass,-95.47,CA
46816,1/11/2014,Taxi,-23.12,CA
46816,1/11/2014,Whole Foods,-38.53,CA
46816,1/11/2014,Restaurant - Burgers,-13.04,CA
46816,1/12/2014,Seaside Bar,-33.04,CA
46816,1/12/2014,Whole Foods,-115.75,CA
46816,1/12/2014,Concert Ticket,-0.68,CA
46816,1/12/2014,Restaurant - Steakhouse,-23.46,CA
46816,1/12/2014,Karaoke Bar,-10.87,CA
46816,1/12/2014,Karaoke Bar,-23.53,CA
46816,1/12/2014,Bowling,-12.33,CA
46816,1/12/2014,Green Flash Brewery,-15.46,CA
46816,1/12/2014,Wine Bar,-34.33,CA
46816,1/13/2014,Fisker Night Club,-3.09,CA
46816,1/13/2014,Uber,-4.83,CA
46816,1/13/2014,Seaside Bar,-91.86,CA
46816,1/13/2014,Whole Foods,-8.68,CA
46816,1/14/2014,Owl Night Club,-91.52,CA
46816,1/14/2014,Taxi,-52.34,CA
46816,1/14/2014,Lyft,-28.9,CA
46816,1/14/2014,Concert Ticket,-1.1,CA
46816,1/14/2014,Concert Ticket,-91.16,CA
46816,1/15/2014,Movie Ticket,-89.4,CA
46816,1/15/2014,Whole Foods,-18.71,CA
46816,1/16/2014,Seaside Bar,-24.43,CA
46816,1/16/2014,Lyft,-1,CA
46816,1/17/2014,Ice Skating Rink,-12.22,CA
46816,1/17/2014,Movie Ticket,-3.37,CA
46816,1/18/2014,Seaside Bar,-33.46,CA
46816,1/18/2014,Restaurant - Pizza,-1.84,CA
46816,1/18/2014,Von's Groceries,-19.92,CA
46816,1/19/2014,Restaurant - Chinese,-2.38,CA
46816,1/19/2014,Restaurant - Steakhouse,-89.05,CA
46816,1/19/2014,Ice Skating Rink,-33.99,CA
46816,1/20/2014,Ice Skating Rink,-27.62,CA
46816,1/21/2014,Ice Skating Rink,-11.68,CA
46816,1/21/2014,Ice Skating Rink,-7.66,CA
46816,1/21/2014,Seaside Bar,-32.44,CA
46816,1/21/2014,Rodriguez's Bar and Grill,-32.79,CA
46816,1/21/2014,Concert Ticket,-7.79,CA
46816,1/21/2014,Public Transportation - Bus Pass,-39.92,CA
46816,1/21/2014,Lyft,-22.09,CA
46816,1/22/2014,Wine Bar,-16.92,CA
46816,1/22/2014,Ice Skating Rink,-11.76,CA
46816,1/23/2014,Bowling,-24.67,CA
46816,1/23/2014,Rodriguez's Bar and Grill,-9.68,CA
46816,1/24/2014,Movie Ticket,-25.37,CA
46816,1/24/2014,John's Bar & Restaurant,-37.69,CA
46816,1/24/2014,Movie Ticket,-107.93,CA
46816,1/24/2014,Public Transportation - Train Pass,-5.81,CA
46816,1/25/2014,Restaurant - Steakhouse,-117.5,CA
46816,1/25/2014,Lyft,-24.55,CA
46816,1/26/2014,Wine Bar,-11.29,CA
46816,1/26/2014,Public Transportation - Bus Pass,-26.9,CA
46816,1/26/2014,Whole Foods,-8.37,CA
46816,1/26/2014,Restaurant - Steakhouse,-14.65,CA
46816,1/26/2014,Uber,-29.78,CA
46816,1/27/2014,Karaoke Bar,-7.3,CA
46816,1/28/2014,Movie Ticket,-41.74,CA
46816,1/29/2014,Uber,-23.2,CA
46816,1/29/2014,Food Delivery - GrubHub,-3.83,CA
46816,1/29/2014,Wine Bar,-73.64,CA
46816,1/29/2014,Lyft,-7.98,CA
46816,1/30/2014,Starbucks Coffee,-5.66,CA
46816,3/2/2014,Paycheck,4261,CA
46816,3/2/2014,Housing Rent,-1381,CA
46816,3/2/2014,Navient - Student Loans,-197,CA
46816,3/2/2014,ACS - Student Loans,-135,CA
46816,3/2/2014,Credit Card Payment,-154,CA
46816,3/2/2014,Water & Sewer,-53,CA
46816,3/2/2014,Gas & Electric,-32,CA
46816,3/2/2014,Time Warner Cable,-25,CA
46816,3/2/2014,Food Delivery - GrubHub,-87.35,CA
46816,3/2/2014,Concert Ticket,-38.83,CA
46816,3/3/2014,Von's Groceries,-39.46,CA
46816,3/3/2014,Fisker Night Club,-95.77,CA
46816,3/4/2014,John's Bar & Restaurant,-38.77,CA
46816,3/4/2014,Movie Ticket,-11.06,CA
46816,3/4/2014,Karaoke Bar,-31.17,CA
46816,3/5/2014,Lyft,-10.63,CA
46816,3/5/2014,Food Delivery - GrubHub,-10.91,CA
46816,3/5/2014,Wine Bar,-95.5,CA
46816,3/6/2014,Owl Night Club,-32.88,CA
46816,3/7/2014,Ice Skating Rink,-107.19,CA
46816,3/7/2014,Public Transportation - Bus Pass,-5.16,CA
46816,3/8/2014,Bowling,-99.42,CA
46816,3/9/2014,Karaoke Bar,-2.57,CA
46816,3/9/2014,Seaside Bar,-9.02,CA
46816,3/9/2014,Sprouts Market,-34.77,CA
46816,3/10/2014,Movie Ticket,-4.81,CA
46816,3/11/2014,Rodriguez's Bar and Grill,-25.63,CA
46816,3/11/2014,Uber,-8.36,CA
46816,3/11/2014,Movie Ticket,-31.68,CA
46816,3/11/2014,Lyft,-31.84,CA
46816,3/12/2014,Uber,-22.6,CA
46816,3/12/2014,Green Flash Brewery,-6.21,CA
46816,3/12/2014,Concert Ticket,-12.04,CA
46816,3/12/2014,Bowling,-1.56,CA
46816,3/13/2014,Owl Night Club,-27.77,CA
46816,3/14/2014,Lyft,-64.76,CA
46816,3/14/2014,Restaurant - Steakhouse,-28.39,CA
46816,3/14/2014,Seaside Bar,-14.86,CA
46816,3/15/2014,Von's Groceries,-19.79,CA
46816,3/15/2014,Sprouts Market,-48.89,CA
46816,3/15/2014,Concert Ticket,-19.16,CA
46816,3/15/2014,Green Flash Brewery,-17.65,CA
46816,3/15/2014,Wine Bar,-18.45,CA
46816,3/15/2014,Karaoke Bar,-26.34,CA
46816,3/15/2014,Green Flash Brewery,-6.79,CA
46816,3/15/2014,Public Transportation - Train Pass,-39.9,CA
46816,3/16/2014,Owl Night Club,-6.68,CA
46816,3/17/2014,Ice Skating Rink,-87.57,CA
46816,3/17/2014,Owl Night Club,-11.47,CA
46816,3/17/2014,Lyft,-25.71,CA
46816,3/17/2014,Ice Skating Rink,-30.92,CA
46816,3/17/2014,Movie Ticket,-87.23,CA
46816,3/17/2014,Green Flash Brewery,-7.14,CA
46816,3/18/2014,Restaurant - Burgers,-21.32,CA
46816,3/19/2014,Green Flash Brewery,-34.15,CA
46816,3/19/2014,Von's Groceries,-40.98,CA
46816,3/20/2014,Bowling,-119.47,CA
46816,3/20/2014,Bowling,-27.28,CA
46816,3/20/2014,Restaurant - Pizza,-4.22,CA
46816,3/21/2014,Taxi,-2.21,CA
46816,3/22/2014,Bowling,-38.19,CA
46816,3/22/2014,Karaoke Bar,-81.02,CA
46816,3/22/2014,Ralph's Grocery Store,-56.41,CA
46816,3/22/2014,Ice Skating Rink,-55.4,CA
46816,3/22/2014,Movie Ticket,-0.31,CA
46816,3/22/2014,Wine Bar,-42.58,CA
46816,3/23/2014,Karaoke Bar,-117.18,CA
46816,3/24/2014,Restaurant - Steakhouse,-11.23,CA
46816,3/24/2014,Public Transportation - Bus Pass,-12.61,CA
46816,3/24/2014,Public Transportation - Bus Pass,-25.75,CA
46816,3/24/2014,John's Bar & Restaurant,-1.54,CA
46816,3/25/2014,Wine Bar,-36.33,CA
46816,3/25/2014,Fisker Night Club,-31.39,CA
46816,3/25/2014,Concert Ticket,-17.92,CA
46816,3/25/2014,Rodriguez's Bar and Grill,-7.55,CA
46816,3/25/2014,Bowling,-111.42,CA
46816,3/26/2014,Von's Groceries,-18.83,CA
46816,3/26/2014,Von's Groceries,-114.17,CA
46816,3/27/2014,Karaoke Bar,-59.9,CA
46816,3/27/2014,Taxi,-33.13,CA
46816,3/27/2014,Lyft,-30.83,CA
46816,3/27/2014,Seaside Bar,-13.09,CA
46816,3/27/2014,Karaoke Bar,-35.54,CA
46816,3/27/2014,Rodriguez's Bar and Grill,-79.94,CA
46816,3/28/2014,Movie Ticket,-2.86,CA
46816,3/29/2014,Owl Night Club,-17.35,CA
46816,3/30/2014,Rodriguez's Bar and Grill,-34.62,CA
46816,3/30/2014,Concert Ticket,-17.1,CA
46816,3/30/2014,Taxi,-5.33,CA
46816,3/30/2014,Lyft,-16.07,CA
46816,3/30/2014,Restaurant - Chinese,-23.13,CA
46816,3/30/2014,Rodriguez's Bar and Grill,-37.1,CA
46816,4/2/2014,Paycheck,4261,CA
46816,4/2/2014,Housing Rent,-859,CA
46816,4/2/2014,Navient - Student Loans,-197,CA
46816,4/2/2014,ACS - Student Loans,-135,CA
46816,4/2/2014,Credit Card Payment,-154,CA
46816,4/2/2014,Water & Sewer,-53,CA
46816,4/2/2014,Gas & Electric,-32,CA
46816,4/2/2014,Time Warner Cable,-25,CA
46816,4/2/2014,John's Bar & Restaurant,-35.9,CA
46816,4/2/2014,Restaurant - Burgers,-29.81,CA
46816,4/3/2014,Movie Ticket,-25.43,CA
46816,4/3/2014,Green Flash Brewery,-19.03,CA
46816,4/3/2014,Public Transportation - Bus Pass,-31.49,CA
46816,4/3/2014,John's Bar & Restaurant,-6.19,CA
46816,4/3/2014,Rodriguez's Bar and Grill,-13.56,CA
46816,4/4/2014,Ralph's Grocery Store,-16.16,CA
46816,4/4/2014,John's Bar & Restaurant,-14.18,CA
46816,4/4/2014,Fisker Night Club,-12.75,CA
46816,4/4/2014,Lyft,-20.84,CA
46816,4/5/2014,Bowling,-32.97,CA
46816,4/5/2014,Public Transportation - Train Pass,-4.54,CA
46816,4/5/2014,Public Transportation - Train Pass,-23.15,CA
46816,4/5/2014,Uber,-13.38,CA
46816,4/5/2014,Uber,-24.36,CA
46816,4/6/2014,Concert Ticket,-9.05,CA
46816,4/6/2014,Karaoke Bar,-11.78,CA
46816,4/6/2014,Lyft,-27.73,CA
46816,4/6/2014,Rodriguez's Bar and Grill,-48.36,CA
46816,4/6/2014,Green Flash Brewery,-20.44,CA
46816,4/6/2014,Starbucks Coffee,-17.47,CA
46816,4/7/2014,Green Flash Brewery,-0.23,CA
46816,4/8/2014,Bowling,-34.51,CA
46816,4/9/2014,Movie Ticket,-5.08,CA
46816,4/9/2014,Public Transportation - Bus Pass,-49.45,CA
46816,4/9/2014,Bowling,-3.8,CA
46816,4/9/2014,Ice Skating Rink,-40.27,CA
46816,4/9/2014,Karaoke Bar,-84.58,CA
46816,4/9/2014,Seaside Bar,-32.16,CA
46816,4/10/2014,Food Delivery - GrubHub,-16.04,CA
46816,4/10/2014,Seaside Bar,-61.17,CA
46816,4/10/2014,Movie Ticket,-35.57,CA
46816,4/10/2014,Green Flash Brewery,-33.24,CA
46816,4/10/2014,Green Flash Brewery,-25.8,CA
46816,4/10/2014,Green Flash Brewery,-34.32,CA
46816,4/11/2014,Whole Foods,-22.57,CA
46816,4/12/2014,Food Delivery - GrubHub,-36.78,CA
46816,4/12/2014,Restaurant - Pizza,-25.61,CA
46816,4/13/2014,Whole Foods,-32.13,CA
46816,4/14/2014,Karaoke Bar,-45.91,CA
46816,4/15/2014,Rodriguez's Bar and Grill,-2.59,CA
46816,4/15/2014,Uber,-12.02,CA
46816,4/16/2014,Movie Ticket,-4.99,CA
46816,4/16/2014,Uber,-13.39,CA
46816,4/16/2014,Karaoke Bar,-10.56,CA
46816,4/17/2014,Seaside Bar,-9.59,CA
46816,4/18/2014,Uber,-13.82,CA
46816,4/18/2014,Green Flash Brewery,-32.68,CA
46816,4/19/2014,Karaoke Bar,-26.95,CA
46816,4/20/2014,Bowling,-16.88,CA
46816,4/21/2014,Seaside Bar,-80.93,CA
46816,4/22/2014,Ralph's Grocery Store,-57.62,CA
46816,4/22/2014,Seaside Bar,-3.83,CA
46816,4/22/2014,Rodriguez's Bar and Grill,-54.03,CA
46816,4/23/2014,Ralph's Grocery Store,-30.46,CA
46816,4/23/2014,Green Flash Brewery,-24.69,CA
46816,4/23/2014,Karaoke Bar,-35.24,CA
46816,4/23/2014,Wine Bar,-81.25,CA
46816,4/23/2014,Green Flash Brewery,-37.31,CA
46816,4/24/2014,Bowling,-7.25,CA
46816,4/24/2014,Bowling,-26.73,CA
46816,4/24/2014,Concert Ticket,-52.28,CA
46816,4/24/2014,Wine Bar,-5.38,CA
46816,4/24/2014,Uber,-46.94,CA
46816,4/25/2014,Von's Groceries,-28.02,CA
46816,4/26/2014,Restaurant - Burgers,-18.06,CA
46816,4/26/2014,Green Flash Brewery,-38.01,CA
46816,4/26/2014,Ice Skating Rink,-26.78,CA
46816,4/26/2014,Rodriguez's Bar and Grill,-33.5,CA
46816,4/26/2014,Ice Skating Rink,-25.39,CA
46816,4/26/2014,Taxi,-63.68,CA
46816,4/26/2014,Restaurant - Steakhouse,-94.72,CA
46816,4/27/2014,Lyft,-12.99,CA
46816,4/27/2014,Sprouts Market,-94.83,CA
46816,4/28/2014,Uber,-33.48,CA
46816,4/29/2014,Restaurant - Pizza,-9.21,CA
46816,4/29/2014,Restaurant - Steakhouse,-26.56,CA
46816,4/30/2014,Fisker Night Club,-32.28,CA
46816,4/30/2014,Restaurant - Steakhouse,-26.11,CA
46816,5/2/2014,Paycheck,4261,CA
46816,5/2/2014,Housing Rent,-1052,CA
46816,5/2/2014,Navient - Student Loans,-197,CA
46816,5/2/2014,ACS - Student Loans,-135,CA
46816,5/2/2014,Credit Card Payment,-154,CA
46816,5/2/2014,Water & Sewer,-53,CA
46816,5/2/2014,Gas & Electric,-32,CA
46816,5/2/2014,Time Warner Cable,-25,CA
46816,5/2/2014,John's Bar & Restaurant,-36.59,CA
46816,5/2/2014,Fisker Night Club,-0.67,CA
46816,5/3/2014,Karaoke Bar,-107.6,CA
46816,5/3/2014,Rodriguez's Bar and Grill,-27.49,CA
46816,5/4/2014,Taxi,-30.2,CA
46816,5/4/2014,Rodriguez's Bar and Grill,-33.25,CA
46816,5/4/2014,Owl Night Club,-25.05,CA
46816,5/5/2014,Ralph's Grocery Store,-39.25,CA
46816,5/5/2014,Food Delivery - GrubHub,-19.47,CA
46816,5/6/2014,Karaoke Bar,-9.84,CA
46816,5/6/2014,Karaoke Bar,-27.74,CA
46816,5/7/2014,Public Transportation - Bus Pass,-8.71,CA
46816,5/8/2014,Seaside Bar,-23.78,CA
46816,5/8/2014,Fisker Night Club,-33.17,CA
46816,5/8/2014,Owl Night Club,-41.69,CA
46816,5/8/2014,Uber,-18.1,CA
46816,5/9/2014,Public Transportation - Train Pass,-12,CA
46816,5/10/2014,Karaoke Bar,-9.55,CA
46816,5/11/2014,Whole Foods,-6.05,CA
46816,5/11/2014,Taxi,-39.76,CA
46816,5/11/2014,Public Transportation - Train Pass,-10.03,CA
46816,5/11/2014,Taxi,-14.4,CA
46816,5/11/2014,Ice Skating Rink,-23.41,CA
46816,5/12/2014,John's Bar & Restaurant,-66.66,CA
46816,5/13/2014,Starbucks Coffee,-27.86,CA
46816,5/13/2014,Public Transportation - Bus Pass,-12.64,CA
46816,5/13/2014,Rodriguez's Bar and Grill,-5.49,CA
46816,5/13/2014,Restaurant - Steakhouse,-31.05,CA
46816,5/14/2014,Owl Night Club,-23.58,CA
46816,5/14/2014,Concert Ticket,-2.6,CA
46816,5/14/2014,Restaurant - Burgers,-29.4,CA
46816,5/14/2014,Public Transportation - Train Pass,-16.39,CA
46816,5/15/2014,Restaurant - Chinese,-30.09,CA
46816,5/15/2014,Bowling,-7.45,CA
46816,5/15/2014,Rodriguez's Bar and Grill,-22.35,CA
46816,5/16/2014,Taxi,-17.38,CA
46816,5/16/2014,Movie Ticket,-31.41,CA
46816,5/16/2014,Restaurant - Steakhouse,-32.39,CA
46816,5/17/2014,Fisker Night Club,-28.43,CA
46816,5/17/2014,Taxi,-90.95,CA
46816,5/17/2014,Karaoke Bar,-10.35,CA
46816,5/17/2014,Public Transportation - Bus Pass,-4.08,CA
46816,5/18/2014,Ralph's Grocery Store,-62.46,CA
46816,5/18/2014,John's Bar & Restaurant,-33.59,CA
46816,5/18/2014,Ice Skating Rink,-5.64,CA
46816,5/18/2014,Karaoke Bar,-36.61,CA
46816,5/18/2014,Taxi,-13.31,CA
46816,5/18/2014,Rodriguez's Bar and Grill,-37.42,CA
46816,5/19/2014,Uber,-21.33,CA
46816,5/19/2014,Owl Night Club,-39.69,CA
46816,5/20/2014,Movie Ticket,-0.38,CA
46816,5/20/2014,Bowling,-22.93,CA
46816,5/20/2014,Rodriguez's Bar and Grill,-32.18,CA
46816,5/20/2014,Concert Ticket,-23.94,CA
46816,5/20/2014,Food Delivery - GrubHub,-21.88,CA
46816,5/20/2014,Fisker Night Club,-24.7,CA
46816,5/21/2014,Restaurant - Pizza,-69.79,CA
46816,5/21/2014,Public Transportation - Train Pass,-7.59,CA
46816,5/21/2014,Taxi,-36.11,CA
46816,5/21/2014,Public Transportation - Train Pass,-27.64,CA
46816,5/21/2014,Von's Groceries,-36.5,CA
46816,5/21/2014,John's Bar & Restaurant,-18.08,CA
46816,5/21/2014,Whole Foods,-28.68,CA
46816,5/21/2014,Karaoke Bar,-104.06,CA
46816,5/21/2014,Karaoke Bar,-26.62,CA
46816,5/21/2014,Green Flash Brewery,-19.94,CA
46816,5/21/2014,Fisker Night Club,-30.67,CA
46816,5/22/2014,Owl Night Club,-11.27,CA
46816,5/22/2014,Concert Ticket,-23.64,CA
46816,5/23/2014,Ralph's Grocery Store,-1.07,CA
46816,5/23/2014,Bowling,-3.21,CA
46816,5/24/2014,Sprouts Market,-8.45,CA
46816,5/25/2014,Green Flash Brewery,-22.29,CA
46816,5/25/2014,John's Bar & Restaurant,-37.22,CA
46816,5/26/2014,Movie Ticket,-9.66,CA
46816,5/27/2014,Bowling,-14.97,CA
46816,5/28/2014,Movie Ticket,-89.01,CA
46816,5/29/2014,Bowling,-27.75,CA
46816,5/29/2014,Starbucks Coffee,-18.56,CA
46816,5/29/2014,Green Flash Brewery,-33.56,CA
46816,5/29/2014,Uber,-14.36,CA
46816,5/29/2014,Bowling,-32.42,CA
46816,5/30/2014,Ralph's Grocery Store,-38.66,CA
46816,5/30/2014,Uber,-0.53,CA
46816,5/30/2014,Lyft,-13.3,CA
46816,5/30/2014,Uber,-5.41,CA
46816,6/2/2014,Paycheck,4261,CA
46816,6/2/2014,Housing Rent,-834,CA
46816,6/2/2014,Navient - Student Loans,-197,CA
46816,6/2/2014,ACS - Student Loans,-135,CA
46816,6/2/2014,Credit Card Payment,-154,CA
46816,6/2/2014,Water & Sewer,-53,CA
46816,6/2/2014,Gas & Electric,-32,CA
46816,6/2/2014,Time Warner Cable,-25,CA
46816,6/2/2014,John's Bar & Restaurant,-2.17,CA
46816,6/3/2014,Uber,-13.1,CA
46816,6/3/2014,Ice Skating Rink,-72.01,CA
46816,6/3/2014,Restaurant - Pizza,-116.66,CA
46816,6/4/2014,Von's Groceries,-14.53,CA
46816,6/5/2014,Fisker Night Club,-10.86,CA
46816,6/5/2014,Von's Groceries,-16.09,CA
46816,6/5/2014,Seaside Bar,-9.52,CA
46816,6/5/2014,Food Delivery - GrubHub,-2.29,CA
46816,6/6/2014,Karaoke Bar,-1.91,CA
46816,6/6/2014,Green Flash Brewery,-37,CA
46816,6/6/2014,Fisker Night Club,-39.36,CA
46816,6/6/2014,Green Flash Brewery,-22.12,CA
46816,6/6/2014,Fisker Night Club,-21.46,CA
46816,6/6/2014,Wine Bar,-26.41,CA
46816,6/6/2014,Restaurant - Chinese,-33.12,CA
46816,6/6/2014,John's Bar & Restaurant,-36.94,CA
46816,6/6/2014,Movie Ticket,-23.84,CA
46816,6/7/2014,Wine Bar,-3.94,CA
46816,6/7/2014,Seaside Bar,-8.72,CA
46816,6/7/2014,Restaurant - Steakhouse,-14.88,CA
46816,6/8/2014,Whole Foods,-69.73,CA
46816,6/8/2014,Restaurant - Steakhouse,-45.5,CA
46816,6/8/2014,Seaside Bar,-4.55,CA
46816,6/8/2014,Green Flash Brewery,-35.52,CA
46816,6/9/2014,Wine Bar,-35,CA
46816,6/10/2014,Ice Skating Rink,-10.82,CA
46816,6/11/2014,Lyft,-5.66,CA
46816,6/11/2014,Public Transportation - Bus Pass,-12.85,CA
46816,6/11/2014,Rodriguez's Bar and Grill,-39.7,CA
46816,6/11/2014,Restaurant - Burgers,-33.01,CA
46816,6/11/2014,Restaurant - Steakhouse,-17.66,CA
46816,6/12/2014,Concert Ticket,-15.88,CA
46816,6/12/2014,Wine Bar,-26.4,CA
46816,6/12/2014,Whole Foods,-2.07,CA
46816,6/12/2014,Green Flash Brewery,-25.32,CA
46816,6/12/2014,Taxi,-3.03,CA
46816,6/13/2014,Restaurant - Burgers,-11.58,CA
46816,6/13/2014,John's Bar & Restaurant,-25.6,CA
46816,6/13/2014,Bowling,-28.62,CA
46816,6/13/2014,Food Delivery - GrubHub,-6.45,CA
46816,6/13/2014,Bowling,-116.49,CA
46816,6/13/2014,Wine Bar,-38.46,CA
46816,6/13/2014,Uber,-19.7,CA
46816,6/13/2014,John's Bar & Restaurant,-6.15,CA
46816,6/14/2014,Fisker Night Club,-10.15,CA
46816,6/14/2014,Owl Night Club,-73.84,CA
46816,6/14/2014,Concert Ticket,-111.62,CA
46816,6/14/2014,John's Bar & Restaurant,-78.94,CA
46816,6/14/2014,Fisker Night Club,-83.09,CA
46816,6/14/2014,Movie Ticket,-25.63,CA
46816,6/14/2014,Taxi,-35.21,CA
46816,6/15/2014,Green Flash Brewery,-3.21,CA
46816,6/15/2014,Wine Bar,-29.12,CA
46816,6/15/2014,Food Delivery - GrubHub,-1.69,CA
46816,6/15/2014,Movie Ticket,-19.82,CA
46816,6/16/2014,Seaside Bar,-30.9,CA
46816,6/16/2014,Restaurant - Chinese,-117.68,CA
46816,6/16/2014,Seaside Bar,-85.74,CA
46816,6/16/2014,Rodriguez's Bar and Grill,-7.22,CA
46816,6/16/2014,Public Transportation - Train Pass,-20.02,CA
46816,6/17/2014,Green Flash Brewery,-20.25,CA
46816,6/17/2014,Seaside Bar,-34.72,CA
46816,6/17/2014,Fisker Night Club,-5.88,CA
46816,6/18/2014,Ice Skating Rink,-30.81,CA
46816,6/19/2014,Wine Bar,-10.12,CA
46816,6/19/2014,Taxi,-16.51,CA
46816,6/19/2014,Green Flash Brewery,-34.79,CA
46816,6/20/2014,Concert Ticket,-37.8,CA
46816,6/20/2014,Ice Skating Rink,-17.76,CA
46816,6/20/2014,Movie Ticket,-84.23,CA
46816,6/21/2014,Movie Ticket,-33.59,CA
46816,6/21/2014,Lyft,-105.82,CA
46816,6/21/2014,Lyft,-0.25,CA
46816,6/22/2014,Owl Night Club,-5.55,CA
46816,6/22/2014,Rodriguez's Bar and Grill,-6.54,CA
46816,6/23/2014,Von's Groceries,-28.68,CA
46816,6/23/2014,Taxi,-1.44,CA
46816,6/23/2014,Fisker Night Club,-19.6,CA
46816,6/23/2014,Rodriguez's Bar and Grill,-34.05,CA
46816,6/23/2014,Restaurant - Burgers,-25.98,CA
46816,6/23/2014,Concert Ticket,-54.83,CA
46816,6/23/2014,Uber,-39.45,CA
46816,6/24/2014,Ralph's Grocery Store,-24.12,CA
46816,6/25/2014,Concert Ticket,-32.9,CA
46816,6/25/2014,Bowling,-34.99,CA
46816,6/26/2014,Taxi,-11.82,CA
46816,6/26/2014,Wine Bar,-82.3,CA
46816,6/26/2014,Food Delivery - GrubHub,-1.38,CA
46816,6/26/2014,Bowling,-15.95,CA
46816,6/26/2014,Bowling,-28.98,CA
46816,6/27/2014,Lyft,-57.56,CA
46816,6/27/2014,Rodriguez's Bar and Grill,-9.38,CA
46816,6/27/2014,Karaoke Bar,-26.27,CA
46816,6/27/2014,Sprouts Market,-31.49,CA
46816,6/27/2014,Public Transportation - Train Pass,-37.93,CA
46816,6/27/2014,Taxi,-30.61,CA
46816,6/28/2014,Rodriguez's Bar and Grill,-27.55,CA
46816,6/28/2014,Concert Ticket,-17.22,CA
46816,6/29/2014,Rodriguez's Bar and Grill,-4.35,CA
46816,6/29/2014,Fisker Night Club,-72.42,CA
46816,6/29/2014,Green Flash Brewery,-26.86,CA
46816,6/29/2014,Green Flash Brewery,-36.18,CA
46816,6/29/2014,Restaurant - Pizza,-32.6,CA
46816,6/29/2014,Uber,-1.3,CA
46816,6/29/2014,Movie Ticket,-36.21,CA
46816,6/29/2014,Seaside Bar,-115.85,CA
46816,6/30/2014,Ralph's Grocery Store,-72.91,CA
46816,6/30/2014,Movie Ticket,-50.79,CA
46816,6/30/2014,Fisker Night Club,-66.47,CA
46816,7/2/2014,Paycheck,4261,CA
46816,7/2/2014,Housing Rent,-968,CA
46816,7/2/2014,Navient - Student Loans,-197,CA
46816,7/2/2014,ACS - Student Loans,-135,CA
46816,7/2/2014,Credit Card Payment,-154,CA
46816,7/2/2014,Water & Sewer,-53,CA
46816,7/2/2014,Gas & Electric,-32,CA
46816,7/2/2014,Time Warner Cable,-25,CA
46816,7/2/2014,Bowling,-8.81,CA
46816,7/2/2014,Movie Ticket,-29.99,CA
46816,7/2/2014,Seaside Bar,-38.82,CA
46816,7/3/2014,Ice Skating Rink,-115.74,CA
46816,7/3/2014,Green Flash Brewery,-0.5,CA
46816,7/3/2014,Restaurant - Pizza,-12.62,CA
46816,7/3/2014,Movie Ticket,-36.52,CA
46816,7/3/2014,Green Flash Brewery,-29.57,CA
46816,7/4/2014,Fisker Night Club,-111.11,CA
46816,7/4/2014,Wine Bar,-25.94,CA
46816,7/4/2014,Bowling,-65.46,CA
46816,7/4/2014,Wine Bar,-48.01,CA
46816,7/5/2014,Taxi,-34.76,CA
46816,7/6/2014,Rodriguez's Bar and Grill,-13.56,CA
46816,7/6/2014,Ralph's Grocery Store,-1.28,CA
46816,7/6/2014,Seaside Bar,-30.66,CA
46816,7/7/2014,Lyft,-5.2,CA
46816,7/7/2014,Ice Skating Rink,-1.03,CA
46816,7/8/2014,Public Transportation - Bus Pass,-84.38,CA
46816,7/9/2014,Bowling,-4.75,CA
46816,7/9/2014,John's Bar & Restaurant,-27.84,CA
46816,7/9/2014,Taxi,-33.62,CA
46816,7/9/2014,Taxi,-7.32,CA
46816,7/10/2014,Ice Skating Rink,-5.54,CA
46816,7/11/2014,John's Bar & Restaurant,-38.87,CA
46816,7/12/2014,Ice Skating Rink,-4.36,CA
46816,7/12/2014,Public Transportation - Bus Pass,-63.35,CA
46816,7/13/2014,Owl Night Club,-27.82,CA
46816,7/14/2014,Movie Ticket,-19.13,CA
46816,7/14/2014,Movie Ticket,-20.72,CA
46816,7/14/2014,Bowling,-117.95,CA
46816,7/15/2014,Owl Night Club,-40.05,CA
46816,7/15/2014,Movie Ticket,-48.61,CA
46816,7/15/2014,Lyft,-29.13,CA
46816,7/16/2014,Wine Bar,-24,CA
46816,7/16/2014,Taxi,-15.56,CA
46816,7/16/2014,Starbucks Coffee,-39.06,CA
46816,7/17/2014,Green Flash Brewery,-14,CA
46816,7/17/2014,John's Bar & Restaurant,-0.46,CA
46816,7/17/2014,Von's Groceries,-33.22,CA
46816,7/18/2014,Wine Bar,-28.38,CA
46816,7/18/2014,Owl Night Club,-25.9,CA
46816,7/19/2014,Bowling,-38.99,CA
46816,7/20/2014,Seaside Bar,-36.88,CA
46816,7/21/2014,Movie Ticket,-13.7,CA
46816,7/21/2014,Whole Foods,-2.64,CA
46816,7/22/2014,Public Transportation - Bus Pass,-14.19,CA
46816,7/23/2014,Green Flash Brewery,-30.12,CA
46816,7/23/2014,Restaurant - Steakhouse,-35.05,CA
46816,7/24/2014,Restaurant - Steakhouse,-95.29,CA
46816,7/25/2014,Food Delivery - GrubHub,-6.09,CA
46816,7/25/2014,Lyft,-60.83,CA
46816,7/25/2014,Karaoke Bar,-25.14,CA
46816,7/26/2014,Bowling,-115.1,CA
46816,7/26/2014,Lyft,-23.73,CA
46816,7/26/2014,Fisker Night Club,-22.41,CA
46816,7/27/2014,Fisker Night Club,-66.15,CA
46816,7/27/2014,Ice Skating Rink,-82.71,CA
46816,7/27/2014,Restaurant - Burgers,-63.92,CA
46816,7/27/2014,Fisker Night Club,-37.29,CA
46816,7/28/2014,Taxi,-35.87,CA
46816,7/28/2014,Green Flash Brewery,-9.29,CA
46816,7/29/2014,Ice Skating Rink,-14.73,CA
46816,7/29/2014,Seaside Bar,-21.02,CA
46816,7/29/2014,Fisker Night Club,-34.45,CA
46816,7/29/2014,Lyft,-98.16,CA
46816,7/29/2014,Concert Ticket,-19.08,CA
46816,7/30/2014,Public Transportation - Bus Pass,-96.01,CA
46816,7/30/2014,Fisker Night Club,-117.13,CA
46816,7/30/2014,Bowling,-0.22,CA
46816,8/2/2014,Paycheck,4261,CA
46816,8/2/2014,Housing Rent,-718,CA
46816,8/2/2014,Navient - Student Loans,-197,CA
46816,8/2/2014,ACS - Student Loans,-135,CA
46816,8/2/2014,Credit Card Payment,-154,CA
46816,8/2/2014,Water & Sewer,-53,CA
46816,8/2/2014,Gas & Electric,-32,CA
46816,8/2/2014,Time Warner Cable,-25,CA
46816,8/2/2014,Concert Ticket,-30,CA
46816,8/2/2014,Concert Ticket,-39.63,CA
46816,8/3/2014,Lyft,-1.05,CA
46816,8/3/2014,Lyft,-10.07,CA
46816,8/4/2014,Green Flash Brewery,-7.64,CA
46816,8/4/2014,Seaside Bar,-36.31,CA
46816,8/4/2014,Public Transportation - Bus Pass,-9.72,CA
46816,8/5/2014,Green Flash Brewery,-103.32,CA
46816,8/5/2014,Von's Groceries,-22.25,CA
46816,8/5/2014,Restaurant - Pizza,-81.66,CA
46816,8/6/2014,Concert Ticket,-23.05,CA
46816,8/6/2014,Public Transportation - Train Pass,-34.53,CA
46816,8/7/2014,Lyft,-1.72,CA
46816,8/7/2014,Starbucks Coffee,-77.95,CA
46816,8/7/2014,Owl Night Club,-19.61,CA
46816,8/8/2014,Rodriguez's Bar and Grill,-13.64,CA
46816,8/8/2014,John's Bar & Restaurant,-6.2,CA
46816,8/8/2014,Uber,-25.6,CA
46816,8/9/2014,Public Transportation - Train Pass,-27.89,CA
46816,8/9/2014,Ice Skating Rink,-14.63,CA
46816,8/9/2014,Wine Bar,-9.74,CA
46816,8/9/2014,Public Transportation - Train Pass,-55.23,CA
46816,8/9/2014,Restaurant - Steakhouse,-80.81,CA
46816,8/9/2014,Seaside Bar,-31.64,CA
46816,8/9/2014,Concert Ticket,-26.98,CA
46816,8/10/2014,John's Bar & Restaurant,-6.63,CA
46816,8/10/2014,Ice Skating Rink,-84.21,CA
46816,8/11/2014,Fisker Night Club,-16.27,CA
46816,8/11/2014,Starbucks Coffee,-5.21,CA
46816,8/11/2014,Wine Bar,-8.38,CA
46816,8/11/2014,Concert Ticket,-40.25,CA
46816,8/11/2014,Lyft,-9.59,CA
46816,8/11/2014,Food Delivery - GrubHub,-18.64,CA
46816,8/12/2014,Food Delivery - GrubHub,-25.54,CA
46816,8/12/2014,Taxi,-12.62,CA
46816,8/13/2014,Wine Bar,-17.75,CA
46816,8/13/2014,Owl Night Club,-38.9,CA
46816,8/13/2014,Fisker Night Club,-36.16,CA
46816,8/13/2014,Taxi,-10.35,CA
46816,8/13/2014,Fisker Night Club,-0.87,CA
46816,8/13/2014,Ralph's Grocery Store,-29.77,CA
46816,8/14/2014,Uber,-27.05,CA
46816,8/14/2014,Owl Night Club,-1.97,CA
46816,8/14/2014,Concert Ticket,-86.65,CA
46816,8/14/2014,Restaurant - Pizza,-24.15,CA
46816,8/14/2014,Public Transportation - Bus Pass,-15.37,CA
46816,8/15/2014,Concert Ticket,-80.98,CA
46816,8/16/2014,Movie Ticket,-29.88,CA
46816,8/16/2014,Wine Bar,-35.08,CA
46816,8/17/2014,Ice Skating Rink,-5.23,CA
46816,8/17/2014,Bowling,-8.02,CA
46816,8/17/2014,Sprouts Market,-103.73,CA
46816,8/17/2014,Karaoke Bar,-20.06,CA
46816,8/17/2014,Food Delivery - GrubHub,-33.24,CA
46816,8/18/2014,Rodriguez's Bar and Grill,-12.53,CA
46816,8/18/2014,Sprouts Market,-5.13,CA
46816,8/18/2014,John's Bar & Restaurant,-12.22,CA
46816,8/18/2014,Public Transportation - Train Pass,-5.07,CA
46816,8/19/2014,Concert Ticket,-39,CA
46816,8/19/2014,Movie Ticket,-6.29,CA
46816,8/20/2014,Ice Skating Rink,-31.2,CA
46816,8/20/2014,Movie Ticket,-9.51,CA
46816,8/21/2014,Restaurant - Pizza,-7.06,CA
46816,8/22/2014,Sprouts Market,-30.95,CA
46816,8/23/2014,Public Transportation - Bus Pass,-26.5,CA
46816,8/23/2014,Bowling,-26.97,CA
46816,8/24/2014,Ralph's Grocery Store,-29.89,CA
46816,8/24/2014,Ice Skating Rink,-35.51,CA
46816,8/24/2014,Rodriguez's Bar and Grill,-19.14,CA
46816,8/24/2014,Whole Foods,-4.36,CA
46816,8/25/2014,Restaurant - Burgers,-14.51,CA
46816,8/25/2014,Uber,-2.05,CA
46816,8/25/2014,Bowling,-11.73,CA
46816,8/25/2014,Fisker Night Club,-21.33,CA
46816,8/25/2014,Concert Ticket,-25.43,CA
46816,8/26/2014,Bowling,-66.31,CA
46816,8/26/2014,Public Transportation - Train Pass,-4.63,CA
46816,8/27/2014,Karaoke Bar,-12.79,CA
46816,8/28/2014,Wine Bar,-37.18,CA
46816,8/28/2014,Food Delivery - GrubHub,-40.43,CA
46816,8/28/2014,Sprouts Market,-77.59,CA
46816,8/29/2014,Taxi,-18.31,CA
46816,8/29/2014,Public Transportation - Bus Pass,-11.89,CA
46816,8/30/2014,Movie Ticket,-5.34,CA
46816,9/2/2014,Paycheck,4261,CA
46816,9/2/2014,Housing Rent,-1288,CA
46816,9/2/2014,Navient - Student Loans,-197,CA
46816,9/2/2014,ACS - Student Loans,-135,CA
46816,9/2/2014,Credit Card Payment,-154,CA
46816,9/2/2014,Water & Sewer,-53,CA
46816,9/2/2014,Gas & Electric,-32,CA
46816,9/2/2014,Time Warner Cable,-25,CA
46816,9/2/2014,Karaoke Bar,-33.48,CA
46816,9/2/2014,John's Bar & Restaurant,-19.46,CA
46816,9/2/2014,Owl Night Club,-21.23,CA
46816,9/2/2014,John's Bar & Restaurant,-26.99,CA
46816,9/3/2014,Movie Ticket,-22.05,CA
46816,9/3/2014,Seaside Bar,-7.86,CA
46816,9/3/2014,Bowling,-15.4,CA
46816,9/3/2014,Movie Ticket,-4.44,CA
46816,9/3/2014,Bowling,-6.88,CA
46816,9/3/2014,Karaoke Bar,-22.82,CA
46816,9/3/2014,Concert Ticket,-34.59,CA
46816,9/3/2014,Taxi,-44.55,CA
46816,9/3/2014,Bowling,-23.59,CA
46816,9/3/2014,Ice Skating Rink,-18.63,CA
46816,9/4/2014,Owl Night Club,-7.13,CA
46816,9/5/2014,Restaurant - Chinese,-0.06,CA
46816,9/6/2014,Lyft,-3.48,CA
46816,9/6/2014,Seaside Bar,-72.4,CA
46816,9/6/2014,Restaurant - Pizza,-15.95,CA
46816,9/6/2014,Wine Bar,-10.58,CA
46816,9/6/2014,Concert Ticket,-29.31,CA
46816,9/6/2014,Bowling,-14.35,CA
46816,9/6/2014,Karaoke Bar,-27.59,CA
46816,9/6/2014,Restaurant - Steakhouse,-20.88,CA
46816,9/6/2014,Wine Bar,-81.27,CA
46816,9/7/2014,Movie Ticket,-1.38,CA
46816,9/7/2014,Starbucks Coffee,-79.16,CA
46816,9/7/2014,Public Transportation - Bus Pass,-35.59,CA
46816,9/7/2014,Public Transportation - Bus Pass,-17.12,CA
46816,9/8/2014,Bowling,-17.56,CA
46816,9/8/2014,Ice Skating Rink,-20.64,CA
46816,9/8/2014,Karaoke Bar,-23.73,CA
46816,9/9/2014,John's Bar & Restaurant,-31.88,CA
46816,9/9/2014,Fisker Night Club,-33.32,CA
46816,9/9/2014,Public Transportation - Train Pass,-26.06,CA
46816,9/9/2014,Lyft,-28.89,CA
46816,9/9/2014,Concert Ticket,-20.17,CA
46816,9/9/2014,Karaoke Bar,-4.81,CA
46816,9/9/2014,Green Flash Brewery,-14.4,CA
46816,9/9/2014,Lyft,-102.26,CA
46816,9/9/2014,Fisker Night Club,-29.13,CA
46816,9/9/2014,Seaside Bar,-16.54,CA
46816,9/9/2014,Restaurant - Steakhouse,-20.37,CA
46816,9/9/2014,Food Delivery - GrubHub,-30.62,CA
46816,9/9/2014,Taxi,-17.59,CA
46816,9/9/2014,Whole Foods,-105.06,CA
46816,9/10/2014,Ice Skating Rink,-32.54,CA
46816,9/11/2014,Uber,-56.4,CA
46816,9/11/2014,Public Transportation - Train Pass,-28.05,CA
46816,9/12/2014,Restaurant - Steakhouse,-112.18,CA
46816,9/12/2014,Lyft,-8.71,CA
46816,9/13/2014,Bowling,-17.67,CA
46816,9/13/2014,Ice Skating Rink,-39.93,CA
46816,9/14/2014,Movie Ticket,-17.74,CA
46816,9/14/2014,Public Transportation - Train Pass,-22.08,CA
46816,9/14/2014,Starbucks Coffee,-15.49,CA
46816,9/15/2014,Movie Ticket,-3.84,CA
46816,9/15/2014,Concert Ticket,-1.97,CA
46816,9/15/2014,Ice Skating Rink,-31.44,CA
46816,9/15/2014,Owl Night Club,-4.77,CA
46816,9/16/2014,Green Flash Brewery,-43.58,CA
46816,9/17/2014,Food Delivery - GrubHub,-36.64,CA
46816,9/17/2014,Ralph's Grocery Store,-20.94,CA
46816,9/18/2014,John's Bar & Restaurant,-119.22,CA
46816,9/18/2014,Movie Ticket,-101.56,CA
46816,9/19/2014,Movie Ticket,-12.1,CA
46816,9/19/2014,Restaurant - Pizza,-1.25,CA
46816,9/19/2014,John's Bar & Restaurant,-115,CA
46816,9/20/2014,Ice Skating Rink,-8.41,CA
46816,9/21/2014,Restaurant - Burgers,-53.37,CA
46816,9/21/2014,Owl Night Club,-30.67,CA
46816,9/21/2014,Taxi,-13.51,CA
46816,9/21/2014,Movie Ticket,-2.14,CA
46816,9/22/2014,Restaurant - Steakhouse,-34.26,CA
46816,9/23/2014,John's Bar & Restaurant,-27.62,CA
46816,9/24/2014,Rodriguez's Bar and Grill,-28.41,CA
46816,9/24/2014,Ice Skating Rink,-33.22,CA
46816,9/25/2014,Restaurant - Chinese,-73.87,CA
46816,9/26/2014,Fisker Night Club,-54.37,CA
46816,9/26/2014,Seaside Bar,-25.77,CA
46816,9/26/2014,Green Flash Brewery,-10.37,CA
46816,9/26/2014,Sprouts Market,-3.32,CA
46816,9/26/2014,Green Flash Brewery,-13.73,CA
46816,9/27/2014,Restaurant - Steakhouse,-5.3,CA
46816,9/28/2014,Ice Skating Rink,-74.52,CA
46816,9/28/2014,John's Bar & Restaurant,-36.8,CA
46816,9/28/2014,Restaurant - Pizza,-16.44,CA
46816,9/28/2014,Fisker Night Club,-13.96,CA
46816,9/28/2014,Restaurant - Burgers,-13.09,CA
46816,9/28/2014,Movie Ticket,-32.2,CA
46816,9/29/2014,Bowling,-28.48,CA
46816,9/29/2014,Public Transportation - Bus Pass,-33.96,CA
46816,9/29/2014,Taxi,-24.47,CA
46816,9/29/2014,Ice Skating Rink,-10.76,CA
46816,9/29/2014,Ralph's Grocery Store,-6.6,CA
46816,9/29/2014,Whole Foods,-11.12,CA
46816,9/29/2014,Ice Skating Rink,-36.38,CA
46816,9/29/2014,Restaurant - Pizza,-2.31,CA
46816,9/29/2014,Uber,-79.16,CA
46816,9/30/2014,Fisker Night Club,-0.13,CA
46816,9/30/2014,Movie Ticket,-26.15,CA
46816,9/30/2014,Rodriguez's Bar and Grill,-28.73,CA
46816,9/30/2014,Rodriguez's Bar and Grill,-1.77,CA
46816,10/2/2014,Paycheck,4261,CA
46816,10/2/2014,Housing Rent,-973,CA
46816,10/2/2014,Navient - Student Loans,-197,CA
46816,10/2/2014,ACS - Student Loans,-135,CA
46816,10/2/2014,Credit Card Payment,-154,CA
46816,10/2/2014,Water & Sewer,-53,CA
46816,10/2/2014,Gas & Electric,-32,CA
46816,10/2/2014,Time Warner Cable,-25,CA
46816,10/2/2014,John's Bar & Restaurant,-14.46,CA
46816,10/3/2014,Karaoke Bar,-33.08,CA
46816,10/3/2014,Concert Ticket,-33.89,CA
46816,10/4/2014,Movie Ticket,-36.7,CA
46816,10/5/2014,Fisker Night Club,-1.12,CA
46816,10/5/2014,Taxi,-35.78,CA
46816,10/6/2014,Lyft,-20.67,CA
46816,10/6/2014,Uber,-10.42,CA
46816,10/6/2014,Wine Bar,-52.34,CA
46816,10/7/2014,Concert Ticket,-36.14,CA
46816,10/7/2014,Taxi,-83.19,CA
46816,10/8/2014,Restaurant - Chinese,-38.47,CA
46816,10/8/2014,Rodriguez's Bar and Grill,-18.78,CA
46816,10/9/2014,Whole Foods,-20.73,CA
46816,10/10/2014,Karaoke Bar,-43,CA
46816,10/11/2014,Owl Night Club,-27.08,CA
46816,10/11/2014,Starbucks Coffee,-8.37,CA
46816,10/12/2014,John's Bar & Restaurant,-48.83,CA
46816,10/12/2014,John's Bar & Restaurant,-8.06,CA
46816,10/13/2014,Green Flash Brewery,-27.28,CA
46816,10/14/2014,Green Flash Brewery,-29.53,CA
46816,10/14/2014,Lyft,-29.9,CA
46816,10/15/2014,Restaurant - Pizza,-32.85,CA
46816,10/16/2014,Whole Foods,-34.05,CA
46816,10/17/2014,Public Transportation - Train Pass,-35.23,CA
46816,10/17/2014,Rodriguez's Bar and Grill,-36.9,CA
46816,10/17/2014,Lyft,-99.18,CA
46816,10/18/2014,Lyft,-11.49,CA
46816,10/19/2014,Lyft,-9.48,CA
46816,10/19/2014,Public Transportation - Bus Pass,-34.76,CA
46816,10/20/2014,Restaurant - Steakhouse,-36.14,CA
46816,10/20/2014,Fisker Night Club,-13.69,CA
46816,10/20/2014,Green Flash Brewery,-26.93,CA
46816,10/20/2014,Wine Bar,-13.18,CA
46816,10/20/2014,Sprouts Market,-109.13,CA
46816,10/21/2014,John's Bar & Restaurant,-36.31,CA
46816,10/21/2014,Owl Night Club,-0.27,CA
46816,10/21/2014,Karaoke Bar,-65.68,CA
46816,10/21/2014,John's Bar & Restaurant,-25.56,CA
46816,10/22/2014,Owl Night Club,-15.39,CA
46816,10/22/2014,Movie Ticket,-9.69,CA
46816,10/22/2014,Seaside Bar,-20.37,CA
46816,10/22/2014,Concert Ticket,-37.58,CA
46816,10/23/2014,Bowling,-37.97,CA
46816,10/23/2014,Ice Skating Rink,-117.78,CA
46816,10/24/2014,Uber,-2.34,CA
46816,10/24/2014,Lyft,-0.32,CA
46816,10/25/2014,Fisker Night Club,-64.84,CA
46816,10/26/2014,Public Transportation - Train Pass,-96.28,CA
46816,10/26/2014,Karaoke Bar,-12.24,CA
46816,10/27/2014,Ice Skating Rink,-38.42,CA
46816,10/28/2014,Wine Bar,-18.74,CA
46816,10/29/2014,Starbucks Coffee,-34.22,CA
46816,10/29/2014,Uber,-25.95,CA
46816,10/29/2014,Taxi,-16.2,CA
46816,10/29/2014,Movie Ticket,-95.94,CA
46816,10/29/2014,Owl Night Club,-6.97,CA
46816,10/29/2014,Starbucks Coffee,-15.39,CA
46816,10/29/2014,Fisker Night Club,-32.2,CA
46816,10/29/2014,Bowling,-110.71,CA
46816,10/30/2014,Concert Ticket,-4.8,CA
46816,10/30/2014,Ice Skating Rink,-5.23,CA
46816,10/30/2014,Uber,-8.23,CA
46816,10/30/2014,Fisker Night Club,-27.96,CA
46816,11/2/2014,Paycheck,4261,CA
46816,11/2/2014,Housing Rent,-1118,CA
46816,11/2/2014,Navient - Student Loans,-197,CA
46816,11/2/2014,ACS - Student Loans,-135,CA
46816,11/2/2014,Credit Card Payment,-154,CA
46816,11/2/2014,Water & Sewer,-53,CA
46816,11/2/2014,Gas & Electric,-32,CA
46816,11/2/2014,Time Warner Cable,-25,CA
46816,11/2/2014,Sprouts Market,-109.55,CA
46816,11/2/2014,Wine Bar,-15.02,CA
46816,11/3/2014,Restaurant - Steakhouse,-61.77,CA
46816,11/4/2014,Public Transportation - Train Pass,-83.22,CA
46816,11/5/2014,Rodriguez's Bar and Grill,-3.86,CA
46816,11/5/2014,Owl Night Club,-4.17,CA
46816,11/6/2014,Bowling,-32.22,CA
46816,11/6/2014,Concert Ticket,-23.91,CA
46816,11/6/2014,Public Transportation - Bus Pass,-27.85,CA
46816,11/7/2014,Movie Ticket,-0.36,CA
46816,11/7/2014,Public Transportation - Bus Pass,-2.86,CA
46816,11/7/2014,Food Delivery - GrubHub,-28.62,CA
46816,11/8/2014,Ralph's Grocery Store,-11.7,CA
46816,11/9/2014,Ice Skating Rink,-35.48,CA
46816,11/9/2014,Restaurant - Pizza,-18.26,CA
46816,11/9/2014,Owl Night Club,-22.44,CA
46816,11/10/2014,Ice Skating Rink,-27.03,CA
46816,11/10/2014,Fisker Night Club,-0.71,CA
46816,11/10/2014,Ice Skating Rink,-30,CA
46816,11/10/2014,Taxi,-33.42,CA
46816,11/10/2014,Ice Skating Rink,-34.06,CA
46816,11/10/2014,Food Delivery - GrubHub,-14.95,CA
46816,11/10/2014,Owl Night Club,-16.43,CA
46816,11/11/2014,Karaoke Bar,-36.56,CA
46816,11/11/2014,Movie Ticket,-12.09,CA
46816,11/11/2014,Owl Night Club,-37.98,CA
46816,11/11/2014,Von's Groceries,-27.96,CA
46816,11/12/2014,Restaurant - Chinese,-1.77,CA
46816,11/13/2014,Ice Skating Rink,-7.63,CA
46816,11/13/2014,Owl Night Club,-39.01,CA
46816,11/13/2014,Whole Foods,-26.36,CA
46816,11/14/2014,Wine Bar,-38,CA
46816,11/14/2014,Concert Ticket,-14.8,CA
46816,11/14/2014,John's Bar & Restaurant,-30.36,CA
46816,11/14/2014,Green Flash Brewery,-35.62,CA
46816,11/14/2014,Von's Groceries,-1.81,CA
46816,11/14/2014,Movie Ticket,-103.17,CA
46816,11/15/2014,Bowling,-3.04,CA
46816,11/15/2014,Green Flash Brewery,-21.66,CA
46816,11/16/2014,Karaoke Bar,-7.96,CA
46816,11/17/2014,Von's Groceries,-18.47,CA
46816,11/17/2014,Rodriguez's Bar and Grill,-65.75,CA
46816,11/17/2014,Owl Night Club,-102.46,CA
46816,11/17/2014,John's Bar & Restaurant,-8.11,CA
46816,11/18/2014,Starbucks Coffee,-99.68,CA
46816,11/18/2014,Taxi,-3,CA
46816,11/19/2014,Green Flash Brewery,-9.02,CA
46816,11/19/2014,Restaurant - Burgers,-26.39,CA
46816,11/19/2014,Lyft,-36.76,CA
46816,11/20/2014,Owl Night Club,-36.33,CA
46816,11/20/2014,Ice Skating Rink,-37.64,CA
46816,11/20/2014,Uber,-19.36,CA
46816,11/20/2014,Public Transportation - Train Pass,-4.18,CA
46816,11/21/2014,Bowling,-8.08,CA
46816,11/21/2014,Public Transportation - Train Pass,-39.09,CA
46816,11/21/2014,Sprouts Market,-21.79,CA
46816,11/22/2014,Public Transportation - Train Pass,-32.22,CA
46816,11/22/2014,Seaside Bar,-28.7,CA
46816,11/23/2014,Public Transportation - Bus Pass,-20.2,CA
46816,11/23/2014,Uber,-80.61,CA
46816,11/23/2014,Seaside Bar,-17.98,CA
46816,11/23/2014,Uber,-15.76,CA
46816,11/23/2014,Fisker Night Club,-15.62,CA
46816,11/23/2014,Starbucks Coffee,-23.03,CA
46816,11/23/2014,Ralph's Grocery Store,-6.88,CA
46816,11/24/2014,Karaoke Bar,-118.82,CA
46816,11/24/2014,Seaside Bar,-18.9,CA
46816,11/25/2014,Bowling,-22.54,CA
46816,11/25/2014,Restaurant - Pizza,-15.71,CA
46816,11/26/2014,Uber,-2.68,CA
46816,11/27/2014,Restaurant - Steakhouse,-2.68,CA
46816,11/28/2014,Lyft,-28.43,CA
46816,11/28/2014,Lyft,-18.08,CA
46816,11/28/2014,Fisker Night Club,-37.91,CA
46816,11/28/2014,Concert Ticket,-33.9,CA
46816,11/28/2014,Rodriguez's Bar and Grill,-22.58,CA
46816,11/28/2014,Seaside Bar,-98.68,CA
46816,11/28/2014,Movie Ticket,-19.75,CA
46816,11/28/2014,Rodriguez's Bar and Grill,-9.43,CA
46816,11/28/2014,Concert Ticket,-36.18,CA
46816,11/28/2014,Von's Groceries,-0.06,CA
46816,11/28/2014,Green Flash Brewery,-21.74,CA
46816,11/29/2014,Restaurant - Pizza,-32.12,CA
46816,11/30/2014,John's Bar & Restaurant,-23.06,CA
46816,11/30/2014,Bowling,-113.22,CA
46816,11/30/2014,Karaoke Bar,-60.52,CA
46816,12/2/2014,Paycheck,4261,CA
46816,12/2/2014,Housing Rent,-941,CA
46816,12/2/2014,Navient - Student Loans,-197,CA
46816,12/2/2014,ACS - Student Loans,-135,CA
46816,12/2/2014,Credit Card Payment,-154,CA
46816,12/2/2014,Water & Sewer,-53,CA
46816,12/2/2014,Gas & Electric,-32,CA
46816,12/2/2014,Time Warner Cable,-25,CA
46816,12/2/2014,Seaside Bar,-19.38,CA
46816,12/3/2014,Green Flash Brewery,-14.61,CA
46816,12/3/2014,Food Delivery - GrubHub,-98.23,CA
46816,12/3/2014,Concert Ticket,-7.96,CA
46816,12/3/2014,Starbucks Coffee,-34.43,CA
46816,12/3/2014,Uber,-21.99,CA
46816,12/3/2014,Fisker Night Club,-29.82,CA
46816,12/3/2014,Fisker Night Club,-109.12,CA
46816,12/3/2014,Sprouts Market,-25.89,CA
46816,12/4/2014,John's Bar & Restaurant,-91.03,CA
46816,12/5/2014,Karaoke Bar,-29.11,CA
46816,12/5/2014,Karaoke Bar,-18.35,CA
46816,12/5/2014,Concert Ticket,-22.77,CA
46816,12/6/2014,John's Bar & Restaurant,-14.35,CA
46816,12/7/2014,John's Bar & Restaurant,-32.68,CA
46816,12/8/2014,Ralph's Grocery Store,-68.62,CA
46816,12/8/2014,Rodriguez's Bar and Grill,-113.03,CA
46816,12/8/2014,Public Transportation - Train Pass,-1.58,CA
46816,12/8/2014,Seaside Bar,-38.66,CA
46816,12/8/2014,Lyft,-31.3,CA
46816,12/8/2014,Whole Foods,-28.72,CA
46816,12/8/2014,Owl Night Club,-73.17,CA
46816,12/8/2014,Food Delivery - GrubHub,-31.69,CA
46816,12/8/2014,Restaurant - Chinese,-25.06,CA
46816,12/8/2014,John's Bar & Restaurant,-23.36,CA
46816,12/8/2014,Von's Groceries,-22.27,CA
46816,12/8/2014,Owl Night Club,-16.02,CA
46816,12/8/2014,Public Transportation - Train Pass,-35.24,CA
46816,12/9/2014,Public Transportation - Train Pass,-97.71,CA
46816,12/9/2014,Green Flash Brewery,-99.66,CA
46816,12/9/2014,Taxi,-19.62,CA
46816,12/9/2014,Green Flash Brewery,-9.27,CA
46816,12/10/2014,Karaoke Bar,-39.08,CA
46816,12/11/2014,Green Flash Brewery,-38.01,CA
46816,12/11/2014,Bowling,-62.74,CA
46816,12/11/2014,Owl Night Club,-3.42,CA
46816,12/11/2014,Taxi,-27.67,CA
46816,12/11/2014,John's Bar & Restaurant,-25.3,CA
46816,12/11/2014,Movie Ticket,-54.92,CA
46816,12/12/2014,Karaoke Bar,-23.24,CA
46816,12/13/2014,Wine Bar,-29.46,CA
46816,12/13/2014,Whole Foods,-1.44,CA
46816,12/13/2014,Wine Bar,-37.3,CA
46816,12/13/2014,Owl Night Club,-39.77,CA
46816,12/13/2014,Bowling,-39.07,CA
46816,12/13/2014,Seaside Bar,-6.2,CA
46816,12/13/2014,Whole Foods,-5.82,CA
46816,12/13/2014,Rodriguez's Bar and Grill,-77.52,CA
46816,12/13/2014,Fisker Night Club,-21.59,CA
46816,12/13/2014,Ice Skating Rink,-6.86,CA
46816,12/13/2014,Seaside Bar,-6.71,CA
46816,12/14/2014,John's Bar & Restaurant,-49.65,CA
46816,12/14/2014,Fisker Night Club,-29.17,CA
46816,12/14/2014,Sprouts Market,-10.9,CA
46816,12/14/2014,Fisker Night Club,-3.07,CA
46816,12/14/2014,Ice Skating Rink,-15.49,CA
46816,12/14/2014,Public Transportation - Bus Pass,-16.74,CA
46816,12/14/2014,Sprouts Market,-29.43,CA
46816,12/14/2014,Uber,-56.75,CA
46816,12/14/2014,Public Transportation - Bus Pass,-31.94,CA
46816,12/14/2014,Seaside Bar,-3.55,CA
46816,12/14/2014,Ice Skating Rink,-11.3,CA
46816,12/15/2014,Rodriguez's Bar and Grill,-8.19,CA
46816,12/15/2014,Public Transportation - Train Pass,-0.25,CA
46816,12/15/2014,Seaside Bar,-24.01,CA
46816,12/15/2014,Concert Ticket,-25.02,CA
46816,12/15/2014,Owl Night Club,-5.83,CA
46816,12/15/2014,Taxi,-19.08,CA
46816,12/15/2014,Wine Bar,-28.56,CA
46816,12/15/2014,Green Flash Brewery,-11.7,CA
46816,12/15/2014,Restaurant - Chinese,-24.12,CA
46816,12/16/2014,Concert Ticket,-60.01,CA
46816,12/16/2014,Public Transportation - Bus Pass,-35.91,CA
46816,12/16/2014,Restaurant - Chinese,-31.46,CA
46816,12/17/2014,Rodriguez's Bar and Grill,-25.35,CA
46816,12/18/2014,Restaurant - Steakhouse,-18.32,CA
46816,12/19/2014,Sprouts Market,-0.42,CA
46816,12/20/2014,Lyft,-16.53,CA
46816,12/20/2014,Karaoke Bar,-31.94,CA
46816,12/20/2014,Rodriguez's Bar and Grill,-29.01,CA
46816,12/20/2014,Seaside Bar,-19.2,CA
46816,12/20/2014,Karaoke Bar,-13.67,CA
46816,12/20/2014,Movie Ticket,-19.16,CA
46816,12/21/2014,Restaurant - Steakhouse,-37.44,CA
46816,12/22/2014,Lyft,-36.5,CA
46816,12/22/2014,Bowling,-91.75,CA
46816,12/22/2014,Karaoke Bar,-16.09,CA
46816,12/23/2014,Rodriguez's Bar and Grill,-17.45,CA
46816,12/24/2014,Concert Ticket,-98.14,CA
46816,12/25/2014,Green Flash Brewery,-21.94,CA
46816,12/25/2014,Wine Bar,-38.52,CA
46816,12/25/2014,Public Transportation - Bus Pass,-34.07,CA
46816,12/26/2014,Public Transportation - Train Pass,-14.86,CA
46816,12/26/2014,Lyft,-18.48,CA
46816,12/26/2014,Movie Ticket,-14.82,CA
46816,12/26/2014,Rodriguez's Bar and Grill,-23.94,CA
46816,12/26/2014,Movie Ticket,-36.29,CA
46816,12/26/2014,Ice Skating Rink,-3.57,CA
46816,12/27/2014,Sprouts Market,-0.82,CA
46816,12/27/2014,Green Flash Brewery,-7.12,CA
46816,12/28/2014,Seaside Bar,-97.08,CA
46816,12/28/2014,Public Transportation - Bus Pass,-10.97,CA
46816,12/29/2014,Von's Groceries,-3.23,CA
46816,12/30/2014,Public Transportation - Train Pass,-11.44,CA
46816,12/30/2014,Karaoke Bar,-16.01,CA
46816,12/30/2014,Fisker Night Club,-11.14,CA
46816,12/30/2014,Owl Night Club,-49.39,CA
46816,12/30/2014,Restaurant - Pizza,-43.33,CA
46816,12/32/2014,Ice Skating Rink,-84.72,CA
46816,12/32/2014,Concert Ticket,-29.38,CA
46816,12/32/2014,Wine Bar,-28.6,CA
46816,12/32/2014,Wine Bar,-8.12,CA
46816,12/32/2014,Movie Ticket,-22.5,CA
46816,12/32/2014,Fisker Night Club,-17.45,CA
46816,12/32/2014,Uber,-30.96,CA
