auth_id, Date, Vendor, Amount, Location 
7305,1/2/2013,Seaside Bar,-26.25,CA
7305,1/3/2013,Seaside Bar,-29.62,CA
7305,1/3/2013,Ralph's Grocery Store,-20.24,CA
7305,1/3/2013,John's Bar & Restaurant,-1.9,CA
7305,1/3/2013,John's Bar & Restaurant,-39.31,CA
7305,1/3/2013,John's Bar & Restaurant,-2.83,CA
7305,1/3/2013,Food Delivery - GrubHub,-4.09,CA
7305,1/4/2013,Taxi,-36.18,CA
7305,1/4/2013,Rodriguez's Bar and Grill,-21.81,CA
7305,1/5/2013,Karaoke Bar,-34.42,CA
7305,1/5/2013,Ice Skating Rink,-6.31,CA
7305,1/5/2013,Food Delivery - GrubHub,-24.81,CA
7305,1/5/2013,Movie Ticket,-29.59,CA
7305,1/5/2013,Starbucks Coffee,-36.59,CA
7305,1/5/2013,Lyft,-35.53,CA
7305,1/5/2013,Green Flash Brewery,-77.15,CA
7305,1/5/2013,Rodriguez's Bar and Grill,-2.82,CA
7305,1/5/2013,Rodriguez's Bar and Grill,-8.25,CA
7305,1/6/2013,Uber,-39.8,CA
7305,1/6/2013,Movie Ticket,-15.51,CA
7305,1/7/2013,Taxi,-14.9,CA
7305,1/7/2013,Lyft,-32.66,CA
7305,1/8/2013,Movie Ticket,-3.49,CA
7305,1/9/2013,Restaurant - Chinese,-19.54,CA
7305,1/9/2013,Lyft,-34.18,CA
7305,1/10/2013,Uber,-10.59,CA
7305,1/10/2013,Owl Night Club,-25.85,CA
7305,1/11/2013,Green Flash Brewery,-36.01,CA
7305,1/11/2013,Taxi,-113.38,CA
7305,1/12/2013,Bowling,-112.73,CA
7305,1/12/2013,Green Flash Brewery,-38.98,CA
7305,1/13/2013,Restaurant - Pizza,-13.14,CA
7305,1/13/2013,Wine Bar,-28.89,CA
7305,1/14/2013,Owl Night Club,-38.1,CA
7305,1/14/2013,Starbucks Coffee,-1.18,CA
7305,1/14/2013,Karaoke Bar,-1.03,CA
7305,1/14/2013,Seaside Bar,-5.32,CA
7305,1/14/2013,Public Transportation - Train Pass,-5.04,CA
7305,1/14/2013,Movie Ticket,-1.06,CA
7305,1/14/2013,Karaoke Bar,-39.53,CA
7305,1/14/2013,Restaurant - Steakhouse,-17.27,CA
7305,1/15/2013,Restaurant - Chinese,-29.61,CA
7305,1/15/2013,Lyft,-38.83,CA
7305,1/15/2013,John's Bar & Restaurant,-36.26,CA
7305,1/16/2013,Restaurant - Chinese,-18.81,CA
7305,1/17/2013,Uber,-25.63,CA
7305,1/18/2013,Restaurant - Steakhouse,-18.72,CA
7305,1/18/2013,Wine Bar,-23.88,CA
7305,1/18/2013,Karaoke Bar,-62.86,CA
7305,1/19/2013,Food Delivery - GrubHub,-25.26,CA
7305,1/19/2013,Taxi,-28.4,CA
7305,1/19/2013,Concert Ticket,-16.38,CA
7305,1/19/2013,Movie Ticket,-39.87,CA
7305,1/19/2013,Sprouts Market,-19.39,CA
7305,1/19/2013,Sprouts Market,-11.36,CA
7305,1/19/2013,Restaurant - Pizza,-35.01,CA
7305,1/20/2013,Green Flash Brewery,-33.51,CA
7305,1/20/2013,Public Transportation - Train Pass,-1.43,CA
7305,1/20/2013,Seaside Bar,-10.1,CA
7305,1/21/2013,Fisker Night Club,-3.89,CA
7305,1/21/2013,Ice Skating Rink,-1.4,CA
7305,1/21/2013,John's Bar & Restaurant,-26.07,CA
7305,1/22/2013,Seaside Bar,-23.64,CA
7305,1/22/2013,Karaoke Bar,-79.78,CA
7305,1/22/2013,Uber,-38.45,CA
7305,1/22/2013,Movie Ticket,-28.74,CA
7305,1/22/2013,Wine Bar,-4.39,CA
7305,1/22/2013,Wine Bar,-12.71,CA
7305,1/22/2013,Owl Night Club,-25.87,CA
7305,1/23/2013,Restaurant - Pizza,-33.56,CA
7305,1/24/2013,Von's Groceries,-69.7,CA
7305,1/24/2013,Karaoke Bar,-69.36,CA
7305,1/25/2013,Owl Night Club,-43.82,CA
7305,1/25/2013,Public Transportation - Bus Pass,-16.43,CA
7305,1/25/2013,Bowling,-1.14,CA
7305,1/26/2013,Owl Night Club,-19.23,CA
7305,1/26/2013,Rodriguez's Bar and Grill,-13.73,CA
7305,1/27/2013,Uber,-36.66,CA
7305,1/28/2013,Restaurant - Burgers,-7.94,CA
7305,1/28/2013,Public Transportation - Train Pass,-9.34,CA
7305,1/29/2013,Uber,-11.93,CA
7305,1/29/2013,Green Flash Brewery,-29.17,CA
7305,1/29/2013,Concert Ticket,-46.83,CA
7305,1/29/2013,Movie Ticket,-23.55,CA
7305,1/30/2013,Taxi,-9.22,CA
7305,3/2/2013,Paycheck,4609,CA
7305,3/2/2013,Housing Rent,-901,CA
7305,3/2/2013,Time Warner Cable,-25,CA
7305,3/2/2013,ACS - Student Loans,-135,CA
7305,3/2/2013,Uber,-29.49,CA
7305,3/2/2013,Ice Skating Rink,-52.71,CA
7305,3/2/2013,Uber,-27.34,CA
7305,3/2/2013,Rodriguez's Bar and Grill,-38.97,CA
7305,3/2/2013,Public Transportation - Train Pass,-2.7,CA
7305,3/2/2013,Public Transportation - Bus Pass,-30.59,CA
7305,3/2/2013,Ice Skating Rink,-25.08,CA
7305,3/3/2013,Uber,-2.34,CA
7305,3/3/2013,Ice Skating Rink,-38.03,CA
7305,3/3/2013,Taxi,-39,CA
7305,3/4/2013,Ice Skating Rink,-5.35,CA
7305,3/4/2013,John's Bar & Restaurant,-1.56,CA
7305,3/5/2013,Starbucks Coffee,-9.77,CA
7305,3/6/2013,Restaurant - Steakhouse,-39.28,CA
7305,3/6/2013,Owl Night Club,-0.17,CA
7305,3/6/2013,Wine Bar,-34.53,CA
7305,3/6/2013,Restaurant - Chinese,-28.16,CA
7305,3/6/2013,Karaoke Bar,-31.39,CA
7305,3/7/2013,Public Transportation - Bus Pass,-14.83,CA
7305,3/7/2013,Karaoke Bar,-5.75,CA
7305,3/7/2013,Whole Foods,-1.22,CA
7305,3/8/2013,Public Transportation - Bus Pass,-17.34,CA
7305,3/9/2013,Fisker Night Club,-33.24,CA
7305,3/9/2013,Ice Skating Rink,-102.4,CA
7305,3/9/2013,Wine Bar,-27.16,CA
7305,3/10/2013,Uber,-31.42,CA
7305,3/10/2013,Wine Bar,-31.39,CA
7305,3/10/2013,Bowling,-33.42,CA
7305,3/10/2013,Sprouts Market,-24.11,CA
7305,3/11/2013,Public Transportation - Train Pass,-37.16,CA
7305,3/12/2013,Ice Skating Rink,-6.28,CA
7305,3/13/2013,Fisker Night Club,-44.39,CA
7305,3/13/2013,John's Bar & Restaurant,-24.39,CA
7305,3/14/2013,Taxi,-91.26,CA
7305,3/15/2013,Green Flash Brewery,-4.88,CA
7305,3/15/2013,Owl Night Club,-26.93,CA
7305,3/15/2013,Concert Ticket,-22.18,CA
7305,3/15/2013,Ice Skating Rink,-35.62,CA
7305,3/15/2013,Public Transportation - Bus Pass,-50.93,CA
7305,3/15/2013,Movie Ticket,-26,CA
7305,3/16/2013,Concert Ticket,-23.1,CA
7305,3/17/2013,Uber,-19.97,CA
7305,3/17/2013,John's Bar & Restaurant,-93.49,CA
7305,3/18/2013,Starbucks Coffee,-12.92,CA
7305,3/19/2013,Uber,-24.18,CA
7305,3/19/2013,Owl Night Club,-26.77,CA
7305,3/19/2013,Bowling,-24.02,CA
7305,3/19/2013,Ralph's Grocery Store,-18.6,CA
7305,3/19/2013,Concert Ticket,-23.7,CA
7305,3/19/2013,Karaoke Bar,-103.23,CA
7305,3/19/2013,Wine Bar,-17.32,CA
7305,3/19/2013,Movie Ticket,-36.8,CA
7305,3/19/2013,Taxi,-29.46,CA
7305,3/19/2013,Uber,-31.61,CA
7305,3/19/2013,John's Bar & Restaurant,-66.94,CA
7305,3/19/2013,Public Transportation - Bus Pass,-7.47,CA
7305,3/19/2013,Restaurant - Pizza,-29.71,CA
7305,3/20/2013,Taxi,-30.31,CA
7305,3/20/2013,Wine Bar,-12.07,CA
7305,3/21/2013,Restaurant - Chinese,-61.98,CA
7305,3/21/2013,Movie Ticket,-28.18,CA
7305,3/21/2013,Concert Ticket,-39.92,CA
7305,3/22/2013,Ralph's Grocery Store,-113.46,CA
7305,3/22/2013,Ice Skating Rink,-14.81,CA
7305,3/22/2013,Movie Ticket,-7.09,CA
7305,3/22/2013,Bowling,-7.86,CA
7305,3/22/2013,Concert Ticket,-74.81,CA
7305,3/22/2013,Taxi,-96.4,CA
7305,3/23/2013,Bowling,-25.69,CA
7305,3/23/2013,Rodriguez's Bar and Grill,-12.91,CA
7305,3/23/2013,Uber,-72.98,CA
7305,3/24/2013,Restaurant - Pizza,-22.35,CA
7305,3/24/2013,Wine Bar,-31.31,CA
7305,3/24/2013,Ice Skating Rink,-26.8,CA
7305,3/24/2013,Ice Skating Rink,-6.49,CA
7305,3/24/2013,John's Bar & Restaurant,-28.72,CA
7305,3/25/2013,Lyft,-33.26,CA
7305,3/25/2013,Wine Bar,-16.24,CA
7305,3/25/2013,Fisker Night Club,-33.53,CA
7305,3/25/2013,Karaoke Bar,-11.1,CA
7305,3/25/2013,Uber,-21.69,CA
7305,3/25/2013,Restaurant - Burgers,-1.34,CA
7305,3/25/2013,Uber,-4.16,CA
7305,3/25/2013,Owl Night Club,-41.93,CA
7305,3/25/2013,Rodriguez's Bar and Grill,-23.64,CA
7305,3/25/2013,Movie Ticket,-7.61,CA
7305,3/25/2013,Karaoke Bar,-45.33,CA
7305,3/26/2013,Fisker Night Club,-10.25,CA
7305,3/26/2013,John's Bar & Restaurant,-27.09,CA
7305,3/26/2013,Divorce Lawyer Fees,-6.05,CA
7305,3/26/2013,Comfort Inn,-5.94,CA
7305,3/26/2013,Best Western Hotel,-25.07,CA
7305,3/26/2013,Ralph's Grocery Store,-41.77,CA
7305,3/26/2013,John's Bar & Restaurant,-32.83,CA
7305,3/26/2013,Fisker Night Club,-1.36,CA
7305,3/27/2013,Lyft,-15.62,CA
7305,3/27/2013,Ice Skating Rink,-23.8,CA
7305,3/27/2013,Concert Ticket,-103.9,CA
7305,3/27/2013,Ice Skating Rink,-27.46,CA
7305,3/27/2013,Lyft,-19.25,CA
7305,3/27/2013,Public Transportation - Bus Pass,-117.91,CA
7305,3/27/2013,Sprouts Market,-59.15,CA
7305,3/27/2013,Seaside Bar,-19.9,CA
7305,3/27/2013,Bowling,-111.41,CA
7305,3/27/2013,Bowling,-31.53,CA
7305,3/28/2013,Owl Night Club,-10.94,CA
7305,3/28/2013,Wine Bar,-86.29,CA
7305,3/28/2013,Restaurant - Chinese,-114.12,CA
7305,3/28/2013,Taxi,-23.99,CA
7305,3/29/2013,Restaurant - Burgers,-38.74,CA
7305,3/29/2013,Bowling,-34.55,CA
7305,3/29/2013,Movie Ticket,-70.16,CA
7305,3/29/2013,Restaurant - Pizza,-34.11,CA
7305,3/29/2013,Karaoke Bar,-7.65,CA
7305,3/30/2013,Wine Bar,-2.77,CA
7305,3/30/2013,Rodriguez's Bar and Grill,-13.28,CA
7305,4/2/2013,Paycheck,4609,CA
7305,4/2/2013,Housing Rent,-771,CA
7305,4/2/2013,Time Warner Cable,-25,CA
7305,4/2/2013,ACS - Student Loans,-135,CA
7305,4/2/2013,Green Flash Brewery,-13.5,CA
7305,4/3/2013,Seaside Bar,-25.62,CA
7305,4/4/2013,Uber,-15.64,CA
7305,4/4/2013,Public Transportation - Bus Pass,-7.6,CA
7305,4/4/2013,Public Transportation - Bus Pass,-59.72,CA
7305,4/4/2013,Owl Night Club,-27.2,CA
7305,4/4/2013,Karaoke Bar,-114.74,CA
7305,4/4/2013,Uber,-38.08,CA
7305,4/5/2013,Owl Night Club,-5.3,CA
7305,4/5/2013,Wine Bar,-5.12,CA
7305,4/6/2013,Ice Skating Rink,-36.68,CA
7305,4/6/2013,Rodriguez's Bar and Grill,-6.72,CA
7305,4/6/2013,Von's Groceries,-24.65,CA
7305,4/6/2013,Lyft,-37.17,CA
7305,4/6/2013,Green Flash Brewery,-83.52,CA
7305,4/6/2013,Seaside Bar,-6.63,CA
7305,4/6/2013,Green Flash Brewery,-4.76,CA
7305,4/7/2013,Green Flash Brewery,-34.29,CA
7305,4/7/2013,Wine Bar,-17.25,CA
7305,4/7/2013,Owl Night Club,-62.61,CA
7305,4/7/2013,Ice Skating Rink,-73.96,CA
7305,4/7/2013,Lyft,-17.25,CA
7305,4/7/2013,Karaoke Bar,-16.27,CA
7305,4/7/2013,Owl Night Club,-36.85,CA
7305,4/8/2013,Whole Foods,-32,CA
7305,4/8/2013,Bowling,-11.05,CA
7305,4/9/2013,Lyft,-31.44,CA
7305,4/10/2013,Fisker Night Club,-105.11,CA
7305,4/10/2013,John's Bar & Restaurant,-30.39,CA
7305,4/10/2013,Wine Bar,-77.49,CA
7305,4/11/2013,Public Transportation - Bus Pass,-69.09,CA
7305,4/11/2013,John's Bar & Restaurant,-19.74,CA
7305,4/12/2013,Ice Skating Rink,-30.83,CA
7305,4/12/2013,Rodriguez's Bar and Grill,-28.18,CA
7305,4/12/2013,Seaside Bar,-31,CA
7305,4/12/2013,Von's Groceries,-1.14,CA
7305,4/13/2013,Lyft,-0.44,CA
7305,4/13/2013,Movie Ticket,-7.01,CA
7305,4/14/2013,Green Flash Brewery,-28.24,CA
7305,4/14/2013,Karaoke Bar,-19.2,CA
7305,4/15/2013,Rodriguez's Bar and Grill,-26.43,CA
7305,4/15/2013,John's Bar & Restaurant,-20.4,CA
7305,4/16/2013,Ice Skating Rink,-16.65,CA
7305,4/16/2013,Whole Foods,-22.73,CA
7305,4/17/2013,Fisker Night Club,-12.26,CA
7305,4/18/2013,Seaside Bar,-11.47,CA
7305,4/19/2013,Lyft,-33.33,CA
7305,4/19/2013,Starbucks Coffee,-26.99,CA
7305,4/19/2013,Lyft,-5.58,CA
7305,4/19/2013,Taxi,-12.65,CA
7305,4/19/2013,Movie Ticket,-18.97,CA
7305,4/19/2013,Fisker Night Club,-30.04,CA
7305,4/19/2013,Movie Ticket,-8.28,CA
7305,4/19/2013,Lyft,-19.22,CA
7305,4/19/2013,Restaurant - Pizza,-28.54,CA
7305,4/19/2013,Public Transportation - Train Pass,-66.2,CA
7305,4/19/2013,Restaurant - Pizza,-31.78,CA
7305,4/20/2013,Fisker Night Club,-7.68,CA
7305,4/21/2013,Wine Bar,-24.82,CA
7305,4/22/2013,Concert Ticket,-10.06,CA
7305,4/22/2013,Movie Ticket,-19.37,CA
7305,4/22/2013,John's Bar & Restaurant,-13.51,CA
7305,4/22/2013,Wine Bar,-35.61,CA
7305,4/22/2013,Public Transportation - Train Pass,-16.1,CA
7305,4/22/2013,Seaside Bar,-91.3,CA
7305,4/22/2013,Movie Ticket,-7.77,CA
7305,4/22/2013,Von's Groceries,-26.22,CA
7305,4/22/2013,John's Bar & Restaurant,-21.4,CA
7305,4/22/2013,Rodriguez's Bar and Grill,-21.02,CA
7305,4/23/2013,Bowling,-76.87,CA
7305,4/23/2013,Bowling,-8.57,CA
7305,4/24/2013,Seaside Bar,-19.79,CA
7305,4/24/2013,Seaside Bar,-15.43,CA
7305,4/25/2013,Rodriguez's Bar and Grill,-8.74,CA
7305,4/26/2013,Owl Night Club,-28.8,CA
7305,4/26/2013,Owl Night Club,-27.55,CA
7305,4/26/2013,Wine Bar,-31.47,CA
7305,4/26/2013,Public Transportation - Train Pass,-9.29,CA
7305,4/26/2013,Bowling,-31.99,CA
7305,4/26/2013,Food Delivery - GrubHub,-100.38,CA
7305,4/27/2013,Owl Night Club,-83.96,CA
7305,4/27/2013,Taxi,-28.73,CA
7305,4/28/2013,Fisker Night Club,-26.61,CA
7305,4/28/2013,Seaside Bar,-22.77,CA
7305,4/29/2013,Taxi,-12.59,CA
7305,4/29/2013,Fisker Night Club,-26.34,CA
7305,4/30/2013,Lyft,-25.23,CA
7305,4/30/2013,Fisker Night Club,-27.26,CA
7305,4/30/2013,Ralph's Grocery Store,-39.24,CA
7305,5/2/2013,Paycheck,4609,CA
7305,5/2/2013,Housing Rent,-1262,CA
7305,5/2/2013,Time Warner Cable,-25,CA
7305,5/2/2013,ACS - Student Loans,-135,CA
7305,5/2/2013,Bowling,-18.89,CA
7305,5/3/2013,Movie Ticket,-28.33,CA
7305,5/3/2013,Bowling,-26.22,CA
7305,5/3/2013,Movie Ticket,-3.02,CA
7305,5/4/2013,Ice Skating Rink,-4.61,CA
7305,5/4/2013,Karaoke Bar,-23.02,CA
7305,5/4/2013,Restaurant - Pizza,-36.04,CA
7305,5/4/2013,Von's Groceries,-39.33,CA
7305,5/4/2013,John's Bar & Restaurant,-22.48,CA
7305,5/5/2013,Lyft,-19.3,CA
7305,5/5/2013,John's Bar & Restaurant,-112.03,CA
7305,5/5/2013,Restaurant - Pizza,-6.32,CA
7305,5/5/2013,Lyft,-23.43,CA
7305,5/6/2013,Bowling,-7.49,CA
7305,5/6/2013,Restaurant - Steakhouse,-18.16,CA
7305,5/7/2013,Wine Bar,-103.69,CA
7305,5/7/2013,Uber,-109.51,CA
7305,5/7/2013,Ralph's Grocery Store,-81.07,CA
7305,5/7/2013,Taxi,-33.35,CA
7305,5/7/2013,Movie Ticket,-17.33,CA
7305,5/7/2013,Seaside Bar,-8.68,CA
7305,5/7/2013,Restaurant - Chinese,-14.17,CA
7305,5/8/2013,Taxi,-39.47,CA
7305,5/8/2013,Public Transportation - Bus Pass,-33.86,CA
7305,5/8/2013,Taxi,-49.52,CA
7305,5/8/2013,Karaoke Bar,-38.59,CA
7305,5/8/2013,Movie Ticket,-9.64,CA
7305,5/8/2013,Concert Ticket,-23.53,CA
7305,5/8/2013,Ice Skating Rink,-111.87,CA
7305,5/8/2013,Movie Ticket,-25.39,CA
7305,5/8/2013,Concert Ticket,-32.98,CA
7305,5/8/2013,Lyft,-33.93,CA
7305,5/8/2013,Owl Night Club,-67.6,CA
7305,5/8/2013,Fisker Night Club,-10.25,CA
7305,5/8/2013,Restaurant - Chinese,-12.88,CA
7305,5/8/2013,Lyft,-25.87,CA
7305,5/9/2013,Restaurant - Steakhouse,-7.36,CA
7305,5/9/2013,Restaurant - Burgers,-23.63,CA
7305,5/10/2013,Von's Groceries,-44.48,CA
7305,5/10/2013,Movie Ticket,-19.01,CA
7305,5/10/2013,Public Transportation - Bus Pass,-6.84,CA
7305,5/10/2013,Public Transportation - Train Pass,-6.23,CA
7305,5/10/2013,Public Transportation - Train Pass,-23.18,CA
7305,5/10/2013,Public Transportation - Bus Pass,-34.52,CA
7305,5/10/2013,John's Bar & Restaurant,-13.73,CA
7305,5/10/2013,Movie Ticket,-25.44,CA
7305,5/10/2013,Lyft,-21.06,CA
7305,5/10/2013,Rodriguez's Bar and Grill,-39.98,CA
7305,5/10/2013,Seaside Bar,-12.22,CA
7305,5/10/2013,Lyft,-78,CA
7305,5/10/2013,Public Transportation - Bus Pass,-17.94,CA
7305,5/11/2013,Concert Ticket,-26.88,CA
7305,5/11/2013,Seaside Bar,-78.12,CA
7305,5/11/2013,Food Delivery - GrubHub,-28.65,CA
7305,5/11/2013,Concert Ticket,-1.63,CA
7305,5/12/2013,Green Flash Brewery,-7.23,CA
7305,5/13/2013,Rodriguez's Bar and Grill,-11.6,CA
7305,5/14/2013,Owl Night Club,-23.65,CA
7305,5/14/2013,Concert Ticket,-30.09,CA
7305,5/14/2013,Owl Night Club,-16.57,CA
7305,5/14/2013,Bowling,-99.63,CA
7305,5/14/2013,Movie Ticket,-30.85,CA
7305,5/14/2013,Ralph's Grocery Store,-39.35,CA
7305,5/15/2013,John's Bar & Restaurant,-87.86,CA
7305,5/15/2013,Restaurant - Pizza,-1.68,CA
7305,5/16/2013,Ice Skating Rink,-111.27,CA
7305,5/16/2013,Rodriguez's Bar and Grill,-23.63,CA
7305,5/17/2013,Taxi,-36.48,CA
7305,5/17/2013,Uber,-24.01,CA
7305,5/17/2013,Green Flash Brewery,-20.2,CA
7305,5/17/2013,Starbucks Coffee,-69.13,CA
7305,5/17/2013,Concert Ticket,-19.87,CA
7305,5/17/2013,Green Flash Brewery,-9.46,CA
7305,5/17/2013,Uber,-39,CA
7305,5/17/2013,Owl Night Club,-14.38,CA
7305,5/17/2013,Ralph's Grocery Store,-15.13,CA
7305,5/18/2013,Public Transportation - Train Pass,-13.57,CA
7305,5/18/2013,Seaside Bar,-39.93,CA
7305,5/19/2013,Sprouts Market,-17.5,CA
7305,5/19/2013,John's Bar & Restaurant,-26.71,CA
7305,5/20/2013,Starbucks Coffee,-37.88,CA
7305,5/20/2013,Ice Skating Rink,-59.44,CA
7305,5/21/2013,Taxi,-78.27,CA
7305,5/21/2013,Taxi,-15.56,CA
7305,5/21/2013,Karaoke Bar,-18.48,CA
7305,5/21/2013,John's Bar & Restaurant,-18.44,CA
7305,5/21/2013,Bowling,-9.17,CA
7305,5/22/2013,Rodriguez's Bar and Grill,-9.79,CA
7305,5/22/2013,Lyft,-12.13,CA
7305,5/22/2013,Public Transportation - Train Pass,-16.34,CA
7305,5/23/2013,Food Delivery - GrubHub,-38.71,CA
7305,5/23/2013,Movie Ticket,-37.54,CA
7305,5/24/2013,Public Transportation - Train Pass,-32.82,CA
7305,5/24/2013,Restaurant - Steakhouse,-66.3,CA
7305,5/24/2013,Taxi,-33.84,CA
7305,5/24/2013,Taxi,-25.16,CA
7305,5/24/2013,Green Flash Brewery,-34.86,CA
7305,5/25/2013,Concert Ticket,-10.26,CA
7305,5/26/2013,Green Flash Brewery,-23.4,CA
7305,5/26/2013,Restaurant - Chinese,-12.14,CA
7305,5/27/2013,Von's Groceries,-19.48,CA
7305,5/27/2013,Movie Ticket,-10.72,CA
7305,5/27/2013,Starbucks Coffee,-8.16,CA
7305,5/27/2013,Restaurant - Steakhouse,-85.18,CA
7305,5/28/2013,Public Transportation - Bus Pass,-56.9,CA
7305,5/28/2013,Bowling,-3.02,CA
7305,5/28/2013,Restaurant - Pizza,-10.7,CA
7305,5/28/2013,Public Transportation - Train Pass,-48.92,CA
7305,5/29/2013,Rodriguez's Bar and Grill,-27.41,CA
7305,5/29/2013,Seaside Bar,-37.95,CA
7305,5/30/2013,Bowling,-85.34,CA
7305,6/2/2013,Paycheck,4609,CA
7305,6/2/2013,Housing Rent,-966,CA
7305,6/2/2013,Time Warner Cable,-25,CA
7305,6/2/2013,ACS - Student Loans,-135,CA
7305,6/2/2013,Restaurant - Burgers,-20.55,CA
7305,6/2/2013,Restaurant - Steakhouse,-31.85,CA
7305,6/2/2013,Seaside Bar,-12.59,CA
7305,6/2/2013,Concert Ticket,-29.3,CA
7305,6/3/2013,Bowling,-15.71,CA
7305,6/4/2013,Wine Bar,-111.06,CA
7305,6/4/2013,Wine Bar,-6.47,CA
7305,6/4/2013,Seaside Bar,-27.79,CA
7305,6/4/2013,Green Flash Brewery,-9.53,CA
7305,6/4/2013,Sprouts Market,-5.39,CA
7305,6/4/2013,Uber,-28,CA
7305,6/4/2013,Wine Bar,-39.51,CA
7305,6/4/2013,Owl Night Club,-31,CA
7305,6/4/2013,Taxi,-28.13,CA
7305,6/5/2013,Seaside Bar,-20.8,CA
7305,6/6/2013,Bowling,-16.28,CA
7305,6/7/2013,Restaurant - Pizza,-20.76,CA
7305,6/8/2013,Green Flash Brewery,-19.17,CA
7305,6/8/2013,Taxi,-21.59,CA
7305,6/8/2013,Movie Ticket,-83.99,CA
7305,6/8/2013,Karaoke Bar,-116.46,CA
7305,6/8/2013,Seaside Bar,-14.12,CA
7305,6/8/2013,Wine Bar,-53.04,CA
7305,6/9/2013,Whole Foods,-38.01,CA
7305,6/9/2013,Movie Ticket,-36.85,CA
7305,6/9/2013,Karaoke Bar,-37.52,CA
7305,6/9/2013,Karaoke Bar,-30.44,CA
7305,6/9/2013,Uber,-29.06,CA
7305,6/10/2013,Taxi,-35.9,CA
7305,6/10/2013,Rodriguez's Bar and Grill,-28.44,CA
7305,6/10/2013,Taxi,-32.33,CA
7305,6/11/2013,Whole Foods,-18.05,CA
7305,6/11/2013,Public Transportation - Bus Pass,-27.06,CA
7305,6/11/2013,Seaside Bar,-15.87,CA
7305,6/12/2013,Owl Night Club,-32.71,CA
7305,6/12/2013,Movie Ticket,-19.61,CA
7305,6/12/2013,Bowling,-23.18,CA
7305,6/13/2013,Public Transportation - Bus Pass,-32.26,CA
7305,6/13/2013,Taxi,-19.3,CA
7305,6/13/2013,Bowling,-21.12,CA
7305,6/14/2013,Sprouts Market,-3.69,CA
7305,6/14/2013,Movie Ticket,-18.22,CA
7305,6/14/2013,Bowling,-24.27,CA
7305,6/14/2013,Von's Groceries,-3.69,CA
7305,6/14/2013,Seaside Bar,-6.04,CA
7305,6/14/2013,Whole Foods,-3.83,CA
7305,6/15/2013,Restaurant - Pizza,-35.92,CA
7305,6/15/2013,Concert Ticket,-20.83,CA
7305,6/15/2013,John's Bar & Restaurant,-35.72,CA
7305,6/15/2013,Taxi,-16.81,CA
7305,6/16/2013,John's Bar & Restaurant,-47.33,CA
7305,6/16/2013,Fisker Night Club,-7.03,CA
7305,6/17/2013,Ice Skating Rink,-11.07,CA
7305,6/18/2013,John's Bar & Restaurant,-28.84,CA
7305,6/18/2013,Lyft,-34.77,CA
7305,6/19/2013,Sprouts Market,-35.92,CA
7305,6/19/2013,Lyft,-37.36,CA
7305,6/19/2013,Fisker Night Club,-17.35,CA
7305,6/19/2013,Karaoke Bar,-4.71,CA
7305,6/19/2013,Bowling,-17.21,CA
7305,6/19/2013,Wine Bar,-1.64,CA
7305,6/20/2013,Karaoke Bar,-35.02,CA
7305,6/20/2013,Fisker Night Club,-8.67,CA
7305,6/20/2013,Karaoke Bar,-25.57,CA
7305,6/20/2013,Green Flash Brewery,-30.87,CA
7305,6/20/2013,Uber,-33.12,CA
7305,6/20/2013,Rodriguez's Bar and Grill,-2.28,CA
7305,6/20/2013,Karaoke Bar,-62.07,CA
7305,6/20/2013,Uber,-59.47,CA
7305,6/20/2013,Public Transportation - Train Pass,-89.05,CA
7305,6/20/2013,Von's Groceries,-71.5,CA
7305,6/21/2013,Green Flash Brewery,-31.65,CA
7305,6/21/2013,Wine Bar,-81.98,CA
7305,6/21/2013,Rodriguez's Bar and Grill,-58,CA
7305,6/22/2013,Wine Bar,-37.43,CA
7305,6/22/2013,Starbucks Coffee,-36.53,CA
7305,6/23/2013,Public Transportation - Train Pass,-60.67,CA
7305,6/23/2013,Karaoke Bar,-25.56,CA
7305,6/23/2013,Whole Foods,-19.11,CA
7305,6/23/2013,Uber,-9.74,CA
7305,6/23/2013,Movie Ticket,-11.25,CA
7305,6/24/2013,Bowling,-11.22,CA
7305,6/25/2013,Movie Ticket,-6.74,CA
7305,6/25/2013,Fisker Night Club,-15.84,CA
7305,6/25/2013,Ice Skating Rink,-8.96,CA
7305,6/25/2013,Owl Night Club,-37,CA
7305,6/25/2013,Owl Night Club,-36.81,CA
7305,6/25/2013,Fisker Night Club,-10.44,CA
7305,6/26/2013,Wine Bar,-10.36,CA
7305,6/27/2013,Bowling,-1.76,CA
7305,6/28/2013,Rodriguez's Bar and Grill,-5.59,CA
7305,6/28/2013,Public Transportation - Train Pass,-26.77,CA
7305,6/28/2013,Starbucks Coffee,-39.67,CA
7305,6/29/2013,Starbucks Coffee,-62.27,CA
7305,6/29/2013,Restaurant - Steakhouse,-8.29,CA
7305,6/30/2013,Wine Bar,-16.05,CA
7305,6/30/2013,Karaoke Bar,-49.56,CA
7305,6/30/2013,Von's Groceries,-30.17,CA
7305,7/2/2013,Paycheck,4609,CA
7305,7/2/2013,Housing Rent,-1341,CA
7305,7/2/2013,Time Warner Cable,-25,CA
7305,7/2/2013,ACS - Student Loans,-135,CA
7305,7/2/2013,Restaurant - Burgers,-34.81,CA
7305,7/2/2013,Whole Foods,-8.44,CA
7305,7/2/2013,Bowling,-35.72,CA
7305,7/2/2013,Karaoke Bar,-34.26,CA
7305,7/3/2013,Public Transportation - Bus Pass,-0.21,CA
7305,7/4/2013,Karaoke Bar,-0.05,CA
7305,7/4/2013,John's Bar & Restaurant,-29.96,CA
7305,7/4/2013,Fisker Night Club,-18.16,CA
7305,7/4/2013,Lyft,-14.43,CA
7305,7/5/2013,Lyft,-12.59,CA
7305,7/6/2013,Green Flash Brewery,-4.6,CA
7305,7/6/2013,Public Transportation - Bus Pass,-58.61,CA
7305,7/7/2013,Karaoke Bar,-48.3,CA
7305,7/8/2013,Uber,-11.73,CA
7305,7/9/2013,Public Transportation - Bus Pass,-24.55,CA
7305,7/10/2013,Uber,-4.28,CA
7305,7/11/2013,Wine Bar,-12.92,CA
7305,7/12/2013,Bowling,-9.38,CA
7305,7/13/2013,Lyft,-3.85,CA
7305,7/13/2013,Concert Ticket,-81.31,CA
7305,7/14/2013,Uber,-29.63,CA
7305,7/14/2013,Public Transportation - Train Pass,-51.26,CA
7305,7/14/2013,John's Bar & Restaurant,-28.43,CA
7305,7/14/2013,Lyft,-71.09,CA
7305,7/14/2013,Uber,-21.32,CA
7305,7/14/2013,Taxi,-7.99,CA
7305,7/14/2013,Bowling,-96.35,CA
7305,7/14/2013,Public Transportation - Bus Pass,-118.64,CA
7305,7/15/2013,Karaoke Bar,-30.76,CA
7305,7/15/2013,Bowling,-34.9,CA
7305,7/15/2013,Restaurant - Pizza,-101.12,CA
7305,7/15/2013,Concert Ticket,-19.82,CA
7305,7/15/2013,Seaside Bar,-35.81,CA
7305,7/15/2013,Karaoke Bar,-35.79,CA
7305,7/16/2013,Ice Skating Rink,-18.59,CA
7305,7/17/2013,Wine Bar,-19.61,CA
7305,7/17/2013,Taxi,-32.52,CA
7305,7/17/2013,Public Transportation - Bus Pass,-12.23,CA
7305,7/17/2013,Concert Ticket,-14.76,CA
7305,7/17/2013,Green Flash Brewery,-116.43,CA
7305,7/18/2013,Karaoke Bar,-7.01,CA
7305,7/19/2013,Wine Bar,-5.46,CA
7305,7/19/2013,Seaside Bar,-10.77,CA
7305,7/19/2013,Bowling,-39.61,CA
7305,7/19/2013,Concert Ticket,-13.61,CA
7305,7/19/2013,John's Bar & Restaurant,-79.87,CA
7305,7/19/2013,Fisker Night Club,-7.51,CA
7305,7/19/2013,John's Bar & Restaurant,-28.38,CA
7305,7/20/2013,Ice Skating Rink,-110.24,CA
7305,7/20/2013,Uber,-27.27,CA
7305,7/21/2013,Public Transportation - Bus Pass,-19.33,CA
7305,7/21/2013,Bowling,-23.31,CA
7305,7/21/2013,Rodriguez's Bar and Grill,-27.03,CA
7305,7/21/2013,Green Flash Brewery,-17.75,CA
7305,7/21/2013,Public Transportation - Train Pass,-36.49,CA
7305,7/22/2013,Fisker Night Club,-78.17,CA
7305,7/23/2013,Whole Foods,-40.71,CA
7305,7/23/2013,Public Transportation - Bus Pass,-15.73,CA
7305,7/24/2013,Starbucks Coffee,-11.82,CA
7305,7/24/2013,John's Bar & Restaurant,-7.75,CA
7305,7/25/2013,Sprouts Market,-12.8,CA
7305,7/26/2013,Restaurant - Chinese,-29.8,CA
7305,7/27/2013,Seaside Bar,-23.86,CA
7305,7/27/2013,Von's Groceries,-0.53,CA
7305,7/28/2013,Concert Ticket,-21.57,CA
7305,7/28/2013,Taxi,-25.37,CA
7305,7/28/2013,Rodriguez's Bar and Grill,-0.05,CA
7305,7/29/2013,Restaurant - Burgers,-39.49,CA
7305,7/30/2013,Movie Ticket,-17.24,CA
7305,7/30/2013,Public Transportation - Train Pass,-30.08,CA
7305,7/30/2013,Wine Bar,-34.13,CA
7305,7/30/2013,Restaurant - Chinese,-12.44,CA
7305,8/2/2013,Paycheck,4609,CA
7305,8/2/2013,Housing Rent,-1215,CA
7305,8/2/2013,Time Warner Cable,-25,CA
7305,8/2/2013,ACS - Student Loans,-135,CA
7305,8/2/2013,Rodriguez's Bar and Grill,-4.54,CA
7305,8/2/2013,Bowling,-29.94,CA
7305,8/3/2013,Food Delivery - GrubHub,-17.99,CA
7305,8/4/2013,Owl Night Club,-1.73,CA
7305,8/5/2013,Fisker Night Club,-32.25,CA
7305,8/5/2013,Restaurant - Pizza,-15.58,CA
7305,8/5/2013,Public Transportation - Train Pass,-16.74,CA
7305,8/6/2013,Concert Ticket,-37.6,CA
7305,8/6/2013,Taxi,-7.51,CA
7305,8/6/2013,Public Transportation - Bus Pass,-79.35,CA
7305,8/6/2013,Movie Ticket,-4.56,CA
7305,8/7/2013,Karaoke Bar,-66.5,CA
7305,8/7/2013,Sprouts Market,-12.76,CA
7305,8/8/2013,Taxi,-112.99,CA
7305,8/9/2013,Ice Skating Rink,-20.76,CA
7305,8/9/2013,John's Bar & Restaurant,-17.86,CA
7305,8/9/2013,Bowling,-52.78,CA
7305,8/10/2013,Concert Ticket,-14.1,CA
7305,8/10/2013,Concert Ticket,-8.92,CA
7305,8/10/2013,Wine Bar,-3.22,CA
7305,8/10/2013,Concert Ticket,-105.23,CA
7305,8/11/2013,Bowling,-8.96,CA
7305,8/12/2013,Bowling,-13.03,CA
7305,8/12/2013,Movie Ticket,-108.42,CA
7305,8/13/2013,Wine Bar,-101.23,CA
7305,8/13/2013,Karaoke Bar,-18.39,CA
7305,8/14/2013,Von's Groceries,-15.6,CA
7305,8/14/2013,Von's Groceries,-0.19,CA
7305,8/14/2013,Movie Ticket,-25.68,CA
7305,8/15/2013,Bowling,-28.25,CA
7305,8/16/2013,Bowling,-2.55,CA
7305,8/16/2013,Rodriguez's Bar and Grill,-74.75,CA
7305,8/16/2013,Bowling,-25.35,CA
7305,8/17/2013,Wine Bar,-36.63,CA
7305,8/17/2013,Rodriguez's Bar and Grill,-10.27,CA
7305,8/17/2013,Owl Night Club,-20.11,CA
7305,8/18/2013,Owl Night Club,-9.6,CA
7305,8/18/2013,Restaurant - Burgers,-34.58,CA
7305,8/18/2013,Ice Skating Rink,-37.94,CA
7305,8/19/2013,John's Bar & Restaurant,-39.09,CA
7305,8/19/2013,Rodriguez's Bar and Grill,-20.35,CA
7305,8/20/2013,Movie Ticket,-23.02,CA
7305,8/21/2013,Uber,-6.82,CA
7305,8/21/2013,Owl Night Club,-21.4,CA
7305,8/21/2013,Sprouts Market,-108.67,CA
7305,8/21/2013,Taxi,-29.46,CA
7305,8/22/2013,Uber,-10.19,CA
7305,8/22/2013,Karaoke Bar,-22.39,CA
7305,8/22/2013,Ralph's Grocery Store,-5.93,CA
7305,8/23/2013,Movie Ticket,-28.04,CA
7305,8/24/2013,Fisker Night Club,-11.67,CA
7305,8/24/2013,Karaoke Bar,-115.48,CA
7305,8/24/2013,Restaurant - Pizza,-8.15,CA
7305,8/24/2013,Public Transportation - Bus Pass,-11.09,CA
7305,8/25/2013,Seaside Bar,-18.35,CA
7305,8/25/2013,Food Delivery - GrubHub,-8.93,CA
7305,8/25/2013,Whole Foods,-37.23,CA
7305,8/25/2013,Sprouts Market,-28.57,CA
7305,8/25/2013,Rodriguez's Bar and Grill,-6.08,CA
7305,8/25/2013,Uber,-24.5,CA
7305,8/25/2013,Green Flash Brewery,-39.63,CA
7305,8/25/2013,Karaoke Bar,-19.84,CA
7305,8/25/2013,Bowling,-45.69,CA
7305,8/25/2013,Green Flash Brewery,-12.62,CA
7305,8/25/2013,Uber,-2.92,CA
7305,8/25/2013,Restaurant - Steakhouse,-107.56,CA
7305,8/25/2013,Owl Night Club,-12.96,CA
7305,8/25/2013,John's Bar & Restaurant,-27.03,CA
7305,8/26/2013,Karaoke Bar,-20.59,CA
7305,8/27/2013,Food Delivery - GrubHub,-5.49,CA
7305,8/28/2013,Movie Ticket,-33.14,CA
7305,8/28/2013,Seaside Bar,-24.71,CA
7305,8/29/2013,Bowling,-27.72,CA
7305,8/29/2013,Movie Ticket,-1.46,CA
7305,8/29/2013,Ice Skating Rink,-7.95,CA
7305,8/30/2013,Bowling,-35.69,CA
7305,8/30/2013,Bowling,-29.75,CA
7305,9/2/2013,Paycheck,4609,CA
7305,9/2/2013,Housing Rent,-1261,CA
7305,9/2/2013,Time Warner Cable,-25,CA
7305,9/2/2013,ACS - Student Loans,-135,CA
7305,9/2/2013,Ralph's Grocery Store,-15.22,CA
7305,9/2/2013,Owl Night Club,-31.55,CA
7305,9/3/2013,Owl Night Club,-36.04,CA
7305,9/3/2013,Public Transportation - Bus Pass,-68.04,CA
7305,9/3/2013,Restaurant - Burgers,-17.79,CA
7305,9/3/2013,Taxi,-28.33,CA
7305,9/4/2013,Seaside Bar,-15.36,CA
7305,9/4/2013,Uber,-25.99,CA
7305,9/4/2013,Food Delivery - GrubHub,-45.29,CA
7305,9/4/2013,Wine Bar,-25.09,CA
7305,9/4/2013,Public Transportation - Bus Pass,-8.93,CA
7305,9/5/2013,Seaside Bar,-7.41,CA
7305,9/5/2013,Owl Night Club,-1.49,CA
7305,9/5/2013,Wine Bar,-49.4,CA
7305,9/5/2013,Karaoke Bar,-14.94,CA
7305,9/6/2013,Green Flash Brewery,-1.88,CA
7305,9/6/2013,Owl Night Club,-26.57,CA
7305,9/6/2013,Lyft,-9.42,CA
7305,9/6/2013,Restaurant - Chinese,-27.16,CA
7305,9/6/2013,Taxi,-11.25,CA
7305,9/6/2013,Restaurant - Steakhouse,-85.79,CA
7305,9/6/2013,Bowling,-33.09,CA
7305,9/6/2013,John's Bar & Restaurant,-10.25,CA
7305,9/6/2013,Green Flash Brewery,-13.56,CA
7305,9/6/2013,Green Flash Brewery,-11.5,CA
7305,9/6/2013,Uber,-6.5,CA
7305,9/6/2013,Wine Bar,-1.17,CA
7305,9/6/2013,Lyft,-32.3,CA
7305,9/6/2013,Karaoke Bar,-82.32,CA
7305,9/6/2013,Taxi,-14.02,CA
7305,9/7/2013,Concert Ticket,-97.27,CA
7305,9/8/2013,Fisker Night Club,-22.63,CA
7305,9/8/2013,Movie Ticket,-10.18,CA
7305,9/8/2013,Whole Foods,-12.72,CA
7305,9/8/2013,Rodriguez's Bar and Grill,-3.96,CA
7305,9/8/2013,Green Flash Brewery,-69.34,CA
7305,9/8/2013,Bowling,-0.62,CA
7305,9/8/2013,Lyft,-35.85,CA
7305,9/8/2013,Karaoke Bar,-9.51,CA
7305,9/8/2013,Movie Ticket,-38.76,CA
7305,9/9/2013,Concert Ticket,-17.87,CA
7305,9/9/2013,Movie Ticket,-78.69,CA
7305,9/9/2013,Public Transportation - Train Pass,-39.26,CA
7305,9/9/2013,Karaoke Bar,-54.97,CA
7305,9/9/2013,Uber,-20.48,CA
7305,9/9/2013,Starbucks Coffee,-18.07,CA
7305,9/9/2013,Ice Skating Rink,-33.55,CA
7305,9/9/2013,Uber,-13.73,CA
7305,9/9/2013,Von's Groceries,-29.94,CA
7305,9/9/2013,Karaoke Bar,-22.24,CA
7305,9/9/2013,Concert Ticket,-34.85,CA
7305,9/9/2013,Ralph's Grocery Store,-32.51,CA
7305,9/9/2013,Restaurant - Chinese,-21.88,CA
7305,9/9/2013,Restaurant - Pizza,-9.69,CA
7305,9/10/2013,Karaoke Bar,-46.02,CA
7305,9/11/2013,Ralph's Grocery Store,-50.76,CA
7305,9/11/2013,Lyft,-87.26,CA
7305,9/11/2013,Ice Skating Rink,-16.06,CA
7305,9/11/2013,Owl Night Club,-24.39,CA
7305,9/11/2013,Restaurant - Pizza,-29.44,CA
7305,9/12/2013,Restaurant - Chinese,-110.56,CA
7305,9/13/2013,Lyft,-17.74,CA
7305,9/14/2013,Wine Bar,-35.87,CA
7305,9/15/2013,Karaoke Bar,-37.48,CA
7305,9/15/2013,Rodriguez's Bar and Grill,-25.59,CA
7305,9/15/2013,Ice Skating Rink,-8.95,CA
7305,9/15/2013,Restaurant - Burgers,-13.45,CA
7305,9/16/2013,Whole Foods,-26.49,CA
7305,9/16/2013,Concert Ticket,-9.95,CA
7305,9/16/2013,Rodriguez's Bar and Grill,-7.21,CA
7305,9/17/2013,Public Transportation - Train Pass,-17.36,CA
7305,9/18/2013,Green Flash Brewery,-61.75,CA
7305,9/18/2013,Karaoke Bar,-3.83,CA
7305,9/19/2013,Public Transportation - Bus Pass,-28.94,CA
7305,9/20/2013,Ice Skating Rink,-117.29,CA
7305,9/21/2013,Public Transportation - Bus Pass,-5.02,CA
7305,9/21/2013,Karaoke Bar,-35.11,CA
7305,9/21/2013,Seaside Bar,-63.45,CA
7305,9/21/2013,Von's Groceries,-19.78,CA
7305,9/21/2013,Karaoke Bar,-57.76,CA
7305,9/21/2013,Owl Night Club,-0.87,CA
7305,9/21/2013,Karaoke Bar,-36.05,CA
7305,9/22/2013,Bowling,-30.54,CA
7305,9/23/2013,Green Flash Brewery,-21.46,CA
7305,9/24/2013,Owl Night Club,-35.29,CA
7305,9/24/2013,Green Flash Brewery,-25.02,CA
7305,9/24/2013,Bowling,-30.44,CA
7305,9/24/2013,Public Transportation - Train Pass,-21.79,CA
7305,9/24/2013,Rodriguez's Bar and Grill,-4.9,CA
7305,9/24/2013,Ice Skating Rink,-24.35,CA
7305,9/24/2013,Restaurant - Pizza,-8.76,CA
7305,9/24/2013,Von's Groceries,-3.88,CA
7305,9/25/2013,Bowling,-6.55,CA
7305,9/25/2013,Restaurant - Steakhouse,-102.12,CA
7305,9/25/2013,John's Bar & Restaurant,-32,CA
7305,9/25/2013,Karaoke Bar,-35.99,CA
7305,9/25/2013,Bowling,-27.35,CA
7305,9/26/2013,Fisker Night Club,-22.44,CA
7305,9/27/2013,Movie Ticket,-34.39,CA
7305,9/27/2013,Restaurant - Steakhouse,-6.48,CA
7305,9/27/2013,Ice Skating Rink,-27.53,CA
7305,9/27/2013,Restaurant - Chinese,-21.67,CA
7305,9/28/2013,Bowling,-13.36,CA
7305,9/29/2013,Uber,-35.39,CA
7305,9/30/2013,Green Flash Brewery,-2.43,CA
7305,9/30/2013,Ralph's Grocery Store,-19.82,CA
7305,10/2/2013,Paycheck,4609,CA
7305,10/2/2013,Housing Rent,-772,CA
7305,10/2/2013,Time Warner Cable,-25,CA
7305,10/2/2013,ACS - Student Loans,-135,CA
7305,10/2/2013,Concert Ticket,-38.04,CA
7305,10/2/2013,Bowling,-24.37,CA
7305,10/2/2013,Bowling,-10.9,CA
7305,10/3/2013,Wine Bar,-24.54,CA
7305,10/3/2013,Public Transportation - Train Pass,-34.22,CA
7305,10/3/2013,Green Flash Brewery,-6.68,CA
7305,10/3/2013,Ice Skating Rink,-20.78,CA
7305,10/4/2013,Bowling,-39.25,CA
7305,10/5/2013,Restaurant - Chinese,-25.27,CA
7305,10/5/2013,Public Transportation - Bus Pass,-28.39,CA
7305,10/5/2013,Green Flash Brewery,-98.42,CA
7305,10/5/2013,Movie Ticket,-31.08,CA
7305,10/6/2013,Rodriguez's Bar and Grill,-13.96,CA
7305,10/6/2013,Taxi,-68.56,CA
7305,10/6/2013,Seaside Bar,-10.77,CA
7305,10/6/2013,Ralph's Grocery Store,-75.56,CA
7305,10/6/2013,Rodriguez's Bar and Grill,-17.57,CA
7305,10/6/2013,Public Transportation - Bus Pass,-9.17,CA
7305,10/6/2013,Restaurant - Chinese,-1.22,CA
7305,10/6/2013,Rodriguez's Bar and Grill,-1.57,CA
7305,10/6/2013,John's Bar & Restaurant,-7.55,CA
7305,10/7/2013,John's Bar & Restaurant,-29.53,CA
7305,10/7/2013,Restaurant - Burgers,-24.1,CA
7305,10/7/2013,John's Bar & Restaurant,-24.95,CA
7305,10/7/2013,Taxi,-35.18,CA
7305,10/8/2013,Restaurant - Pizza,-0.28,CA
7305,10/9/2013,Restaurant - Burgers,-1.69,CA
7305,10/10/2013,Rodriguez's Bar and Grill,-5.37,CA
7305,10/10/2013,Green Flash Brewery,-59.42,CA
7305,10/10/2013,Concert Ticket,-18.24,CA
7305,10/11/2013,Concert Ticket,-0.2,CA
7305,10/11/2013,Rodriguez's Bar and Grill,-10.94,CA
7305,10/12/2013,Uber,-35.75,CA
7305,10/13/2013,Rodriguez's Bar and Grill,-38.28,CA
7305,10/13/2013,Movie Ticket,-40.04,CA
7305,10/13/2013,Fisker Night Club,-42.12,CA
7305,10/13/2013,Wine Bar,-5.37,CA
7305,10/13/2013,Movie Ticket,-34.39,CA
7305,10/14/2013,Bowling,-35.32,CA
7305,10/14/2013,Green Flash Brewery,-38.49,CA
7305,10/15/2013,Starbucks Coffee,-5.78,CA
7305,10/15/2013,Bowling,-21.76,CA
7305,10/15/2013,Green Flash Brewery,-24.9,CA
7305,10/15/2013,Concert Ticket,-34.61,CA
7305,10/15/2013,Lyft,-26.7,CA
7305,10/16/2013,Karaoke Bar,-4.88,CA
7305,10/16/2013,Bowling,-30.67,CA
7305,10/17/2013,Public Transportation - Train Pass,-16.86,CA
7305,10/17/2013,Green Flash Brewery,-4.23,CA
7305,10/17/2013,Public Transportation - Bus Pass,-12.62,CA
7305,10/17/2013,Fisker Night Club,-113.15,CA
7305,10/17/2013,Movie Ticket,-9.59,CA
7305,10/18/2013,Ralph's Grocery Store,-11.34,CA
7305,10/19/2013,Karaoke Bar,-37.63,CA
7305,10/20/2013,Owl Night Club,-45.58,CA
7305,10/20/2013,Karaoke Bar,-32.31,CA
7305,10/20/2013,Sprouts Market,-3.36,CA
7305,10/20/2013,Von's Groceries,-38.29,CA
7305,10/21/2013,Movie Ticket,-7.05,CA
7305,10/22/2013,Public Transportation - Train Pass,-37.2,CA
7305,10/23/2013,Seaside Bar,-7.79,CA
7305,10/23/2013,Movie Ticket,-7.18,CA
7305,10/24/2013,Taxi,-35.99,CA
7305,10/24/2013,Food Delivery - GrubHub,-39,CA
7305,10/25/2013,Lyft,-2.84,CA
7305,10/26/2013,Owl Night Club,-34.82,CA
7305,10/26/2013,Rodriguez's Bar and Grill,-25,CA
7305,10/26/2013,Concert Ticket,-28.4,CA
7305,10/27/2013,Taxi,-28.81,CA
7305,10/27/2013,Fisker Night Club,-6.24,CA
7305,10/27/2013,Wine Bar,-31.3,CA
7305,10/27/2013,Fisker Night Club,-71.03,CA
7305,10/27/2013,Ice Skating Rink,-25.42,CA
7305,10/27/2013,Public Transportation - Bus Pass,-13.82,CA
7305,10/27/2013,Ice Skating Rink,-3.42,CA
7305,10/27/2013,Rodriguez's Bar and Grill,-16.52,CA
7305,10/28/2013,Restaurant - Chinese,-39.04,CA
7305,10/28/2013,Karaoke Bar,-0.47,CA
7305,10/28/2013,Public Transportation - Train Pass,-102.03,CA
7305,10/29/2013,Public Transportation - Train Pass,-11.07,CA
7305,10/29/2013,Owl Night Club,-6.17,CA
7305,10/29/2013,Restaurant - Burgers,-119.55,CA
7305,10/29/2013,Seaside Bar,-36.18,CA
7305,10/29/2013,Seaside Bar,-12.95,CA
7305,10/29/2013,John's Bar & Restaurant,-20.6,CA
7305,10/30/2013,Fisker Night Club,-110.75,CA
7305,11/2/2013,Housing Rent,-999,CA
7305,11/2/2013,Time Warner Cable,-25,CA
7305,11/2/2013,ACS - Student Loans,-135,CA
7305,11/2/2013,Restaurant - Chinese,-25.61,CA
7305,11/2/2013,Seaside Bar,-10.88,CA
7305,11/2/2013,Ice Skating Rink,-34.41,CA
7305,11/3/2013,Uber,-36.13,CA
7305,11/3/2013,Owl Night Club,-37.04,CA
7305,11/3/2013,Food Delivery - GrubHub,-22.09,CA
7305,11/4/2013,Whole Foods,-28.28,CA
7305,11/4/2013,Seaside Bar,-24.6,CA
7305,11/4/2013,Wine Bar,-18.27,CA
7305,11/4/2013,Food Delivery - GrubHub,-29.79,CA
7305,11/4/2013,Rodriguez's Bar and Grill,-108.8,CA
7305,11/4/2013,Ralph's Grocery Store,-36.61,CA
7305,11/4/2013,Rodriguez's Bar and Grill,-13.89,CA
7305,11/4/2013,Food Delivery - GrubHub,-34.86,CA
7305,11/4/2013,Public Transportation - Train Pass,-12.1,CA
7305,11/5/2013,Sprouts Market,-96.08,CA
7305,11/5/2013,Public Transportation - Bus Pass,-13.55,CA
7305,11/6/2013,Von's Groceries,-19.26,CA
7305,11/6/2013,Seaside Bar,-6.89,CA
7305,11/6/2013,Fisker Night Club,-30.44,CA
7305,11/7/2013,Starbucks Coffee,-34.78,CA
7305,11/8/2013,Uber,-14.72,CA
7305,11/9/2013,Ice Skating Rink,-6.74,CA
7305,11/10/2013,Seaside Bar,-26.54,CA
7305,11/11/2013,Owl Night Club,-10.83,CA
7305,11/11/2013,Green Flash Brewery,-73.48,CA
7305,11/12/2013,Wine Bar,-53.12,CA
7305,11/13/2013,Owl Night Club,-16,CA
7305,11/14/2013,Bowling,-28.82,CA
7305,11/14/2013,John's Bar & Restaurant,-101.72,CA
7305,11/14/2013,Lyft,-38.76,CA
7305,11/14/2013,Restaurant - Burgers,-3.74,CA
7305,11/14/2013,Karaoke Bar,-6.47,CA
7305,11/14/2013,Movie Ticket,-19.67,CA
7305,11/14/2013,Public Transportation - Train Pass,-30.78,CA
7305,11/15/2013,Public Transportation - Bus Pass,-12.88,CA
7305,11/16/2013,John's Bar & Restaurant,-8.08,CA
7305,11/16/2013,Owl Night Club,-24.39,CA
7305,11/16/2013,Sprouts Market,-36.01,CA
7305,11/17/2013,Lyft,-96.25,CA
7305,11/18/2013,Green Flash Brewery,-7.51,CA
7305,11/18/2013,Restaurant - Pizza,-17.82,CA
7305,11/18/2013,Rodriguez's Bar and Grill,-19.73,CA
7305,11/18/2013,John's Bar & Restaurant,-28.78,CA
7305,11/19/2013,Green Flash Brewery,-61.88,CA
7305,11/19/2013,Karaoke Bar,-17.72,CA
7305,11/19/2013,John's Bar & Restaurant,-20.62,CA
7305,11/20/2013,Movie Ticket,-52.95,CA
7305,11/21/2013,John's Bar & Restaurant,-32.81,CA
7305,11/22/2013,Taxi,-75.15,CA
7305,11/22/2013,John's Bar & Restaurant,-36.57,CA
7305,11/23/2013,John's Bar & Restaurant,-38.88,CA
7305,11/23/2013,Public Transportation - Bus Pass,-24.94,CA
7305,11/23/2013,Fisker Night Club,-30.37,CA
7305,11/23/2013,Karaoke Bar,-32.56,CA
7305,11/23/2013,Bowling,-9.29,CA
7305,11/24/2013,Bowling,-3.61,CA
7305,11/25/2013,John's Bar & Restaurant,-9.79,CA
7305,11/26/2013,Owl Night Club,-2.95,CA
7305,11/27/2013,Movie Ticket,-108.14,CA
7305,11/28/2013,Public Transportation - Bus Pass,-28.33,CA
7305,11/29/2013,Green Flash Brewery,-13.5,CA
7305,11/29/2013,Owl Night Club,-98.93,CA
7305,11/30/2013,Uber,-15.71,CA
7305,11/30/2013,Restaurant - Steakhouse,-88.28,CA
7305,11/30/2013,Ice Skating Rink,-4.47,CA
7305,12/2/2013,Housing Rent,-971,CA
7305,12/2/2013,Time Warner Cable,-25,CA
7305,12/2/2013,ACS - Student Loans,-135,CA
7305,12/2/2013,John's Bar & Restaurant,-24.9,CA
7305,12/2/2013,Lyft,-3.66,CA
7305,12/2/2013,Whole Foods,-36.93,CA
7305,12/2/2013,Concert Ticket,-24.49,CA
7305,12/2/2013,Owl Night Club,-0.09,CA
7305,12/2/2013,Public Transportation - Bus Pass,-8.6,CA
7305,12/2/2013,Green Flash Brewery,-18.32,CA
7305,12/3/2013,Uber,-12.47,CA
7305,12/3/2013,Food Delivery - GrubHub,-14.53,CA
7305,12/4/2013,Ice Skating Rink,-40.36,CA
7305,12/4/2013,Fisker Night Club,-11.61,CA
7305,12/4/2013,Movie Ticket,-79.81,CA
7305,12/4/2013,Green Flash Brewery,-88.78,CA
7305,12/4/2013,Ice Skating Rink,-30.93,CA
7305,12/5/2013,Wine Bar,-8.81,CA
7305,12/6/2013,Wine Bar,-18.06,CA
7305,12/6/2013,Rodriguez's Bar and Grill,-22.17,CA
7305,12/6/2013,Public Transportation - Train Pass,-31.97,CA
7305,12/6/2013,Taxi,-15.29,CA
7305,12/6/2013,Wine Bar,-19.52,CA
7305,12/6/2013,Wine Bar,-37.19,CA
7305,12/7/2013,Food Delivery - GrubHub,-69.63,CA
7305,12/8/2013,Wine Bar,-11.09,CA
7305,12/9/2013,Owl Night Club,-15.49,CA
7305,12/9/2013,Movie Ticket,-21.18,CA
7305,12/9/2013,Fisker Night Club,-12.55,CA
7305,12/9/2013,Bowling,-34.38,CA
7305,12/10/2013,Karaoke Bar,-16.43,CA
7305,12/10/2013,Movie Ticket,-24.7,CA
7305,12/10/2013,Restaurant - Steakhouse,-8.39,CA
7305,12/10/2013,Lyft,-3.16,CA
7305,12/10/2013,Owl Night Club,-13.39,CA
7305,12/10/2013,Taxi,-28.1,CA
7305,12/10/2013,Seaside Bar,-0.71,CA
7305,12/10/2013,Wine Bar,-26.13,CA
7305,12/10/2013,Wine Bar,-0.26,CA
7305,12/10/2013,Public Transportation - Bus Pass,-26.07,CA
7305,12/11/2013,John's Bar & Restaurant,-114.06,CA
7305,12/11/2013,Rodriguez's Bar and Grill,-39.37,CA
7305,12/11/2013,Concert Ticket,-26.01,CA
7305,12/11/2013,Concert Ticket,-108.56,CA
7305,12/11/2013,Ice Skating Rink,-97.4,CA
7305,12/11/2013,Ice Skating Rink,-114.13,CA
7305,12/12/2013,Fisker Night Club,-21.25,CA
7305,12/12/2013,Seaside Bar,-32.24,CA
7305,12/13/2013,Rodriguez's Bar and Grill,-26.18,CA
7305,12/14/2013,Rodriguez's Bar and Grill,-106.54,CA
7305,12/14/2013,Taxi,-14.67,CA
7305,12/14/2013,Whole Foods,-61.15,CA
7305,12/14/2013,Wine Bar,-9.56,CA
7305,12/14/2013,John's Bar & Restaurant,-9.22,CA
7305,12/14/2013,Restaurant - Pizza,-18.61,CA
7305,12/15/2013,Von's Groceries,-44.49,CA
7305,12/15/2013,Owl Night Club,-39.03,CA
7305,12/16/2013,Restaurant - Pizza,-83.45,CA
7305,12/17/2013,Starbucks Coffee,-25.22,CA
7305,12/18/2013,Sprouts Market,-23.62,CA
7305,12/19/2013,Bowling,-73.64,CA
7305,12/19/2013,Green Flash Brewery,-7.09,CA
7305,12/20/2013,Sprouts Market,-22.88,CA
7305,12/20/2013,Ralph's Grocery Store,-6.26,CA
7305,12/20/2013,Ralph's Grocery Store,-84.56,CA
7305,12/21/2013,John's Bar & Restaurant,-16,CA
7305,12/21/2013,Movie Ticket,-21.8,CA
7305,12/21/2013,Concert Ticket,-33,CA
7305,12/21/2013,Rodriguez's Bar and Grill,-29.93,CA
7305,12/21/2013,John's Bar & Restaurant,-22.56,CA
7305,12/22/2013,Concert Ticket,-38.68,CA
7305,12/22/2013,Restaurant - Chinese,-36.43,CA
7305,12/23/2013,Restaurant - Pizza,-6.33,CA
7305,12/23/2013,Restaurant - Burgers,-33.49,CA
7305,12/24/2013,Restaurant - Steakhouse,-109.83,CA
7305,12/25/2013,Uber,-115.64,CA
7305,12/25/2013,Green Flash Brewery,-30.53,CA
7305,12/25/2013,Green Flash Brewery,-66.79,CA
7305,12/26/2013,Public Transportation - Bus Pass,-37.88,CA
7305,12/26/2013,Sprouts Market,-11.12,CA
7305,12/26/2013,Movie Ticket,-104.75,CA
7305,12/26/2013,Karaoke Bar,-28.9,CA
7305,12/26/2013,Lyft,-25.76,CA
7305,12/26/2013,Bowling,-36.14,CA
7305,12/26/2013,Taxi,-21.92,CA
7305,12/26/2013,Food Delivery - GrubHub,-21.23,CA
7305,12/26/2013,Karaoke Bar,-36.01,CA
7305,12/26/2013,Restaurant - Burgers,-2.28,CA
7305,12/26/2013,Lyft,-12.88,CA
7305,12/26/2013,Owl Night Club,-16.43,CA
7305,12/26/2013,Taxi,-20.55,CA
7305,12/26/2013,Mark's Movers,-44.26,CA
7305,12/26/2013,FedEx Shipping,-19.16,CA
7305,12/26/2013,Jerome's Furniture,-2.13,CA
7305,12/26/2013,Home Depot,-38.02,CA
7305,12/26/2013,Refrigerator Depot,-20.98,CA
7305,12/26/2013,Hamilton Move & Storage,-10.88,CA
7305,12/26/2013,Lyft,-7.57,CA
7305,12/26/2013,Taxi,-3.08,CA
7305,12/26/2013,Movie Ticket,-3.18,CA
7305,12/26/2013,Restaurant - Burgers,-3.04,CA
7305,12/27/2013,Movie Ticket,-6.03,CA
7305,12/27/2013,Concert Ticket,-34.65,CA
7305,12/27/2013,Von's Groceries,-24.08,CA
7305,12/28/2013,Seaside Bar,-15.6,CA
7305,12/28/2013,Lyft,-12.3,CA
7305,12/28/2013,Lyft,-30.65,CA
7305,12/29/2013,Lyft,-15.99,CA
7305,12/29/2013,Public Transportation - Bus Pass,-19.16,CA
7305,12/30/2013,John's Bar & Restaurant,-17.39,CA
7305,12/32/2013,Lyft,-27.49,CA
7305,12/32/2013,Bowling,-18.36,CA
7305,12/32/2013,Seaside Bar,-8.62,CA
7305,12/32/2013,Lyft,-17.86,CA
7305,12/32/2013,Wine Bar,-26.03,CA
7305,1/2/2014,Ice Skating Rink,-2.28,CA
7305,1/2/2014,John's Bar & Restaurant,-37.1,CA
7305,1/3/2014,Fisker Night Club,-33.97,CA
7305,1/3/2014,Uber,-9.11,CA
7305,1/4/2014,Lyft,-39.6,CA
7305,1/4/2014,Public Transportation - Train Pass,-9.23,CA
7305,1/4/2014,Fisker Night Club,-27.05,CA
7305,1/4/2014,Taxi,-1.03,CA
7305,1/4/2014,Green Flash Brewery,-18.12,CA
7305,1/4/2014,Sprouts Market,-26.03,CA
7305,1/4/2014,Green Flash Brewery,-98.94,CA
7305,1/4/2014,Restaurant - Pizza,-50.28,CA
7305,1/5/2014,Concert Ticket,-23.87,CA
7305,1/5/2014,Concert Ticket,-37.78,CA
7305,1/6/2014,Uber,-38.62,CA
7305,1/6/2014,John's Bar & Restaurant,-37.4,CA
7305,1/6/2014,John's Bar & Restaurant,-35.81,CA
7305,1/6/2014,Starbucks Coffee,-35.64,CA
7305,1/6/2014,Ice Skating Rink,-16.98,CA
7305,1/6/2014,Uber,-113.21,CA
7305,1/6/2014,Concert Ticket,-67.79,CA
7305,1/7/2014,Owl Night Club,-28.1,CA
7305,1/7/2014,John's Bar & Restaurant,-35.37,CA
7305,1/8/2014,Food Delivery - GrubHub,-27.41,CA
7305,1/9/2014,John's Bar & Restaurant,-13.74,CA
7305,1/9/2014,Wine Bar,-24.92,CA
7305,1/9/2014,Bowling,-20.69,CA
7305,1/10/2014,Taxi,-114.58,CA
7305,1/11/2014,Restaurant - Burgers,-10.33,CA
7305,1/11/2014,Seaside Bar,-102.37,CA
7305,1/11/2014,Concert Ticket,-29.28,CA
7305,1/11/2014,John's Bar & Restaurant,-12.5,CA
7305,1/11/2014,Public Transportation - Bus Pass,-29.47,CA
7305,1/11/2014,Restaurant - Steakhouse,-6.8,CA
7305,1/12/2014,Public Transportation - Bus Pass,-5.77,CA
7305,1/13/2014,Bowling,-60.01,CA
7305,1/13/2014,John's Bar & Restaurant,-32,CA
7305,1/13/2014,Owl Night Club,-20.08,CA
7305,1/13/2014,Green Flash Brewery,-103.36,CA
7305,1/14/2014,Concert Ticket,-39.17,CA
7305,1/14/2014,Taxi,-34.05,CA
7305,1/14/2014,Bowling,-5.25,CA
7305,1/15/2014,Ice Skating Rink,-21.8,CA
7305,1/15/2014,Public Transportation - Bus Pass,-33.52,CA
7305,1/15/2014,Taxi,-1.98,CA
7305,1/15/2014,Sprouts Market,-11.74,CA
7305,1/15/2014,Lyft,-15.64,CA
7305,1/15/2014,Amazon Order - Baby Crib,-21.24,CA
7305,1/15/2014,Hospital - Prenatal Care,-3.04,CA
7305,1/15/2014,Babies "R" Us,-30.89,CA
7305,1/15/2014,BuyBuyBaby.com,-89.6,CA
7305,1/15/2014,John's Bar & Restaurant,-97.55,CA
7305,1/15/2014,Seaside Bar,-7.34,CA
7305,1/16/2014,Bowling,-43.46,CA
7305,1/16/2014,Ralph's Grocery Store,-0.9,CA
7305,1/16/2014,Movie Ticket,-4.61,CA
7305,1/16/2014,Concert Ticket,-25.88,CA
7305,1/16/2014,Uber,-13.68,CA
7305,1/17/2014,Uber,-7.06,CA
7305,1/18/2014,Public Transportation - Train Pass,-46.85,CA
7305,1/19/2014,Public Transportation - Train Pass,-23.96,CA
7305,1/19/2014,Starbucks Coffee,-23.59,CA
7305,1/19/2014,Ralph's Grocery Store,-8.26,CA
7305,1/19/2014,Concert Ticket,-20.97,CA
7305,1/20/2014,Public Transportation - Train Pass,-23.91,CA
7305,1/20/2014,Food Delivery - GrubHub,-60.8,CA
7305,1/20/2014,Green Flash Brewery,-15.18,CA
7305,1/20/2014,John's Bar & Restaurant,-8.19,CA
7305,1/21/2014,Public Transportation - Bus Pass,-31.96,CA
7305,1/21/2014,Lyft,-18.03,CA
7305,1/21/2014,Taxi,-9.15,CA
7305,1/21/2014,Rodriguez's Bar and Grill,-72.42,CA
7305,1/21/2014,Public Transportation - Bus Pass,-16.97,CA
7305,1/21/2014,Restaurant - Burgers,-39.35,CA
7305,1/22/2014,Owl Night Club,-3.25,CA
7305,1/22/2014,Starbucks Coffee,-25.98,CA
7305,1/22/2014,Taxi,-2.45,CA
7305,1/22/2014,Green Flash Brewery,-56.31,CA
7305,1/23/2014,Whole Foods,-29.8,CA
7305,1/24/2014,Food Delivery - GrubHub,-14.13,CA
7305,1/25/2014,Karaoke Bar,-8.47,CA
7305,1/25/2014,Ice Skating Rink,-12.2,CA
7305,1/26/2014,Seaside Bar,-9.38,CA
7305,1/27/2014,Green Flash Brewery,-30.93,CA
7305,1/27/2014,Restaurant - Chinese,-27.02,CA
7305,1/28/2014,Green Flash Brewery,-10.72,CA
7305,1/28/2014,Fisker Night Club,-34.02,CA
7305,1/28/2014,Wine Bar,-2.54,CA
7305,1/28/2014,Wine Bar,-9.83,CA
7305,1/28/2014,Ice Skating Rink,-15.75,CA
7305,1/28/2014,Taxi,-17.6,CA
7305,1/28/2014,Lyft,-4.88,CA
7305,1/28/2014,Ice Skating Rink,-10.87,CA
7305,1/28/2014,Uber,-14.85,CA
7305,1/28/2014,Taxi,-9.25,CA
7305,1/28/2014,Uber,-9.17,CA
7305,1/28/2014,Rodriguez's Bar and Grill,-62.04,CA
7305,1/29/2014,John's Bar & Restaurant,-2.12,CA
7305,1/29/2014,Restaurant - Chinese,-74.65,CA
7305,1/29/2014,Movie Ticket,-25.29,CA
7305,1/30/2014,John's Bar & Restaurant,-26.57,CA
7305,1/30/2014,Bowling,-6.96,CA
7305,1/30/2014,John's Bar & Restaurant,-23.99,CA
7305,1/30/2014,Sprouts Market,-61.41,CA
7305,3/2/2014,Housing Rent,-898,CA
7305,3/2/2014,Time Warner Cable,-25,CA
7305,3/2/2014,ACS - Student Loans,-135,CA
7305,3/2/2014,Green Flash Brewery,-83.12,CA
7305,3/2/2014,Public Transportation - Bus Pass,-33.14,CA
7305,3/2/2014,John's Bar & Restaurant,-8.17,CA
7305,3/2/2014,Rodriguez's Bar and Grill,-15.61,CA
7305,3/2/2014,John's Bar & Restaurant,-15.61,CA
7305,3/2/2014,Restaurant - Chinese,-28.34,CA
7305,3/2/2014,John's Bar & Restaurant,-28.5,CA
7305,3/2/2014,Sprouts Market,-24.99,CA
7305,3/2/2014,Public Transportation - Bus Pass,-73.11,CA
7305,3/2/2014,Ralph's Grocery Store,-27.77,CA
7305,3/3/2014,Public Transportation - Train Pass,-20.14,CA
7305,3/4/2014,Restaurant - Steakhouse,-13.79,CA
7305,3/4/2014,Restaurant - Pizza,-12.82,CA
7305,3/5/2014,Seaside Bar,-33.64,CA
7305,3/5/2014,Ralph's Grocery Store,-27.12,CA
7305,3/6/2014,Karaoke Bar,-29.27,CA
7305,3/7/2014,Movie Ticket,-4.97,CA
7305,3/7/2014,Rodriguez's Bar and Grill,-27.3,CA
7305,3/7/2014,Wine Bar,-4.24,CA
7305,3/7/2014,John's Bar & Restaurant,-18.72,CA
7305,3/8/2014,Seaside Bar,-7.22,CA
7305,3/8/2014,Wine Bar,-14.55,CA
7305,3/8/2014,Whole Foods,-5.96,CA
7305,3/9/2014,Lyft,-18.6,CA
7305,3/9/2014,Concert Ticket,-32.06,CA
7305,3/9/2014,Sprouts Market,-5.56,CA
7305,3/9/2014,Bowling,-31.16,CA
7305,3/10/2014,Whole Foods,-28.32,CA
7305,3/10/2014,Karaoke Bar,-11.57,CA
7305,3/11/2014,Public Transportation - Train Pass,-2.73,CA
7305,3/11/2014,Sprouts Market,-12.46,CA
7305,3/12/2014,Movie Ticket,-34.58,CA
7305,3/12/2014,Ice Skating Rink,-8.56,CA
7305,3/12/2014,Lyft,-3.35,CA
7305,3/13/2014,Restaurant - Chinese,-13.79,CA
7305,3/13/2014,Restaurant - Burgers,-4.62,CA
7305,3/14/2014,Whole Foods,-32.02,CA
7305,3/14/2014,Restaurant - Burgers,-101.96,CA
7305,3/14/2014,Von's Groceries,-18.58,CA
7305,3/14/2014,Public Transportation - Bus Pass,-21.98,CA
7305,3/14/2014,Food Delivery - GrubHub,-17.1,CA
7305,3/15/2014,Movie Ticket,-8.72,CA
7305,3/15/2014,Karaoke Bar,-77.75,CA
7305,3/15/2014,Green Flash Brewery,-48.77,CA
7305,3/16/2014,Lyft,-30.89,CA
7305,3/16/2014,Movie Ticket,-35.92,CA
7305,3/16/2014,Concert Ticket,-22.06,CA
7305,3/16/2014,Bowling,-25.66,CA
7305,3/17/2014,Whole Foods,-15.97,CA
7305,3/17/2014,Fisker Night Club,-9.74,CA
7305,3/17/2014,Uber,-4.46,CA
7305,3/17/2014,Public Transportation - Train Pass,-0.7,CA
7305,3/17/2014,Restaurant - Pizza,-20.57,CA
7305,3/17/2014,Restaurant - Chinese,-13.87,CA
7305,3/17/2014,Ralph's Grocery Store,-19.3,CA
7305,3/18/2014,Starbucks Coffee,-22.15,CA
7305,3/19/2014,Bowling,-4.59,CA
7305,3/19/2014,Sprouts Market,-19.16,CA
7305,3/19/2014,Bowling,-21.34,CA
7305,3/19/2014,Ice Skating Rink,-12.75,CA
7305,3/20/2014,John's Bar & Restaurant,-27.68,CA
7305,3/20/2014,Rodriguez's Bar and Grill,-114.16,CA
7305,3/20/2014,Sprouts Market,-18.26,CA
7305,3/20/2014,Fisker Night Club,-32.24,CA
7305,3/20/2014,Bowling,-3.23,CA
7305,3/20/2014,Public Transportation - Bus Pass,-35.83,CA
7305,3/20/2014,Ralph's Grocery Store,-7.07,CA
7305,3/21/2014,Public Transportation - Bus Pass,-18.24,CA
7305,3/21/2014,Sprouts Market,-32.28,CA
7305,3/21/2014,Fisker Night Club,-32.68,CA
7305,3/21/2014,John's Bar & Restaurant,-15.08,CA
7305,3/21/2014,Von's Groceries,-116.67,CA
7305,3/21/2014,John's Bar & Restaurant,-26.48,CA
7305,3/21/2014,Ralph's Grocery Store,-15.64,CA
7305,3/21/2014,Restaurant - Chinese,-8.97,CA
7305,3/21/2014,Ice Skating Rink,-21.57,CA
7305,3/21/2014,John's Bar & Restaurant,-9.78,CA
7305,3/21/2014,Ice Skating Rink,-6.63,CA
7305,3/21/2014,Seaside Bar,-13.1,CA
7305,3/21/2014,John's Bar & Restaurant,-0.88,CA
7305,3/21/2014,Whole Foods,-4.82,CA
7305,3/21/2014,Wine Bar,-5.18,CA
7305,3/21/2014,Movie Ticket,-23.1,CA
7305,3/22/2014,Uber,-16.39,CA
7305,3/22/2014,Rodriguez's Bar and Grill,-117.71,CA
7305,3/22/2014,Seaside Bar,-13.54,CA
7305,3/22/2014,Seaside Bar,-38.37,CA
7305,3/22/2014,Fisker Night Club,-93.03,CA
7305,3/22/2014,Karaoke Bar,-10.88,CA
7305,3/22/2014,Restaurant - Pizza,-8.14,CA
7305,3/22/2014,Public Transportation - Train Pass,-16.39,CA
7305,3/23/2014,Sprouts Market,-19.98,CA
7305,3/24/2014,Concert Ticket,-34.41,CA
7305,3/24/2014,Public Transportation - Train Pass,-20.87,CA
7305,3/24/2014,Uber,-75.18,CA
7305,3/24/2014,Green Flash Brewery,-30.87,CA
7305,3/24/2014,Karaoke Bar,-117.44,CA
7305,3/24/2014,Taxi,-33.39,CA
7305,3/25/2014,Movie Ticket,-20.81,CA
7305,3/25/2014,Sprouts Market,-28.7,CA
7305,3/25/2014,Rodriguez's Bar and Grill,-33.13,CA
7305,3/26/2014,Fisker Night Club,-38.19,CA
7305,3/26/2014,Bowling,-23.16,CA
7305,3/26/2014,Public Transportation - Train Pass,-75.25,CA
7305,3/26/2014,Concert Ticket,-16.65,CA
7305,3/26/2014,Restaurant - Burgers,-19.14,CA
7305,3/26/2014,John's Bar & Restaurant,-7.44,CA
7305,3/27/2014,Owl Night Club,-12.21,CA
7305,3/27/2014,Fisker Night Club,-10.8,CA
7305,3/27/2014,Public Transportation - Bus Pass,-32.84,CA
7305,3/28/2014,Ice Skating Rink,-111.17,CA
7305,3/28/2014,Taxi,-13.7,CA
7305,3/28/2014,Karaoke Bar,-41.22,CA
7305,3/28/2014,Public Transportation - Train Pass,-11.24,CA
7305,3/28/2014,Ice Skating Rink,-14.22,CA
7305,3/29/2014,Uber,-44.02,CA
7305,3/30/2014,Rodriguez's Bar and Grill,-106.63,CA
7305,3/30/2014,Ralph's Grocery Store,-27.65,CA
7305,4/2/2014,Housing Rent,-1354,CA
7305,4/2/2014,Time Warner Cable,-25,CA
7305,4/2/2014,ACS - Student Loans,-135,CA
7305,4/2/2014,Uber,-5.81,CA
7305,4/2/2014,Restaurant - Chinese,-19.94,CA
7305,4/2/2014,Rodriguez's Bar and Grill,-66.86,CA
7305,4/2/2014,Ice Skating Rink,-74.55,CA
7305,4/2/2014,Uber,-4.11,CA
7305,4/3/2014,Rodriguez's Bar and Grill,-14.67,CA
7305,4/4/2014,Green Flash Brewery,-25.22,CA
7305,4/5/2014,Rodriguez's Bar and Grill,-25.01,CA
7305,4/5/2014,Fisker Night Club,-36.28,CA
7305,4/5/2014,Karaoke Bar,-35.99,CA
7305,4/5/2014,Rodriguez's Bar and Grill,-24.91,CA
7305,4/6/2014,John's Bar & Restaurant,-18.28,CA
7305,4/6/2014,Wine Bar,-19.1,CA
7305,4/7/2014,Restaurant - Steakhouse,-10.95,CA
7305,4/7/2014,Taxi,-33.1,CA
7305,4/8/2014,Concert Ticket,-93.98,CA
7305,4/8/2014,Concert Ticket,-32.5,CA
7305,4/8/2014,Seaside Bar,-42.5,CA
7305,4/8/2014,Ice Skating Rink,-17.34,CA
7305,4/8/2014,Owl Night Club,-16.87,CA
7305,4/9/2014,Karaoke Bar,-10.62,CA
7305,4/10/2014,Concert Ticket,-3.62,CA
7305,4/10/2014,Restaurant - Pizza,-16.74,CA
7305,4/10/2014,Karaoke Bar,-22.08,CA
7305,4/10/2014,Karaoke Bar,-62.53,CA
7305,4/10/2014,Food Delivery - GrubHub,-19.87,CA
7305,4/10/2014,Whole Foods,-4.6,CA
7305,4/10/2014,Starbucks Coffee,-37.34,CA
7305,4/10/2014,Uber,-6.54,CA
7305,4/10/2014,Green Flash Brewery,-27.62,CA
7305,4/10/2014,Public Transportation - Bus Pass,-40,CA
7305,4/10/2014,Public Transportation - Train Pass,-8.04,CA
7305,4/10/2014,Concert Ticket,-18.93,CA
7305,4/10/2014,Fisker Night Club,-34.18,CA
7305,4/10/2014,Rodriguez's Bar and Grill,-0.41,CA
7305,4/11/2014,John's Bar & Restaurant,-115.44,CA
7305,4/11/2014,Green Flash Brewery,-2.9,CA
7305,4/12/2014,Movie Ticket,-2.92,CA
7305,4/13/2014,Seaside Bar,-17.11,CA
7305,4/13/2014,Rodriguez's Bar and Grill,-0.77,CA
7305,4/13/2014,Movie Ticket,-18.73,CA
7305,4/13/2014,Wine Bar,-23.45,CA
7305,4/13/2014,Movie Ticket,-32.37,CA
7305,4/13/2014,Rodriguez's Bar and Grill,-13.2,CA
7305,4/13/2014,Food Delivery - GrubHub,-13.68,CA
7305,4/13/2014,Fisker Night Club,-11.62,CA
7305,4/14/2014,Green Flash Brewery,-98.16,CA
7305,4/15/2014,Rodriguez's Bar and Grill,-1.8,CA
7305,4/16/2014,Karaoke Bar,-9.16,CA
7305,4/17/2014,Movie Ticket,-18.4,CA
7305,4/17/2014,Wine Bar,-10.32,CA
7305,4/18/2014,Fisker Night Club,-61.84,CA
7305,4/18/2014,Movie Ticket,-1.65,CA
7305,4/18/2014,Lyft,-35.89,CA
7305,4/19/2014,Starbucks Coffee,-37.24,CA
7305,4/19/2014,Public Transportation - Train Pass,-6.07,CA
7305,4/19/2014,Rodriguez's Bar and Grill,-102.71,CA
7305,4/19/2014,Fisker Night Club,-13.2,CA
7305,4/20/2014,Bowling,-10.42,CA
7305,4/20/2014,Lyft,-30.94,CA
7305,4/21/2014,Karaoke Bar,-31.52,CA
7305,4/22/2014,Wine Bar,-27.66,CA
7305,4/22/2014,Restaurant - Burgers,-27.43,CA
7305,4/22/2014,Von's Groceries,-21.44,CA
7305,4/23/2014,Von's Groceries,-14.02,CA
7305,4/23/2014,Restaurant - Chinese,-35.4,CA
7305,4/24/2014,Ralph's Grocery Store,-102.54,CA
7305,4/25/2014,Taxi,-27.12,CA
7305,4/25/2014,Lyft,-20.33,CA
7305,4/25/2014,Restaurant - Burgers,-24.99,CA
7305,4/26/2014,Seaside Bar,-47.55,CA
7305,4/26/2014,Bowling,-101.63,CA
7305,4/26/2014,Sprouts Market,-17.75,CA
7305,4/26/2014,Public Transportation - Bus Pass,-7.47,CA
7305,4/26/2014,Rodriguez's Bar and Grill,-25.22,CA
7305,4/26/2014,Restaurant - Burgers,-0.33,CA
7305,4/26/2014,Whole Foods,-19.26,CA
7305,4/26/2014,Bowling,-9.49,CA
7305,4/26/2014,Restaurant - Steakhouse,-5.4,CA
7305,4/26/2014,Bowling,-35,CA
7305,4/27/2014,Uber,-37.28,CA
7305,4/27/2014,Concert Ticket,-83.81,CA
7305,4/27/2014,Fisker Night Club,-22.93,CA
7305,4/28/2014,Ice Skating Rink,-34.71,CA
7305,4/28/2014,Public Transportation - Bus Pass,-22.18,CA
7305,4/28/2014,Karaoke Bar,-50.21,CA
7305,4/28/2014,Starbucks Coffee,-28.66,CA
7305,4/28/2014,Karaoke Bar,-22.87,CA
7305,4/28/2014,Wine Bar,-24.19,CA
7305,4/28/2014,Ice Skating Rink,-12.42,CA
7305,4/28/2014,Seaside Bar,-16.62,CA
7305,4/29/2014,Lyft,-25.19,CA
7305,4/29/2014,Green Flash Brewery,-79.8,CA
7305,4/30/2014,Taxi,-10.91,CA
7305,5/2/2014,Housing Rent,-753,CA
7305,5/2/2014,Time Warner Cable,-25,CA
7305,5/2/2014,ACS - Student Loans,-135,CA
7305,5/2/2014,Von's Groceries,-37.71,CA
7305,5/3/2014,Bowling,-34.89,CA
7305,5/3/2014,Seaside Bar,-3.18,CA
7305,5/3/2014,Public Transportation - Bus Pass,-0.02,CA
7305,5/3/2014,Rodriguez's Bar and Grill,-35.36,CA
7305,5/3/2014,Restaurant - Pizza,-6.55,CA
7305,5/3/2014,Wine Bar,-35.49,CA
7305,5/4/2014,Fisker Night Club,-23.97,CA
7305,5/4/2014,Whole Foods,-17.75,CA
7305,5/5/2014,Fisker Night Club,-19.89,CA
7305,5/5/2014,Owl Night Club,-34.39,CA
7305,5/5/2014,Public Transportation - Bus Pass,-16.13,CA
7305,5/6/2014,Taxi,-2.37,CA
7305,5/6/2014,Starbucks Coffee,-36.49,CA
7305,5/6/2014,Uber,-12.66,CA
7305,5/6/2014,Public Transportation - Bus Pass,-17.61,CA
7305,5/6/2014,Taxi,-8.5,CA
7305,5/6/2014,Movie Ticket,-74.56,CA
7305,5/7/2014,Karaoke Bar,-35.94,CA
7305,5/7/2014,Food Delivery - GrubHub,-4.58,CA
7305,5/7/2014,Karaoke Bar,-12.05,CA
7305,5/7/2014,Bowling,-41.04,CA
7305,5/7/2014,John's Bar & Restaurant,-100.19,CA
7305,5/7/2014,Taxi,-0.42,CA
7305,5/7/2014,Concert Ticket,-14.22,CA
7305,5/7/2014,Seaside Bar,-36.56,CA
7305,5/7/2014,Food Delivery - GrubHub,-33.93,CA
7305,5/7/2014,Karaoke Bar,-19.55,CA
7305,5/7/2014,Karaoke Bar,-23.26,CA
7305,5/8/2014,Sprouts Market,-20.11,CA
7305,5/9/2014,Seaside Bar,-30.06,CA
7305,5/9/2014,Rodriguez's Bar and Grill,-27.36,CA
7305,5/9/2014,Green Flash Brewery,-24.57,CA
7305,5/9/2014,Lyft,-24.81,CA
7305,5/9/2014,Bowling,-20.83,CA
7305,5/9/2014,Rodriguez's Bar and Grill,-29.84,CA
7305,5/9/2014,Rodriguez's Bar and Grill,-46.15,CA
7305,5/9/2014,Restaurant - Burgers,-36.12,CA
7305,5/9/2014,Wine Bar,-1.2,CA
7305,5/9/2014,Food Delivery - GrubHub,-27.01,CA
7305,5/9/2014,Wine Bar,-19.86,CA
7305,5/10/2014,Uber,-26.9,CA
7305,5/11/2014,Movie Ticket,-8.72,CA
7305,5/12/2014,Bowling,-35.01,CA
7305,5/12/2014,Public Transportation - Train Pass,-22.51,CA
7305,5/12/2014,Public Transportation - Bus Pass,-35.42,CA
7305,5/12/2014,Rodriguez's Bar and Grill,-22.38,CA
7305,5/12/2014,Seaside Bar,-20.64,CA
7305,5/13/2014,Concert Ticket,-6.39,CA
7305,5/13/2014,Bowling,-85.54,CA
7305,5/14/2014,Green Flash Brewery,-10.14,CA
7305,5/14/2014,Ralph's Grocery Store,-27.71,CA
7305,5/14/2014,Starbucks Coffee,-8.7,CA
7305,5/14/2014,Taxi,-117.62,CA
7305,5/14/2014,Ice Skating Rink,-6.98,CA
7305,5/14/2014,Movie Ticket,-19.79,CA
7305,5/14/2014,Restaurant - Pizza,-7.73,CA
7305,5/14/2014,Owl Night Club,-83.06,CA
7305,5/14/2014,Wine Bar,-29.49,CA
7305,5/15/2014,Taxi,-20.86,CA
7305,5/16/2014,Fisker Night Club,-48.73,CA
7305,5/16/2014,John's Bar & Restaurant,-62.29,CA
7305,5/16/2014,Public Transportation - Train Pass,-7.35,CA
7305,5/16/2014,Fisker Night Club,-37.01,CA
7305,5/16/2014,Karaoke Bar,-2.41,CA
7305,5/16/2014,Owl Night Club,-31.83,CA
7305,5/16/2014,Karaoke Bar,-55.65,CA
7305,5/16/2014,Seaside Bar,-39.67,CA
7305,5/16/2014,Rodriguez's Bar and Grill,-35.4,CA
7305,5/17/2014,Whole Foods,-0.46,CA
7305,5/17/2014,Bowling,-34.16,CA
7305,5/17/2014,Von's Groceries,-114,CA
7305,5/17/2014,Ice Skating Rink,-32.49,CA
7305,5/17/2014,Wine Bar,-0.25,CA
7305,5/17/2014,Ice Skating Rink,-31.39,CA
7305,5/17/2014,Movie Ticket,-13.86,CA
7305,5/18/2014,Fisker Night Club,-23.9,CA
7305,5/18/2014,Movie Ticket,-11.87,CA
7305,5/19/2014,Owl Night Club,-21.2,CA
7305,5/20/2014,Fisker Night Club,-2.16,CA
7305,5/21/2014,Restaurant - Burgers,-20.72,CA
7305,5/21/2014,John's Bar & Restaurant,-31.79,CA
7305,5/21/2014,Von's Groceries,-10.01,CA
7305,5/21/2014,Karaoke Bar,-21.67,CA
7305,5/21/2014,Green Flash Brewery,-26.02,CA
7305,5/21/2014,Public Transportation - Train Pass,-44.64,CA
7305,5/21/2014,Wine Bar,-3.89,CA
7305,5/21/2014,Bowling,-21.46,CA
7305,5/21/2014,Fisker Night Club,-18.18,CA
7305,5/22/2014,Wine Bar,-33.95,CA
7305,5/23/2014,Public Transportation - Train Pass,-25,CA
7305,5/24/2014,Ice Skating Rink,-9.68,CA
7305,5/24/2014,Restaurant - Chinese,-16.05,CA
7305,5/25/2014,Ice Skating Rink,-18.92,CA
7305,5/25/2014,Owl Night Club,-34.69,CA
7305,5/25/2014,Bowling,-17.14,CA
7305,5/25/2014,Uber,-33.66,CA
7305,5/25/2014,Ice Skating Rink,-18.22,CA
7305,5/25/2014,John's Bar & Restaurant,-11.66,CA
7305,5/25/2014,Wine Bar,-30.72,CA
7305,5/26/2014,Seaside Bar,-2.42,CA
7305,5/26/2014,Von's Groceries,-21.54,CA
7305,5/27/2014,John's Bar & Restaurant,-15.07,CA
7305,5/27/2014,Green Flash Brewery,-2.44,CA
7305,5/27/2014,Owl Night Club,-19.32,CA
7305,5/28/2014,Wine Bar,-4.86,CA
7305,5/28/2014,Bowling,-17.01,CA
7305,5/29/2014,Ice Skating Rink,-20.27,CA
7305,5/29/2014,Restaurant - Steakhouse,-6.96,CA
7305,5/29/2014,Food Delivery - GrubHub,-3.82,CA
7305,5/29/2014,Bowling,-32.84,CA
7305,5/30/2014,Von's Groceries,-30.64,CA
7305,6/2/2014,Housing Rent,-854,CA
7305,6/2/2014,Time Warner Cable,-25,CA
7305,6/2/2014,ACS - Student Loans,-135,CA
7305,6/2/2014,Rodriguez's Bar and Grill,-23.22,CA
7305,6/2/2014,Food Delivery - GrubHub,-100.44,CA
7305,6/2/2014,Restaurant - Steakhouse,-29.89,CA
7305,6/2/2014,Food Delivery - GrubHub,-28.08,CA
7305,6/2/2014,Karaoke Bar,-6,CA
7305,6/2/2014,Ice Skating Rink,-8.73,CA
7305,6/2/2014,Public Transportation - Bus Pass,-17.5,CA
7305,6/3/2014,Movie Ticket,-116.81,CA
7305,6/3/2014,Green Flash Brewery,-22.87,CA
7305,6/4/2014,Wine Bar,-38.08,CA
7305,6/5/2014,Public Transportation - Train Pass,-21.98,CA
7305,6/5/2014,Fisker Night Club,-11.28,CA
7305,6/5/2014,Rodriguez's Bar and Grill,-20.01,CA
7305,6/6/2014,Karaoke Bar,-10.26,CA
7305,6/7/2014,Taxi,-15.38,CA
7305,6/8/2014,Von's Groceries,-33.58,CA
7305,6/8/2014,Owl Night Club,-35.16,CA
7305,6/9/2014,Lyft,-1.65,CA
7305,6/9/2014,Fisker Night Club,-29.71,CA
7305,6/10/2014,Green Flash Brewery,-28.5,CA
7305,6/11/2014,Ice Skating Rink,-19.07,CA
7305,6/11/2014,John's Bar & Restaurant,-9.91,CA
7305,6/11/2014,Karaoke Bar,-8.66,CA
7305,6/11/2014,Taxi,-3.68,CA
7305,6/11/2014,Public Transportation - Bus Pass,-13.45,CA
7305,6/11/2014,Bowling,-18.49,CA
7305,6/12/2014,Starbucks Coffee,-84.13,CA
7305,6/12/2014,Public Transportation - Bus Pass,-27.42,CA
7305,6/13/2014,Public Transportation - Bus Pass,-20.81,CA
7305,6/13/2014,Food Delivery - GrubHub,-32.96,CA
7305,6/13/2014,Karaoke Bar,-26.22,CA
7305,6/13/2014,Seaside Bar,-42.23,CA
7305,6/13/2014,John's Bar & Restaurant,-30.36,CA
7305,6/13/2014,Concert Ticket,-24.31,CA
7305,6/13/2014,Rodriguez's Bar and Grill,-3.9,CA
7305,6/13/2014,Public Transportation - Bus Pass,-25.71,CA
7305,6/13/2014,Sprouts Market,-29.69,CA
7305,6/13/2014,Movie Ticket,-59.26,CA
7305,6/14/2014,Public Transportation - Train Pass,-30.81,CA
7305,6/14/2014,Lyft,-18.63,CA
7305,6/15/2014,Food Delivery - GrubHub,-17.39,CA
7305,6/15/2014,Green Flash Brewery,-39.9,CA
7305,6/15/2014,Starbucks Coffee,-20.85,CA
7305,6/16/2014,Movie Ticket,-1.87,CA
7305,6/16/2014,Seaside Bar,-53.86,CA
7305,6/16/2014,Sprouts Market,-17.39,CA
7305,6/16/2014,Fisker Night Club,-32.03,CA
7305,6/17/2014,Wine Bar,-12.99,CA
7305,6/17/2014,Seaside Bar,-2.21,CA
7305,6/17/2014,Taxi,-30.12,CA
7305,6/17/2014,Karaoke Bar,-35.98,CA
7305,6/17/2014,Seaside Bar,-3.85,CA
7305,6/18/2014,Ice Skating Rink,-20.5,CA
7305,6/18/2014,Ice Skating Rink,-46.56,CA
7305,6/18/2014,Movie Ticket,-29.97,CA
7305,6/18/2014,Green Flash Brewery,-6.11,CA
7305,6/18/2014,Uber,-17.76,CA
7305,6/18/2014,Public Transportation - Train Pass,-38.74,CA
7305,6/18/2014,Public Transportation - Bus Pass,-28.27,CA
7305,6/19/2014,Von's Groceries,-12.12,CA
7305,6/19/2014,Rodriguez's Bar and Grill,-30.1,CA
7305,6/20/2014,Starbucks Coffee,-17.44,CA
7305,6/20/2014,Green Flash Brewery,-20.1,CA
7305,6/20/2014,Taxi,-20.69,CA
7305,6/20/2014,Fisker Night Club,-3.76,CA
7305,6/20/2014,Von's Groceries,-13.99,CA
7305,6/20/2014,Uber,-13.22,CA
7305,6/20/2014,Fisker Night Club,-6.24,CA
7305,6/20/2014,Movie Ticket,-23.85,CA
7305,6/21/2014,Rodriguez's Bar and Grill,-67.67,CA
7305,6/22/2014,Lyft,-12.88,CA
7305,6/23/2014,Wine Bar,-37.92,CA
7305,6/23/2014,Fisker Night Club,-36.63,CA
7305,6/24/2014,Fisker Night Club,-52.84,CA
7305,6/24/2014,Restaurant - Steakhouse,-2.21,CA
7305,6/24/2014,Fisker Night Club,-69.54,CA
7305,6/24/2014,Green Flash Brewery,-72.74,CA
7305,6/25/2014,Food Delivery - GrubHub,-72.71,CA
7305,6/26/2014,Concert Ticket,-27.38,CA
7305,6/26/2014,Wine Bar,-9.63,CA
7305,6/27/2014,Public Transportation - Bus Pass,-16.44,CA
7305,6/27/2014,Taxi,-34.02,CA
7305,6/27/2014,Rodriguez's Bar and Grill,-39.35,CA
7305,6/27/2014,Green Flash Brewery,-53.38,CA
7305,6/27/2014,Karaoke Bar,-30.46,CA
7305,6/27/2014,Wine Bar,-1.75,CA
7305,6/28/2014,Restaurant - Chinese,-103.28,CA
7305,6/28/2014,Fisker Night Club,-34.25,CA
7305,6/28/2014,Seaside Bar,-14.6,CA
7305,6/28/2014,Seaside Bar,-21.2,CA
7305,6/28/2014,Public Transportation - Train Pass,-25.02,CA
7305,6/28/2014,Food Delivery - GrubHub,-10.81,CA
7305,6/29/2014,Bowling,-22.73,CA
7305,6/30/2014,Owl Night Club,-107.03,CA
7305,7/2/2014,Housing Rent,-1333,CA
7305,7/2/2014,Time Warner Cable,-25,CA
7305,7/2/2014,ACS - Student Loans,-135,CA
7305,7/2/2014,Taxi,-8.92,CA
7305,7/2/2014,Concert Ticket,-37.39,CA
7305,7/2/2014,Sprouts Market,-85.45,CA
7305,7/3/2014,Whole Foods,-13.95,CA
7305,7/3/2014,Movie Ticket,-24.01,CA
7305,7/3/2014,John's Bar & Restaurant,-21.34,CA
7305,7/3/2014,Public Transportation - Bus Pass,-43.36,CA
7305,7/3/2014,Fisker Night Club,-14.98,CA
7305,7/3/2014,Fisker Night Club,-63.85,CA
7305,7/4/2014,Movie Ticket,-30.7,CA
7305,7/4/2014,Lyft,-25.88,CA
7305,7/4/2014,Ice Skating Rink,-58.64,CA
7305,7/4/2014,Lyft,-25.76,CA
7305,7/5/2014,Karaoke Bar,-61.81,CA
7305,7/6/2014,John's Bar & Restaurant,-29.59,CA
7305,7/6/2014,Wine Bar,-29.03,CA
7305,7/7/2014,Seaside Bar,-12.08,CA
7305,7/7/2014,Lyft,-1.84,CA
7305,7/7/2014,Public Transportation - Bus Pass,-24.81,CA
7305,7/7/2014,Karaoke Bar,-2.71,CA
7305,7/7/2014,Seaside Bar,-31.93,CA
7305,7/7/2014,Restaurant - Pizza,-23.88,CA
7305,7/7/2014,John's Bar & Restaurant,-9.58,CA
7305,7/8/2014,Starbucks Coffee,-35.6,CA
7305,7/8/2014,Taxi,-0.54,CA
7305,7/9/2014,John's Bar & Restaurant,-1.96,CA
7305,7/9/2014,Von's Groceries,-9.77,CA
7305,7/10/2014,Movie Ticket,-8.71,CA
7305,7/11/2014,Fisker Night Club,-19.17,CA
7305,7/12/2014,Public Transportation - Train Pass,-0.91,CA
7305,7/13/2014,Seaside Bar,-35.99,CA
7305,7/13/2014,Concert Ticket,-27.07,CA
7305,7/13/2014,Owl Night Club,-8.46,CA
7305,7/14/2014,Karaoke Bar,-9.89,CA
7305,7/14/2014,Taxi,-84.53,CA
7305,7/14/2014,Public Transportation - Train Pass,-37.94,CA
7305,7/14/2014,Fisker Night Club,-11.78,CA
7305,7/14/2014,Movie Ticket,-26.14,CA
7305,7/14/2014,Green Flash Brewery,-32.46,CA
7305,7/14/2014,Concert Ticket,-41.05,CA
7305,7/14/2014,Wine Bar,-2.94,CA
7305,7/14/2014,Bowling,-30.06,CA
7305,7/14/2014,Sprouts Market,-13.25,CA
7305,7/15/2014,Seaside Bar,-0.56,CA
7305,7/15/2014,Restaurant - Burgers,-13.38,CA
7305,7/15/2014,Concert Ticket,-11.82,CA
7305,7/15/2014,Bowling,-81.23,CA
7305,7/16/2014,Uber,-13.52,CA
7305,7/17/2014,Public Transportation - Bus Pass,-34.68,CA
7305,7/17/2014,Public Transportation - Train Pass,-21.87,CA
7305,7/18/2014,Bowling,-13.94,CA
7305,7/19/2014,Public Transportation - Train Pass,-41.27,CA
7305,7/20/2014,Bowling,-34.36,CA
7305,7/20/2014,Von's Groceries,-32.03,CA
7305,7/20/2014,Ice Skating Rink,-18.4,CA
7305,7/20/2014,Bowling,-28.41,CA
7305,7/20/2014,Fisker Night Club,-37.98,CA
7305,7/21/2014,Seaside Bar,-28.41,CA
7305,7/21/2014,Seaside Bar,-21.58,CA
7305,7/21/2014,John's Bar & Restaurant,-74.48,CA
7305,7/21/2014,Ice Skating Rink,-6,CA
7305,7/22/2014,Restaurant - Steakhouse,-31.94,CA
7305,7/23/2014,Whole Foods,-16.11,CA
7305,7/23/2014,Whole Foods,-36.15,CA
7305,7/24/2014,Lyft,-97.8,CA
7305,7/25/2014,Ice Skating Rink,-34.36,CA
7305,7/25/2014,Whole Foods,-0.49,CA
7305,7/26/2014,Green Flash Brewery,-17.73,CA
7305,7/26/2014,Rodriguez's Bar and Grill,-1.88,CA
7305,7/27/2014,Sprouts Market,-13.88,CA
7305,7/27/2014,Restaurant - Steakhouse,-115.25,CA
7305,7/27/2014,Public Transportation - Train Pass,-28.67,CA
7305,7/27/2014,Taxi,-19.19,CA
7305,7/27/2014,Fisker Night Club,-17.41,CA
7305,7/28/2014,Ice Skating Rink,-51.06,CA
7305,7/28/2014,Lyft,-33.78,CA
7305,7/29/2014,Starbucks Coffee,-39.15,CA
7305,7/29/2014,Public Transportation - Train Pass,-26.59,CA
7305,7/29/2014,Uber,-4.95,CA
7305,7/29/2014,Wine Bar,-27.8,CA
7305,7/30/2014,Fisker Night Club,-5.27,CA
7305,7/30/2014,Von's Groceries,-38.2,CA
7305,7/30/2014,Rodriguez's Bar and Grill,-16.53,CA
7305,7/30/2014,Owl Night Club,-2.93,CA
7305,7/30/2014,Bowling,-34.63,CA
7305,7/30/2014,Public Transportation - Train Pass,-38.73,CA
7305,7/30/2014,Sprouts Market,-108.19,CA
7305,8/2/2014,Housing Rent,-971,CA
7305,8/2/2014,Time Warner Cable,-25,CA
7305,8/2/2014,ACS - Student Loans,-135,CA
7305,8/2/2014,Restaurant - Pizza,-17.21,CA
7305,8/3/2014,Restaurant - Burgers,-53.24,CA
7305,8/3/2014,Fisker Night Club,-33.56,CA
7305,8/3/2014,Fisker Night Club,-43.72,CA
7305,8/3/2014,Restaurant - Chinese,-2.34,CA
7305,8/4/2014,John's Bar & Restaurant,-7.13,CA
7305,8/5/2014,Seaside Bar,-98.19,CA
7305,8/6/2014,Karaoke Bar,-17.98,CA
7305,8/6/2014,Movie Ticket,-30.32,CA
7305,8/6/2014,John's Bar & Restaurant,-37.92,CA
7305,8/7/2014,Rodriguez's Bar and Grill,-12.04,CA
7305,8/8/2014,Restaurant - Steakhouse,-27.32,CA
7305,8/8/2014,Uber,-26.17,CA
7305,8/9/2014,Restaurant - Burgers,-14.02,CA
7305,8/9/2014,Karaoke Bar,-20.48,CA
7305,8/9/2014,Movie Ticket,-23.58,CA
7305,8/9/2014,Taxi,-32.53,CA
7305,8/9/2014,Food Delivery - GrubHub,-40.37,CA
7305,8/9/2014,Seaside Bar,-35.01,CA
7305,8/9/2014,Von's Groceries,-71.18,CA
7305,8/10/2014,Taxi,-38.18,CA
7305,8/11/2014,Seaside Bar,-37.06,CA
7305,8/11/2014,John's Bar & Restaurant,-29.18,CA
7305,8/12/2014,Uber,-2.81,CA
7305,8/12/2014,Taxi,-26.3,CA
7305,8/12/2014,Green Flash Brewery,-33.86,CA
7305,8/12/2014,Taxi,-22.72,CA
7305,8/12/2014,Public Transportation - Train Pass,-35.99,CA
7305,8/13/2014,Karaoke Bar,-118.59,CA
7305,8/13/2014,Rodriguez's Bar and Grill,-3.04,CA
7305,8/13/2014,Bowling,-78.72,CA
7305,8/13/2014,Restaurant - Steakhouse,-3.9,CA
7305,8/13/2014,Restaurant - Chinese,-11.29,CA
7305,8/13/2014,Green Flash Brewery,-33.71,CA
7305,8/14/2014,Green Flash Brewery,-37.4,CA
7305,8/15/2014,Rodriguez's Bar and Grill,-36.3,CA
7305,8/15/2014,Seaside Bar,-56.2,CA
7305,8/16/2014,Fisker Night Club,-15.73,CA
7305,8/17/2014,Wine Bar,-21.76,CA
7305,8/17/2014,Public Transportation - Train Pass,-31.06,CA
7305,8/17/2014,Rodriguez's Bar and Grill,-33.43,CA
7305,8/17/2014,Karaoke Bar,-22.87,CA
7305,8/18/2014,Von's Groceries,-4.03,CA
7305,8/18/2014,Bowling,-111.97,CA
7305,8/18/2014,Von's Groceries,-25.65,CA
7305,8/18/2014,Karaoke Bar,-13.78,CA
7305,8/19/2014,Ice Skating Rink,-6.48,CA
7305,8/19/2014,Seaside Bar,-88.03,CA
7305,8/19/2014,Ice Skating Rink,-31.79,CA
7305,8/19/2014,Owl Night Club,-110.17,CA
7305,8/19/2014,Bowling,-35.32,CA
7305,8/19/2014,Uber,-2.8,CA
7305,8/20/2014,Fisker Night Club,-15.66,CA
7305,8/21/2014,Karaoke Bar,-31.89,CA
7305,8/22/2014,Bowling,-25.71,CA
7305,8/22/2014,Owl Night Club,-38.54,CA
7305,8/23/2014,Seaside Bar,-23.76,CA
7305,8/23/2014,Public Transportation - Bus Pass,-6.73,CA
7305,8/23/2014,Kay Jewelry,-16.18,CA
7305,8/23/2014,Wedding Planner,-108.6,CA
7305,8/23/2014,Southwest Flights - Cancun,-16.45,CA
7305,8/23/2014,Cancun Beach Resort,-17.73,CA
7305,8/23/2014,Green Flash Brewery,-18.81,CA
7305,8/23/2014,Public Transportation - Bus Pass,-93.24,CA
7305,8/24/2014,Public Transportation - Bus Pass,-23.77,CA
7305,8/24/2014,Wine Bar,-10.65,CA
7305,8/25/2014,Public Transportation - Train Pass,-8.68,CA
7305,8/25/2014,Lyft,-39.43,CA
7305,8/26/2014,Wine Bar,-24.32,CA
7305,8/26/2014,Owl Night Club,-39.25,CA
7305,8/26/2014,Whole Foods,-23.88,CA
7305,8/26/2014,Wine Bar,-14.61,CA
7305,8/27/2014,Rodriguez's Bar and Grill,-38.96,CA
7305,8/27/2014,Restaurant - Pizza,-20.56,CA
7305,8/27/2014,Lyft,-31.57,CA
7305,8/27/2014,Public Transportation - Bus Pass,-109.17,CA
7305,8/27/2014,Green Flash Brewery,-38.08,CA
7305,8/27/2014,Bowling,-27.81,CA
7305,8/28/2014,Uber,-22.04,CA
7305,8/28/2014,Restaurant - Pizza,-104.07,CA
7305,8/28/2014,Wine Bar,-77.07,CA
7305,8/29/2014,Taxi,-61.13,CA
7305,8/29/2014,Public Transportation - Bus Pass,-13.81,CA
7305,8/29/2014,Fisker Night Club,-32.8,CA
7305,8/30/2014,John's Bar & Restaurant,-8.82,CA
7305,9/2/2014,Housing Rent,-1294,CA
7305,9/2/2014,Time Warner Cable,-25,CA
7305,9/2/2014,ACS - Student Loans,-135,CA
7305,9/2/2014,Food Delivery - GrubHub,-116.69,CA
7305,9/2/2014,John's Bar & Restaurant,-34.1,CA
7305,9/3/2014,Lyft,-23.07,CA
7305,9/3/2014,Fisker Night Club,-22.39,CA
7305,9/3/2014,Seaside Bar,-32.92,CA
7305,9/3/2014,John's Bar & Restaurant,-21.58,CA
7305,9/3/2014,Wine Bar,-7.63,CA
7305,9/3/2014,Ice Skating Rink,-9.17,CA
7305,9/4/2014,Restaurant - Chinese,-12.88,CA
7305,9/4/2014,Public Transportation - Train Pass,-15.07,CA
7305,9/5/2014,Von's Groceries,-7.84,CA
7305,9/5/2014,Restaurant - Pizza,-13.39,CA
7305,9/5/2014,Movie Ticket,-15.28,CA
7305,9/6/2014,Restaurant - Chinese,-18.74,CA
7305,9/6/2014,Public Transportation - Bus Pass,-24.98,CA
7305,9/6/2014,Owl Night Club,-3.75,CA
7305,9/6/2014,Lyft,-24.17,CA
7305,9/6/2014,Sprouts Market,-22.57,CA
7305,9/6/2014,Rodriguez's Bar and Grill,-82.46,CA
7305,9/6/2014,Sprouts Market,-2.54,CA
7305,9/6/2014,Movie Ticket,-33.92,CA
7305,9/6/2014,Green Flash Brewery,-28.83,CA
7305,9/7/2014,Ralph's Grocery Store,-27.61,CA
7305,9/8/2014,Wine Bar,-17.58,CA
7305,9/8/2014,Lyft,-2.81,CA
7305,9/8/2014,Fisker Night Club,-31.73,CA
7305,9/8/2014,Ice Skating Rink,-33.53,CA
7305,9/8/2014,Public Transportation - Train Pass,-3.17,CA
7305,9/9/2014,Restaurant - Burgers,-39.49,CA
7305,9/9/2014,Restaurant - Chinese,-96.92,CA
7305,9/9/2014,Von's Groceries,-29.03,CA
7305,9/10/2014,Movie Ticket,-11.57,CA
7305,9/10/2014,Movie Ticket,-35.09,CA
7305,9/10/2014,Restaurant - Chinese,-61.32,CA
7305,9/10/2014,Uber,-5.01,CA
7305,9/11/2014,Seaside Bar,-9.01,CA
7305,9/11/2014,Lyft,-26.08,CA
7305,9/12/2014,Restaurant - Chinese,-12.67,CA
7305,9/13/2014,Rodriguez's Bar and Grill,-0.57,CA
7305,9/13/2014,John's Bar & Restaurant,-35.14,CA
7305,9/13/2014,Seaside Bar,-37.27,CA
7305,9/13/2014,Taxi,-7.25,CA
7305,9/13/2014,Uber,-20.03,CA
7305,9/14/2014,Wine Bar,-34.63,CA
7305,9/14/2014,Fisker Night Club,-0.98,CA
7305,9/14/2014,Wine Bar,-78.1,CA
7305,9/14/2014,Owl Night Club,-22.31,CA
7305,9/14/2014,Movie Ticket,-17.8,CA
7305,9/14/2014,Ralph's Grocery Store,-25.8,CA
7305,9/15/2014,Fisker Night Club,-20.95,CA
7305,9/15/2014,Wine Bar,-20.72,CA
7305,9/15/2014,Ice Skating Rink,-4.04,CA
7305,9/15/2014,Food Delivery - GrubHub,-3.86,CA
7305,9/16/2014,Movie Ticket,-35.76,CA
7305,9/16/2014,Rodriguez's Bar and Grill,-7.23,CA
7305,9/16/2014,Concert Ticket,-92.08,CA
7305,9/16/2014,Seaside Bar,-13.22,CA
7305,9/16/2014,Concert Ticket,-24.95,CA
7305,9/17/2014,Wine Bar,-17.43,CA
7305,9/17/2014,Ice Skating Rink,-2.27,CA
7305,9/17/2014,Bowling,-2.37,CA
7305,9/17/2014,Owl Night Club,-36.17,CA
7305,9/17/2014,Restaurant - Chinese,-10.59,CA
7305,9/17/2014,Concert Ticket,-29.98,CA
7305,9/17/2014,Owl Night Club,-21.97,CA
7305,9/18/2014,Lyft,-15.84,CA
7305,9/19/2014,Uber,-11.2,CA
7305,9/19/2014,Whole Foods,-67.03,CA
7305,9/19/2014,Ice Skating Rink,-32.18,CA
7305,9/20/2014,Public Transportation - Bus Pass,-4.04,CA
7305,9/20/2014,Starbucks Coffee,-30.78,CA
7305,9/20/2014,Taxi,-2.78,CA
7305,9/20/2014,Karaoke Bar,-23.97,CA
7305,9/20/2014,Wine Bar,-19.28,CA
7305,9/21/2014,John's Bar & Restaurant,-38.59,CA
7305,9/21/2014,Wine Bar,-21.42,CA
7305,9/21/2014,Karaoke Bar,-26.99,CA
7305,9/21/2014,Owl Night Club,-22.86,CA
7305,9/21/2014,Fisker Night Club,-36.46,CA
7305,9/21/2014,Restaurant - Steakhouse,-38.3,CA
7305,9/21/2014,Taxi,-29.52,CA
7305,9/21/2014,Owl Night Club,-12.07,CA
7305,9/21/2014,Uber,-10.69,CA
7305,9/21/2014,Public Transportation - Bus Pass,-1.61,CA
7305,9/22/2014,Rodriguez's Bar and Grill,-8.94,CA
7305,9/22/2014,Public Transportation - Train Pass,-75.64,CA
7305,9/22/2014,Green Flash Brewery,-13.13,CA
7305,9/22/2014,Rodriguez's Bar and Grill,-13.69,CA
7305,9/23/2014,Bowling,-38.58,CA
7305,9/23/2014,Uber,-5.75,CA
7305,9/24/2014,Restaurant - Steakhouse,-81.08,CA
7305,9/24/2014,Movie Ticket,-71.04,CA
7305,9/24/2014,Restaurant - Burgers,-27.05,CA
7305,9/24/2014,Seaside Bar,-34.19,CA
7305,9/25/2014,Public Transportation - Bus Pass,-18.73,CA
7305,9/26/2014,Taxi,-34.5,CA
7305,9/26/2014,Owl Night Club,-38.48,CA
7305,9/26/2014,Rodriguez's Bar and Grill,-31.6,CA
7305,9/27/2014,Uber,-11.53,CA
7305,9/27/2014,Seaside Bar,-2.16,CA
7305,9/28/2014,Lyft,-11.94,CA
7305,9/28/2014,Rodriguez's Bar and Grill,-24.75,CA
7305,9/29/2014,Lyft,-111.73,CA
7305,9/29/2014,Karaoke Bar,-19.27,CA
7305,9/29/2014,Fisker Night Club,-15.02,CA
7305,9/29/2014,Restaurant - Steakhouse,-35.33,CA
7305,9/29/2014,Public Transportation - Train Pass,-5.48,CA
7305,9/29/2014,Ice Skating Rink,-4.64,CA
7305,9/29/2014,Seaside Bar,-32.37,CA
7305,9/29/2014,Fisker Night Club,-12.81,CA
7305,9/30/2014,Green Flash Brewery,-11.11,CA
7305,9/30/2014,Owl Night Club,-31.59,CA
7305,9/30/2014,Ice Skating Rink,-53.9,CA
7305,9/30/2014,Bowling,-29.41,CA
7305,10/2/2014,Housing Rent,-1277,CA
7305,10/2/2014,Time Warner Cable,-25,CA
7305,10/2/2014,ACS - Student Loans,-135,CA
7305,10/2/2014,John's Bar & Restaurant,-21.02,CA
7305,10/2/2014,Taxi,-48.19,CA
7305,10/2/2014,Public Transportation - Bus Pass,-13.29,CA
7305,10/3/2014,Karaoke Bar,-15.88,CA
7305,10/3/2014,Lyft,-16.78,CA
7305,10/4/2014,Lyft,-6.08,CA
7305,10/4/2014,Taxi,-17.33,CA
7305,10/4/2014,Ralph's Grocery Store,-20.37,CA
7305,10/4/2014,Public Transportation - Bus Pass,-20.51,CA
7305,10/5/2014,Concert Ticket,-20.99,CA
7305,10/6/2014,Public Transportation - Bus Pass,-0.81,CA
7305,10/7/2014,Uber,-37.84,CA
7305,10/7/2014,Bowling,-34.36,CA
7305,10/7/2014,Taxi,-28.7,CA
7305,10/7/2014,Movie Ticket,-104.46,CA
7305,10/8/2014,Restaurant - Steakhouse,-117.67,CA
7305,10/8/2014,Restaurant - Burgers,-28.38,CA
7305,10/8/2014,Public Transportation - Train Pass,-59.13,CA
7305,10/8/2014,Seaside Bar,-3.4,CA
7305,10/9/2014,Public Transportation - Train Pass,-70.14,CA
7305,10/9/2014,Sprouts Market,-30.86,CA
7305,10/10/2014,Karaoke Bar,-91.23,CA
7305,10/10/2014,Movie Ticket,-117.65,CA
7305,10/11/2014,Fisker Night Club,-2.48,CA
7305,10/11/2014,Sprouts Market,-102.79,CA
7305,10/11/2014,Taxi,-30.58,CA
7305,10/12/2014,Green Flash Brewery,-45.36,CA
7305,10/12/2014,Seaside Bar,-17.88,CA
7305,10/12/2014,Lyft,-107.33,CA
7305,10/12/2014,Concert Ticket,-6.08,CA
7305,10/13/2014,Movie Ticket,-65.65,CA
7305,10/13/2014,Bowling,-0.39,CA
7305,10/13/2014,Wine Bar,-10.43,CA
7305,10/13/2014,Seaside Bar,-30.17,CA
7305,10/13/2014,Taxi,-35.06,CA
7305,10/13/2014,Public Transportation - Train Pass,-39.16,CA
7305,10/13/2014,Karaoke Bar,-22.85,CA
7305,10/13/2014,Wine Bar,-33.94,CA
7305,10/14/2014,Wine Bar,-38.47,CA
7305,10/14/2014,Restaurant - Steakhouse,-17.96,CA
7305,10/14/2014,Sprouts Market,-118.07,CA
7305,10/14/2014,Movie Ticket,-90.05,CA
7305,10/15/2014,Concert Ticket,-24.53,CA
7305,10/15/2014,Bowling,-29.59,CA
7305,10/15/2014,Public Transportation - Train Pass,-28.05,CA
7305,10/15/2014,Taxi,-31.56,CA
7305,10/16/2014,Restaurant - Steakhouse,-6.48,CA
7305,10/16/2014,Uber,-38.19,CA
7305,10/17/2014,Restaurant - Chinese,-32.06,CA
7305,10/17/2014,Concert Ticket,-28.2,CA
7305,10/17/2014,Uber,-18.07,CA
7305,10/17/2014,Taxi,-4.8,CA
7305,10/17/2014,Restaurant - Steakhouse,-107.1,CA
7305,10/17/2014,Wine Bar,-21.01,CA
7305,10/18/2014,Public Transportation - Train Pass,-3.85,CA
7305,10/18/2014,Green Flash Brewery,-25.09,CA
7305,10/19/2014,Concert Ticket,-1,CA
7305,10/19/2014,Food Delivery - GrubHub,-12.92,CA
7305,10/19/2014,Concert Ticket,-24.32,CA
7305,10/19/2014,Public Transportation - Train Pass,-9.92,CA
7305,10/19/2014,Restaurant - Burgers,-27.77,CA
7305,10/19/2014,John's Bar & Restaurant,-14.46,CA
7305,10/19/2014,Bowling,-56.49,CA
7305,10/19/2014,Concert Ticket,-100.45,CA
7305,10/19/2014,John's Bar & Restaurant,-12.41,CA
7305,10/19/2014,Von's Groceries,-82.48,CA
7305,10/19/2014,John's Bar & Restaurant,-25.79,CA
7305,10/19/2014,Karaoke Bar,-18.91,CA
7305,10/19/2014,John's Bar & Restaurant,-27.35,CA
7305,10/19/2014,John's Bar & Restaurant,-39.55,CA
7305,10/20/2014,Ice Skating Rink,-7.5,CA
7305,10/21/2014,Bowling,-55.7,CA
7305,10/21/2014,Taxi,-36.59,CA
7305,10/21/2014,Ice Skating Rink,-14.45,CA
7305,10/22/2014,Bowling,-16.93,CA
7305,10/22/2014,Ice Skating Rink,-66.26,CA
7305,10/23/2014,Public Transportation - Train Pass,-23.05,CA
7305,10/23/2014,Owl Night Club,-23.09,CA
7305,10/24/2014,Ice Skating Rink,-35.64,CA
7305,10/24/2014,Fisker Night Club,-87.45,CA
7305,10/25/2014,Movie Ticket,-32.6,CA
7305,10/25/2014,Restaurant - Pizza,-37.54,CA
7305,10/26/2014,Seaside Bar,-3.36,CA
7305,10/26/2014,John's Bar & Restaurant,-53.23,CA
7305,10/26/2014,Lyft,-6.7,CA
7305,10/26/2014,Owl Night Club,-22.87,CA
7305,10/27/2014,Rodriguez's Bar and Grill,-10.49,CA
7305,10/27/2014,Seaside Bar,-20.76,CA
7305,10/27/2014,Green Flash Brewery,-15.84,CA
7305,10/27/2014,Lyft,-21.73,CA
7305,10/27/2014,Bowling,-34.45,CA
7305,10/27/2014,Wine Bar,-30.61,CA
7305,10/27/2014,Fisker Night Club,-69.97,CA
7305,10/28/2014,Uber,-48.54,CA
7305,10/29/2014,Green Flash Brewery,-27.58,CA
7305,10/29/2014,Taxi,-55.83,CA
7305,10/29/2014,Wine Bar,-3.25,CA
7305,10/29/2014,Concert Ticket,-27.61,CA
7305,10/30/2014,Lyft,-27.65,CA
7305,11/2/2014,Housing Rent,-821,CA
7305,11/2/2014,Time Warner Cable,-25,CA
7305,11/2/2014,ACS - Student Loans,-135,CA
7305,11/2/2014,Concert Ticket,-9.74,CA
7305,11/2/2014,Restaurant - Steakhouse,-34.14,CA
7305,11/2/2014,Uber,-33.37,CA
7305,11/2/2014,Whole Foods,-27.14,CA
7305,11/3/2014,Public Transportation - Bus Pass,-21.85,CA
7305,11/3/2014,Karaoke Bar,-1.19,CA
7305,11/3/2014,Public Transportation - Bus Pass,-26.53,CA
7305,11/3/2014,Green Flash Brewery,-20.77,CA
7305,11/3/2014,Ice Skating Rink,-104.13,CA
7305,11/3/2014,Sprouts Market,-0.87,CA
7305,11/3/2014,John's Bar & Restaurant,-73.5,CA
7305,11/4/2014,Von's Groceries,-45.61,CA
7305,11/4/2014,John's Bar & Restaurant,-19.82,CA
7305,11/4/2014,Movie Ticket,-8.39,CA
7305,11/5/2014,Wine Bar,-30.96,CA
7305,11/5/2014,Ice Skating Rink,-26.48,CA
7305,11/5/2014,Fisker Night Club,-23.21,CA
7305,11/5/2014,Green Flash Brewery,-15.62,CA
7305,11/5/2014,Movie Ticket,-7.94,CA
7305,11/6/2014,Ice Skating Rink,-34.56,CA
7305,11/6/2014,Lyft,-6.39,CA
7305,11/7/2014,Lyft,-7.58,CA
7305,11/8/2014,Restaurant - Burgers,-24.16,CA
7305,11/9/2014,Green Flash Brewery,-69.77,CA
7305,11/9/2014,Bowling,-28.16,CA
7305,11/9/2014,John's Bar & Restaurant,-31.01,CA
7305,11/9/2014,Uber,-29.99,CA
7305,11/9/2014,Movie Ticket,-55.19,CA
7305,11/9/2014,Bowling,-29.94,CA
7305,11/9/2014,Uber,-33.36,CA
7305,11/9/2014,Wine Bar,-13.59,CA
7305,11/9/2014,Rodriguez's Bar and Grill,-38.96,CA
7305,11/9/2014,Concert Ticket,-32.91,CA
7305,11/10/2014,Food Delivery - GrubHub,-0.84,CA
7305,11/11/2014,Public Transportation - Train Pass,-0.03,CA
7305,11/11/2014,John's Bar & Restaurant,-6.63,CA
7305,11/11/2014,Green Flash Brewery,-37.49,CA
7305,11/12/2014,Food Delivery - GrubHub,-13.93,CA
7305,11/13/2014,Uber,-10.55,CA
7305,11/14/2014,Bowling,-4.34,CA
7305,11/14/2014,Green Flash Brewery,-9.41,CA
7305,11/14/2014,Public Transportation - Bus Pass,-22.88,CA
7305,11/14/2014,Seaside Bar,-3.52,CA
7305,11/14/2014,Seaside Bar,-44.89,CA
7305,11/15/2014,Ice Skating Rink,-18.9,CA
7305,11/15/2014,Uber,-11.32,CA
7305,11/16/2014,Ice Skating Rink,-18.73,CA
7305,11/16/2014,Fisker Night Club,-10.39,CA
7305,11/16/2014,Restaurant - Chinese,-32.91,CA
7305,11/16/2014,Taxi,-37.21,CA
7305,11/16/2014,Whole Foods,-89.65,CA
7305,11/17/2014,Fisker Night Club,-12.85,CA
7305,11/17/2014,Concert Ticket,-37.89,CA
7305,11/18/2014,Owl Night Club,-38.69,CA
7305,11/19/2014,Seaside Bar,-38.2,CA
7305,11/19/2014,John's Bar & Restaurant,-99.42,CA
7305,11/19/2014,Ice Skating Rink,-62.24,CA
7305,11/20/2014,Public Transportation - Bus Pass,-17.19,CA
7305,11/21/2014,Concert Ticket,-19.42,CA
7305,11/21/2014,Lyft,-4.07,CA
7305,11/21/2014,Uber,-15.52,CA
7305,11/21/2014,Ice Skating Rink,-25.35,CA
7305,11/21/2014,Karaoke Bar,-23.13,CA
7305,11/21/2014,Seaside Bar,-99.41,CA
7305,11/22/2014,Concert Ticket,-0.26,CA
7305,11/22/2014,Movie Ticket,-111.61,CA
7305,11/22/2014,Uber,-7.05,CA
7305,11/22/2014,Rodriguez's Bar and Grill,-94.32,CA
7305,11/23/2014,Restaurant - Pizza,-4.93,CA
7305,11/24/2014,Rodriguez's Bar and Grill,-33.57,CA
7305,11/24/2014,Public Transportation - Train Pass,-18.76,CA
7305,11/25/2014,Bowling,-6.47,CA
7305,11/26/2014,John's Bar & Restaurant,-28.98,CA
7305,11/27/2014,Movie Ticket,-24.06,CA
7305,11/28/2014,Von's Groceries,-65.48,CA
7305,11/29/2014,Ice Skating Rink,-59.82,CA
7305,11/29/2014,Owl Night Club,-110.15,CA
7305,11/29/2014,Fisker Night Club,-4.89,CA
7305,11/30/2014,Taxi,-9.61,CA
7305,12/2/2014,Housing Rent,-924,CA
7305,12/2/2014,Time Warner Cable,-25,CA
7305,12/2/2014,ACS - Student Loans,-135,CA
7305,12/2/2014,Ice Skating Rink,-19.59,CA
7305,12/2/2014,Green Flash Brewery,-35.61,CA
7305,12/3/2014,Seaside Bar,-21.3,CA
7305,12/4/2014,Uber,-0.36,CA
7305,12/5/2014,Taxi,-28.94,CA
7305,12/5/2014,Whole Foods,-12.39,CA
7305,12/6/2014,Concert Ticket,-16.97,CA
7305,12/7/2014,John's Bar & Restaurant,-24.01,CA
7305,12/7/2014,Owl Night Club,-16.04,CA
7305,12/7/2014,Concert Ticket,-27.62,CA
7305,12/7/2014,Movie Ticket,-68.63,CA
7305,12/7/2014,Seaside Bar,-6.4,CA
7305,12/7/2014,Wine Bar,-28.57,CA
7305,12/7/2014,Fisker Night Club,-19.61,CA
7305,12/7/2014,Concert Ticket,-37.54,CA
7305,12/8/2014,Movie Ticket,-39.16,CA
7305,12/9/2014,Fisker Night Club,-9.55,CA
7305,12/9/2014,Sprouts Market,-30.64,CA
7305,12/9/2014,Uber,-37.1,CA
7305,12/10/2014,Fisker Night Club,-23.62,CA
7305,12/10/2014,Green Flash Brewery,-7.49,CA
7305,12/10/2014,Rodriguez's Bar and Grill,-26.19,CA
7305,12/11/2014,Concert Ticket,-63.85,CA
7305,12/11/2014,Seaside Bar,-49.49,CA
7305,12/11/2014,Seaside Bar,-6.33,CA
7305,12/11/2014,Ice Skating Rink,-22.29,CA
7305,12/12/2014,Lyft,-8.15,CA
7305,12/12/2014,Seaside Bar,-25.47,CA
7305,12/13/2014,Ralph's Grocery Store,-5.36,CA
7305,12/13/2014,Sprouts Market,-31.34,CA
7305,12/13/2014,Lyft,-36.49,CA
7305,12/13/2014,Seaside Bar,-28.49,CA
7305,12/13/2014,Green Flash Brewery,-47.34,CA
7305,12/13/2014,Restaurant - Chinese,-16.43,CA
7305,12/13/2014,Food Delivery - GrubHub,-38.04,CA
7305,12/14/2014,Starbucks Coffee,-25.82,CA
7305,12/14/2014,Restaurant - Burgers,-35.15,CA
7305,12/14/2014,Sprouts Market,-25,CA
7305,12/14/2014,Karaoke Bar,-27.54,CA
7305,12/14/2014,Movie Ticket,-34.95,CA
7305,12/14/2014,Fisker Night Club,-80.46,CA
7305,12/14/2014,Karaoke Bar,-38.33,CA
7305,12/14/2014,Public Transportation - Bus Pass,-2.49,CA
7305,12/14/2014,Karaoke Bar,-23.29,CA
7305,12/15/2014,Ralph's Grocery Store,-7.11,CA
7305,12/16/2014,Public Transportation - Train Pass,-26.25,CA
7305,12/16/2014,Whole Foods,-8.78,CA
7305,12/16/2014,Lyft,-6.3,CA
7305,12/16/2014,Owl Night Club,-15.65,CA
7305,12/16/2014,John's Bar & Restaurant,-17.13,CA
7305,12/17/2014,Movie Ticket,-12.5,CA
7305,12/17/2014,Ralph's Grocery Store,-109.89,CA
7305,12/17/2014,Wine Bar,-8.01,CA
7305,12/18/2014,Concert Ticket,-86.07,CA
7305,12/19/2014,Karaoke Bar,-47.26,CA
7305,12/20/2014,Food Delivery - GrubHub,-67.75,CA
7305,12/20/2014,Seaside Bar,-25.72,CA
7305,12/20/2014,Owl Night Club,-25.05,CA
7305,12/20/2014,Ice Skating Rink,-31.72,CA
7305,12/20/2014,Green Flash Brewery,-7.34,CA
7305,12/21/2014,Restaurant - Steakhouse,-7.47,CA
7305,12/21/2014,Movie Ticket,-23.44,CA
7305,12/21/2014,Seaside Bar,-12.91,CA
7305,12/21/2014,Lyft,-102.07,CA
7305,12/21/2014,Restaurant - Steakhouse,-33.06,CA
7305,12/22/2014,Seaside Bar,-34.19,CA
7305,12/22/2014,Lyft,-27.12,CA
7305,12/22/2014,Ice Skating Rink,-69.45,CA
7305,12/22/2014,Restaurant - Chinese,-109.49,CA
7305,12/22/2014,Bowling,-23.81,CA
7305,12/22/2014,Green Flash Brewery,-20.22,CA
7305,12/22/2014,Green Flash Brewery,-20.42,CA
7305,12/22/2014,Sprouts Market,-33.24,CA
7305,12/22/2014,Bowling,-26.91,CA
7305,12/22/2014,Restaurant - Chinese,-52.86,CA
7305,12/22/2014,Whole Foods,-9.86,CA
7305,12/22/2014,Karaoke Bar,-24.98,CA
7305,12/22/2014,Starbucks Coffee,-9.3,CA
7305,12/22/2014,Public Transportation - Bus Pass,-54.01,CA
7305,12/22/2014,John's Bar & Restaurant,-35.85,CA
7305,12/23/2014,Concert Ticket,-2.02,CA
7305,12/23/2014,Movie Ticket,-31.32,CA
7305,12/23/2014,Movie Ticket,-12.48,CA
7305,12/24/2014,Sprouts Market,-74.02,CA
7305,12/24/2014,Uber,-66.23,CA
7305,12/24/2014,Public Transportation - Train Pass,-92.39,CA
7305,12/24/2014,Rodriguez's Bar and Grill,-7.5,CA
7305,12/24/2014,Seaside Bar,-32.15,CA
7305,12/24/2014,Wine Bar,-36.11,CA
7305,12/24/2014,John's Bar & Restaurant,-4.18,CA
7305,12/24/2014,Public Transportation - Bus Pass,-34.51,CA
7305,12/24/2014,Restaurant - Steakhouse,-19.66,CA
7305,12/24/2014,Concert Ticket,-14.34,CA
7305,12/24/2014,Bowling,-13.79,CA
7305,12/25/2014,Bowling,-94.75,CA
7305,12/25/2014,Karaoke Bar,-36.1,CA
7305,12/26/2014,Restaurant - Chinese,-6.85,CA
7305,12/26/2014,Bowling,-34.15,CA
7305,12/27/2014,Ralph's Grocery Store,-37.04,CA
7305,12/27/2014,Green Flash Brewery,-2.48,CA
7305,12/28/2014,Food Delivery - GrubHub,-34.74,CA
7305,12/28/2014,Fisker Night Club,-30.03,CA
7305,12/29/2014,Green Flash Brewery,-4.42,CA
7305,12/29/2014,Karaoke Bar,-7.75,CA
7305,12/29/2014,Sprouts Market,-12.02,CA
7305,12/29/2014,Seaside Bar,-95.2,CA
7305,12/29/2014,Wine Bar,-15.62,CA
7305,12/29/2014,Whole Foods,-13.15,CA
7305,12/29/2014,Fisker Night Club,-8.44,CA
7305,12/29/2014,Whole Foods,-27.18,CA
7305,12/29/2014,Public Transportation - Train Pass,-8.88,CA
7305,12/30/2014,Fisker Night Club,-2.9,CA
7305,12/30/2014,Taxi,-81.83,CA
7305,12/32/2014,John's Bar & Restaurant,-18.84,CA
7305,12/32/2014,Public Transportation - Bus Pass,-27.24,CA
7305,12/32/2014,Uber,-3.31,CA
