auth_id, Date, Vendor, Amount, Location 
99842,1/2/2013,Guitar Center,-20.52,CA
99842,1/2/2013,Painting Course Fees,-37.69,CA
99842,1/2/2013,Amazon Order - Paint Canvas,-12.41,CA
99842,1/2/2013,Guitar Center,-78.41,CA
99842,1/3/2013,Guitar Center,-24.77,CA
99842,1/3/2013,Ashley's Craft Store,-25.9,CA
99842,1/3/2013,Sprouts Market,-4.63,CA
99842,1/3/2013,Taxi,-16.23,CA
99842,1/4/2013,Amazon Order - Paint Bushes,-25.18,CA
99842,1/4/2013,Art's Art Supplies,-23.48,CA
99842,1/5/2013,Uber,-5.25,CA
99842,1/5/2013,Painting Course Fees,-12.1,CA
99842,1/5/2013,Taxi,-34.78,CA
99842,1/6/2013,Lyft,-1.18,CA
99842,1/6/2013,Art's Art Supplies,-34.8,CA
99842,1/6/2013,Art's Art Supplies,-34.37,CA
99842,1/7/2013,Guitar Center,-119.84,CA
99842,1/8/2013,Guitar Center,-11.22,CA
99842,1/9/2013,Amazon Order - Paint Canvas,-29.03,CA
99842,1/9/2013,Amazon Order - Paint Canvas,-36.65,CA
99842,1/10/2013,Public Transportation - Bus Pass,-28.91,CA
99842,1/10/2013,Lyft,-2.9,CA
99842,1/11/2013,Restaurant - Pizza,-33.33,CA
99842,1/11/2013,Ashley's Craft Store,-107.14,CA
99842,1/12/2013,Restaurant - Pizza,-25.09,CA
99842,1/12/2013,Guitar Center,-30.11,CA
99842,1/12/2013,Painting Course Fees,-7.85,CA
99842,1/13/2013,Lyft,-17.21,CA
99842,1/14/2013,Whole Foods,-50.35,CA
99842,1/14/2013,Music Lessons - Piano,-14.81,CA
99842,1/14/2013,Ashley's Craft Store,-9.22,CA
99842,1/15/2013,Art Auction,-24.75,CA
99842,1/16/2013,Michael's Crafts,-23.73,CA
99842,1/17/2013,Music Lessons - Piano,-7.93,CA
99842,1/17/2013,Von's Groceries,-34.21,CA
99842,1/18/2013,Food Delivery - GrubHub,-4.29,CA
99842,1/18/2013,Michael's Crafts,-5.61,CA
99842,1/18/2013,Music Lessons - Piano,-20.31,CA
99842,1/18/2013,Art Auction,-2.38,CA
99842,1/18/2013,Ashley's Craft Store,-9.11,CA
99842,1/18/2013,Starbucks Coffee,-23.51,CA
99842,1/19/2013,Public Transportation - Train Pass,-14,CA
99842,1/19/2013,Painting Course Fees,-39.41,CA
99842,1/19/2013,Amazon Order - Baby Crib,-32.24,CA
99842,1/19/2013,Hospital - Prenatal Care,-19.78,CA
99842,1/19/2013,Babies "R" Us,-18.65,CA
99842,1/19/2013,BuyBuyBaby.com,-33.63,CA
99842,1/20/2013,Restaurant - Chinese,-118.01,CA
99842,1/20/2013,Amazon Order - Paint Canvas,-91.29,CA
99842,1/20/2013,Painting Course Fees,-4.41,CA
99842,1/20/2013,Michael's Crafts,-12.54,CA
99842,1/21/2013,Music Lessons - Piano,-98.41,CA
99842,1/21/2013,Painting Course Fees,-17.11,CA
99842,1/21/2013,Michael's Crafts,-0.83,CA
99842,1/21/2013,Michael's Crafts,-60.46,CA
99842,1/22/2013,Guitar Center,-16.13,CA
99842,1/22/2013,Painting Course Fees,-39.97,CA
99842,1/22/2013,Art Auction,-21.32,CA
99842,1/23/2013,Michael's Crafts,-11.79,CA
99842,1/23/2013,Art Auction,-1.95,CA
99842,1/23/2013,Taxi,-89.06,CA
99842,1/24/2013,Public Transportation - Train Pass,-18.61,CA
99842,1/24/2013,Public Transportation - Train Pass,-32.55,CA
99842,1/24/2013,Art's Art Supplies,-1.84,CA
99842,1/24/2013,Restaurant - Pizza,-5.01,CA
99842,1/24/2013,Art Auction,-104.89,CA
99842,1/25/2013,Ashley's Craft Store,-22.68,CA
99842,1/25/2013,Music Lessons - Piano,-33.18,CA
99842,1/25/2013,Amazon Order - Paint Bushes,-13.17,CA
99842,1/26/2013,Whole Foods,-5.06,CA
99842,1/27/2013,Lyft,-7.38,CA
99842,1/27/2013,Painting Course Fees,-9.35,CA
99842,1/28/2013,Public Transportation - Train Pass,-14.19,CA
99842,1/28/2013,Michael's Crafts,-18.2,CA
99842,1/28/2013,Restaurant - Chinese,-18.3,CA
99842,1/28/2013,Painting Course Fees,-51.64,CA
99842,1/28/2013,Von's Groceries,-38.32,CA
99842,1/28/2013,Uber,-9.27,CA
99842,1/28/2013,Ashley's Craft Store,-29.81,CA
99842,1/29/2013,Ashley's Craft Store,-25.05,CA
99842,1/30/2013,Art's Art Supplies,-35.34,CA
99842,3/2/2013,Paycheck,2879,CA
99842,3/2/2013,Housing Rent,-936,CA
99842,3/2/2013,Water & Sewer,-53,CA
99842,3/2/2013,Gas & Electric,-32,CA
99842,3/2/2013,Time Warner Cable,-25,CA
99842,3/2/2013,ACS - Student Loans,-135,CA
99842,3/2/2013,Credit Card Payment,-154,CA
99842,3/2/2013,Navient - Student Loans,-197,CA
99842,3/2/2013,Whole Foods,-117.57,CA
99842,3/2/2013,Amazon Order - Paint Canvas,-89.99,CA
99842,3/2/2013,Restaurant - Pizza,-13.01,CA
99842,3/2/2013,Public Transportation - Bus Pass,-92.69,CA
99842,3/2/2013,Michael's Crafts,-11.52,CA
99842,3/2/2013,Painting Course Fees,-36.71,CA
99842,3/2/2013,Painting Course Fees,-89.27,CA
99842,3/3/2013,Von's Groceries,-29.29,CA
99842,3/3/2013,Michael's Crafts,-1.59,CA
99842,3/3/2013,Sprouts Market,-36.16,CA
99842,3/3/2013,Art's Art Supplies,-22.71,CA
99842,3/4/2013,Art Auction,-9.24,CA
99842,3/5/2013,Amazon Order - Paint Bushes,-11.08,CA
99842,3/5/2013,Amazon Order - Paint Canvas,-22.11,CA
99842,3/5/2013,Michael's Crafts,-34.6,CA
99842,3/6/2013,Lyft,-33.26,CA
99842,3/6/2013,Music Lessons - Piano,-30.48,CA
99842,3/7/2013,Guitar Center,-22.45,CA
99842,3/7/2013,Art Auction,-19.95,CA
99842,3/7/2013,Art Auction,-9.14,CA
99842,3/7/2013,Guitar Center,-36.72,CA
99842,3/7/2013,Public Transportation - Train Pass,-5.8,CA
99842,3/8/2013,Painting Course Fees,-23.47,CA
99842,3/8/2013,Sprouts Market,-6.47,CA
99842,3/8/2013,Michael's Crafts,-37.99,CA
99842,3/9/2013,Food Delivery - GrubHub,-18.15,CA
99842,3/9/2013,Ashley's Craft Store,-15.59,CA
99842,3/9/2013,Art Auction,-34.26,CA
99842,3/10/2013,Michael's Crafts,-41.37,CA
99842,3/11/2013,Guitar Center,-85.35,CA
99842,3/12/2013,Restaurant - Steakhouse,-24.99,CA
99842,3/13/2013,Michael's Crafts,-88.34,CA
99842,3/13/2013,Guitar Center,-24.66,CA
99842,3/14/2013,Michael's Crafts,-27.55,CA
99842,3/14/2013,Ashley's Craft Store,-15.71,CA
99842,3/14/2013,Painting Course Fees,-10.62,CA
99842,3/15/2013,Music Lessons - Piano,-22.59,CA
99842,3/15/2013,Music Lessons - Piano,-18.11,CA
99842,3/15/2013,Ralph's Grocery Store,-5.06,CA
99842,3/16/2013,Art Auction,-111.76,CA
99842,3/16/2013,Amazon Order - Paint Bushes,-44.42,CA
99842,3/16/2013,Music Lessons - Piano,-17.44,CA
99842,3/17/2013,Ashley's Craft Store,-21.25,CA
99842,3/18/2013,Guitar Center,-32.08,CA
99842,3/18/2013,Sprouts Market,-104.64,CA
99842,3/18/2013,Music Lessons - Piano,-90.36,CA
99842,3/19/2013,Public Transportation - Bus Pass,-10.55,CA
99842,3/20/2013,Amazon Order - Paint Bushes,-17.45,CA
99842,3/20/2013,Guitar Center,-25.35,CA
99842,3/21/2013,Amazon Order - Paint Canvas,-38.16,CA
99842,3/21/2013,Art's Art Supplies,-13.25,CA
99842,3/21/2013,Public Transportation - Bus Pass,-16,CA
99842,3/22/2013,Painting Course Fees,-14.18,CA
99842,3/22/2013,Starbucks Coffee,-11.57,CA
99842,3/22/2013,Uber,-19.2,CA
99842,3/23/2013,Restaurant - Pizza,-12.38,CA
99842,3/23/2013,Public Transportation - Train Pass,-17.51,CA
99842,3/23/2013,Amazon Order - Paint Bushes,-38.97,CA
99842,3/23/2013,Restaurant - Steakhouse,-18.14,CA
99842,3/23/2013,Art Auction,-55.04,CA
99842,3/24/2013,Ashley's Craft Store,-83.37,CA
99842,3/24/2013,Restaurant - Chinese,-33.74,CA
99842,3/25/2013,Public Transportation - Train Pass,-98.52,CA
99842,3/26/2013,Lyft,-16.69,CA
99842,3/26/2013,Public Transportation - Bus Pass,-2.04,CA
99842,3/27/2013,Art's Art Supplies,-30.38,CA
99842,3/27/2013,Public Transportation - Bus Pass,-20.5,CA
99842,3/28/2013,Michael's Crafts,-30.53,CA
99842,3/28/2013,Guitar Center,-0.79,CA
99842,3/28/2013,Amazon Order - Paint Bushes,-23.71,CA
99842,3/28/2013,Painting Course Fees,-35.97,CA
99842,3/28/2013,Michael's Crafts,-33.3,CA
99842,3/29/2013,Art Auction,-23.46,CA
99842,3/30/2013,Art's Art Supplies,-13.82,CA
99842,3/30/2013,Whole Foods,-70.79,CA
99842,4/2/2013,Paycheck,2879,CA
99842,4/2/2013,Housing Rent,-752,CA
99842,4/2/2013,Water & Sewer,-53,CA
99842,4/2/2013,Gas & Electric,-32,CA
99842,4/2/2013,Time Warner Cable,-25,CA
99842,4/2/2013,ACS - Student Loans,-135,CA
99842,4/2/2013,Credit Card Payment,-154,CA
99842,4/2/2013,Navient - Student Loans,-197,CA
99842,4/2/2013,Art's Art Supplies,-107.08,CA
99842,4/3/2013,Amazon Order - Paint Canvas,-30.89,CA
99842,4/4/2013,Uber,-21,CA
99842,4/5/2013,Guitar Center,-14.38,CA
99842,4/6/2013,Ashley's Craft Store,-0.47,CA
99842,4/7/2013,Sprouts Market,-75.18,CA
99842,4/8/2013,Lyft,-32.51,CA
99842,4/8/2013,Ralph's Grocery Store,-39.09,CA
99842,4/8/2013,Sprouts Market,-27.15,CA
99842,4/8/2013,Amazon Order - Paint Canvas,-9.08,CA
99842,4/9/2013,Ashley's Craft Store,-16.01,CA
99842,4/9/2013,Restaurant - Steakhouse,-1.28,CA
99842,4/9/2013,Von's Groceries,-28.19,CA
99842,4/9/2013,Taxi,-18.02,CA
99842,4/9/2013,Uber,-7.66,CA
99842,4/9/2013,Amazon Order - Paint Bushes,-14.14,CA
99842,4/9/2013,Restaurant - Chinese,-10.85,CA
99842,4/9/2013,Art Auction,-21.48,CA
99842,4/9/2013,Starbucks Coffee,-33.52,CA
99842,4/9/2013,Lyft,-0.48,CA
99842,4/9/2013,Art Auction,-19.1,CA
99842,4/9/2013,Music Lessons - Piano,-32.24,CA
99842,4/9/2013,Art's Art Supplies,-105.1,CA
99842,4/9/2013,Amazon Order - Paint Canvas,-84.74,CA
99842,4/9/2013,Lyft,-30.75,CA
99842,4/9/2013,Art Auction,-55.72,CA
99842,4/9/2013,Guitar Center,-10.87,CA
99842,4/9/2013,Amazon Order - Paint Canvas,-60.67,CA
99842,4/9/2013,Von's Groceries,-31.27,CA
99842,4/10/2013,Restaurant - Burgers,-20.34,CA
99842,4/11/2013,Amazon Order - Paint Canvas,-33.1,CA
99842,4/12/2013,Ashley's Craft Store,-16.05,CA
99842,4/12/2013,Music Lessons - Piano,-4.15,CA
99842,4/12/2013,Amazon Order - Paint Canvas,-25.62,CA
99842,4/12/2013,Art Auction,-15.13,CA
99842,4/13/2013,Public Transportation - Bus Pass,-10.26,CA
99842,4/14/2013,Amazon Order - Paint Canvas,-3.24,CA
99842,4/15/2013,Painting Course Fees,-16.74,CA
99842,4/15/2013,Music Lessons - Piano,-9.72,CA
99842,4/15/2013,Public Transportation - Bus Pass,-30.34,CA
99842,4/15/2013,Public Transportation - Train Pass,-2.28,CA
99842,4/15/2013,Michael's Crafts,-33.25,CA
99842,4/16/2013,Restaurant - Steakhouse,-1.44,CA
99842,4/17/2013,Guitar Center,-96.32,CA
99842,4/17/2013,Restaurant - Pizza,-32.54,CA
99842,4/17/2013,Whole Foods,-30.91,CA
99842,4/17/2013,Amazon Order - Paint Bushes,-23.61,CA
99842,4/18/2013,Uber,-13.04,CA
99842,4/18/2013,Amazon Order - Paint Canvas,-11.29,CA
99842,4/18/2013,Public Transportation - Bus Pass,-30.59,CA
99842,4/18/2013,Whole Foods,-82.85,CA
99842,4/18/2013,Taxi,-33.27,CA
99842,4/18/2013,Music Lessons - Piano,-39.25,CA
99842,4/19/2013,Painting Course Fees,-42.67,CA
99842,4/19/2013,Art Auction,-19.16,CA
99842,4/19/2013,Music Lessons - Piano,-10.1,CA
99842,4/20/2013,Painting Course Fees,-104.01,CA
99842,4/21/2013,Ralph's Grocery Store,-1.07,CA
99842,4/21/2013,Michael's Crafts,-29.6,CA
99842,4/22/2013,Restaurant - Burgers,-37.05,CA
99842,4/23/2013,Art Auction,-18.69,CA
99842,4/23/2013,Painting Course Fees,-76.26,CA
99842,4/24/2013,Michael's Crafts,-118,CA
99842,4/24/2013,Taxi,-6.76,CA
99842,4/24/2013,Public Transportation - Train Pass,-39.61,CA
99842,4/24/2013,Uber,-97.27,CA
99842,4/24/2013,Amazon Order - Paint Canvas,-17.49,CA
99842,4/24/2013,Amazon Order - Paint Bushes,-55.51,CA
99842,4/25/2013,Uber,-18.08,CA
99842,4/25/2013,Art's Art Supplies,-20.7,CA
99842,4/25/2013,Sprouts Market,-39.68,CA
99842,4/25/2013,Art Auction,-7.71,CA
99842,4/26/2013,Restaurant - Burgers,-45.9,CA
99842,4/27/2013,Amazon Order - Paint Bushes,-15.66,CA
99842,4/28/2013,Art's Art Supplies,-11.11,CA
99842,4/28/2013,Amazon Order - Paint Canvas,-21.93,CA
99842,4/29/2013,Sprouts Market,-8.96,CA
99842,4/29/2013,Art's Art Supplies,-23.73,CA
99842,4/30/2013,Starbucks Coffee,-28.77,CA
99842,4/30/2013,Music Lessons - Piano,-18.72,CA
99842,4/30/2013,Lyft,-108.82,CA
99842,4/30/2013,Painting Course Fees,-29.15,CA
99842,4/30/2013,Art Auction,-86.34,CA
99842,5/2/2013,Paycheck,2879,CA
99842,5/2/2013,Housing Rent,-973,CA
99842,5/2/2013,Water & Sewer,-53,CA
99842,5/2/2013,Gas & Electric,-32,CA
99842,5/2/2013,Time Warner Cable,-25,CA
99842,5/2/2013,ACS - Student Loans,-135,CA
99842,5/2/2013,Credit Card Payment,-154,CA
99842,5/2/2013,Navient - Student Loans,-197,CA
99842,5/2/2013,Guitar Center,-27.64,CA
99842,5/2/2013,Public Transportation - Train Pass,-31.54,CA
99842,5/3/2013,Ashley's Craft Store,-18,CA
99842,5/4/2013,Public Transportation - Train Pass,-17.95,CA
99842,5/4/2013,Amazon Order - Paint Canvas,-7.37,CA
99842,5/4/2013,Lyft,-36.6,CA
99842,5/5/2013,Art Auction,-20.53,CA
99842,5/5/2013,Sprouts Market,-25.76,CA
99842,5/6/2013,Art's Art Supplies,-35.73,CA
99842,5/6/2013,Ashley's Craft Store,-27.96,CA
99842,5/7/2013,Uber,-12.15,CA
99842,5/7/2013,Public Transportation - Train Pass,-36.34,CA
99842,5/8/2013,Von's Groceries,-4.6,CA
99842,5/8/2013,Painting Course Fees,-57.59,CA
99842,5/8/2013,Guitar Center,-0.23,CA
99842,5/9/2013,Art Auction,-34.48,CA
99842,5/10/2013,Ashley's Craft Store,-9.67,CA
99842,5/10/2013,Von's Groceries,-7.92,CA
99842,5/10/2013,Music Lessons - Piano,-14.86,CA
99842,5/10/2013,Amazon Order - Paint Canvas,-4.7,CA
99842,5/11/2013,Public Transportation - Train Pass,-27.28,CA
99842,5/11/2013,Painting Course Fees,-2.42,CA
99842,5/11/2013,Amazon Order - Paint Bushes,-20.98,CA
99842,5/12/2013,Lyft,-32.28,CA
99842,5/12/2013,Painting Course Fees,-18.84,CA
99842,5/13/2013,Art Auction,-34.97,CA
99842,5/13/2013,Food Delivery - GrubHub,-20.45,CA
99842,5/13/2013,Guitar Center,-36.7,CA
99842,5/13/2013,Painting Course Fees,-105.43,CA
99842,5/13/2013,Amazon Order - Paint Canvas,-15.55,CA
99842,5/14/2013,Art's Art Supplies,-30.25,CA
99842,5/14/2013,Starbucks Coffee,-37.34,CA
99842,5/15/2013,Taxi,-29.38,CA
99842,5/15/2013,Restaurant - Chinese,-10.14,CA
99842,5/15/2013,Taxi,-16.86,CA
99842,5/16/2013,Art's Art Supplies,-0.95,CA
99842,5/16/2013,Lyft,-9.91,CA
99842,5/16/2013,Ashley's Craft Store,-18.74,CA
99842,5/16/2013,Restaurant - Pizza,-86.03,CA
99842,5/17/2013,Ralph's Grocery Store,-14.39,CA
99842,5/18/2013,Ashley's Craft Store,-43.04,CA
99842,5/18/2013,Amazon Order - Paint Canvas,-18.05,CA
99842,5/18/2013,Ashley's Craft Store,-13.13,CA
99842,5/18/2013,Guitar Center,-6.04,CA
99842,5/18/2013,Amazon Order - Paint Canvas,-48.05,CA
99842,5/18/2013,Painting Course Fees,-34.64,CA
99842,5/18/2013,Uber,-22.21,CA
99842,5/19/2013,Uber,-19.43,CA
99842,5/19/2013,Public Transportation - Bus Pass,-6.98,CA
99842,5/20/2013,Ashley's Craft Store,-66.67,CA
99842,5/21/2013,Sprouts Market,-22.32,CA
99842,5/21/2013,Ashley's Craft Store,-13.97,CA
99842,5/22/2013,Restaurant - Steakhouse,-28.16,CA
99842,5/22/2013,Painting Course Fees,-16.23,CA
99842,5/22/2013,Public Transportation - Bus Pass,-12.52,CA
99842,5/23/2013,Art's Art Supplies,-7.41,CA
99842,5/23/2013,Restaurant - Chinese,-39.32,CA
99842,5/24/2013,Art Auction,-9.44,CA
99842,5/24/2013,Restaurant - Pizza,-27.65,CA
99842,5/24/2013,Art's Art Supplies,-12.84,CA
99842,5/24/2013,Painting Course Fees,-7.53,CA
99842,5/25/2013,Taxi,-25.72,CA
99842,5/25/2013,Lyft,-30.71,CA
99842,5/26/2013,Whole Foods,-3.76,CA
99842,5/26/2013,Restaurant - Steakhouse,-51.2,CA
99842,5/26/2013,Ralph's Grocery Store,-12.26,CA
99842,5/26/2013,Michael's Crafts,-9.32,CA
99842,5/26/2013,Food Delivery - GrubHub,-0.14,CA
99842,5/26/2013,Public Transportation - Train Pass,-14.34,CA
99842,5/26/2013,Amazon Order - Paint Canvas,-39.76,CA
99842,5/26/2013,Michael's Crafts,-17.66,CA
99842,5/26/2013,Uber,-44.56,CA
99842,5/26/2013,Art's Art Supplies,-53.52,CA
99842,5/27/2013,Restaurant - Burgers,-26.38,CA
99842,5/28/2013,Painting Course Fees,-21.48,CA
99842,5/28/2013,Restaurant - Burgers,-1.38,CA
99842,5/28/2013,Art Auction,-36.46,CA
99842,5/28/2013,Ralph's Grocery Store,-34.84,CA
99842,5/28/2013,Amazon Order - Paint Bushes,-114.68,CA
99842,5/28/2013,Art Auction,-5.19,CA
99842,5/28/2013,Sprouts Market,-8.6,CA
99842,5/28/2013,Amazon Order - Paint Bushes,-9.22,CA
99842,5/28/2013,Ashley's Craft Store,-36.62,CA
99842,5/28/2013,Restaurant - Chinese,-34.48,CA
99842,5/29/2013,Taxi,-88.07,CA
99842,5/29/2013,Taxi,-89.29,CA
99842,5/29/2013,Guitar Center,-82.73,CA
99842,5/29/2013,Amazon Order - Paint Canvas,-30.02,CA
99842,5/29/2013,Lyft,-10.73,CA
99842,5/30/2013,Art Auction,-0.78,CA
99842,6/2/2013,Paycheck,2879,CA
99842,6/2/2013,Housing Rent,-1084,CA
99842,6/2/2013,Water & Sewer,-53,CA
99842,6/2/2013,Gas & Electric,-32,CA
99842,6/2/2013,Time Warner Cable,-25,CA
99842,6/2/2013,ACS - Student Loans,-135,CA
99842,6/2/2013,Credit Card Payment,-154,CA
99842,6/2/2013,Navient - Student Loans,-197,CA
99842,6/2/2013,Painting Course Fees,-24.44,CA
99842,6/3/2013,Painting Course Fees,-7.22,CA
99842,6/3/2013,Taxi,-99.48,CA
99842,6/3/2013,Amazon Order - Paint Canvas,-21.89,CA
99842,6/4/2013,Music Lessons - Piano,-26.15,CA
99842,6/4/2013,Art's Art Supplies,-1.57,CA
99842,6/4/2013,Lyft,-23.39,CA
99842,6/5/2013,Food Delivery - GrubHub,-33.02,CA
99842,6/5/2013,Art Auction,-37.26,CA
99842,6/5/2013,Art's Art Supplies,-39.15,CA
99842,6/6/2013,Amazon Order - Paint Bushes,-11.54,CA
99842,6/6/2013,Music Lessons - Piano,-13.44,CA
99842,6/6/2013,Music Lessons - Piano,-13.43,CA
99842,6/7/2013,Uber,-117.49,CA
99842,6/8/2013,Uber,-1.62,CA
99842,6/8/2013,Amazon Order - Paint Bushes,-12.58,CA
99842,6/8/2013,Restaurant - Pizza,-28.1,CA
99842,6/8/2013,Art Auction,-31.52,CA
99842,6/8/2013,Art's Art Supplies,-100.11,CA
99842,6/9/2013,Art's Art Supplies,-12.4,CA
99842,6/10/2013,Amazon Order - Paint Canvas,-35.89,CA
99842,6/10/2013,Amazon Order - Paint Bushes,-34.28,CA
99842,6/10/2013,Public Transportation - Bus Pass,-29.96,CA
99842,6/10/2013,Art's Art Supplies,-20.65,CA
99842,6/10/2013,Ashley's Craft Store,-19.73,CA
99842,6/11/2013,Restaurant - Steakhouse,-31.07,CA
99842,6/11/2013,Uber,0,CA
99842,6/11/2013,Uber,-5.47,CA
99842,6/11/2013,Public Transportation - Train Pass,-3.73,CA
99842,6/12/2013,Public Transportation - Bus Pass,-12.7,CA
99842,6/13/2013,Ashley's Craft Store,-32.27,CA
99842,6/14/2013,Public Transportation - Bus Pass,-16.51,CA
99842,6/14/2013,Art Auction,-4.05,CA
99842,6/14/2013,Painting Course Fees,-90.38,CA
99842,6/15/2013,Ashley's Craft Store,-5.38,CA
99842,6/15/2013,Art's Art Supplies,-37.33,CA
99842,6/15/2013,Painting Course Fees,-39.71,CA
99842,6/15/2013,Amazon Order - Paint Canvas,-3.91,CA
99842,6/15/2013,Painting Course Fees,-13.85,CA
99842,6/16/2013,Whole Foods,-39.75,CA
99842,6/16/2013,Art Auction,-4.16,CA
99842,6/17/2013,Amazon Order - Paint Bushes,-9.51,CA
99842,6/17/2013,Art Auction,-28.5,CA
99842,6/17/2013,Amazon Order - Paint Bushes,-68.88,CA
99842,6/17/2013,Painting Course Fees,-6.31,CA
99842,6/18/2013,Taxi,-8.62,CA
99842,6/19/2013,Music Lessons - Piano,-112.04,CA
99842,6/19/2013,Amazon Order - Paint Bushes,-19.17,CA
99842,6/20/2013,Amazon Order - Paint Bushes,-18.01,CA
99842,6/20/2013,Von's Groceries,-71.58,CA
99842,6/20/2013,Restaurant - Pizza,-50.68,CA
99842,6/20/2013,Ashley's Craft Store,-37.21,CA
99842,6/20/2013,Restaurant - Steakhouse,-18.2,CA
99842,6/20/2013,Painting Course Fees,-6.29,CA
99842,6/21/2013,Art Auction,-26.48,CA
99842,6/22/2013,Amazon Order - Paint Canvas,-5.34,CA
99842,6/23/2013,Guitar Center,-12.8,CA
99842,6/24/2013,Music Lessons - Piano,-13.64,CA
99842,6/25/2013,Michael's Crafts,-25.91,CA
99842,6/25/2013,Michael's Crafts,-12.48,CA
99842,6/25/2013,Uber,-17.69,CA
99842,6/26/2013,Lyft,-16.22,CA
99842,6/26/2013,Restaurant - Chinese,-3.81,CA
99842,6/26/2013,Art Auction,-24.23,CA
99842,6/26/2013,Amazon Order - Paint Bushes,-8.47,CA
99842,6/26/2013,Taxi,-16.72,CA
99842,6/26/2013,Public Transportation - Train Pass,-16.92,CA
99842,6/26/2013,Music Lessons - Piano,-6.94,CA
99842,6/26/2013,Restaurant - Burgers,-27.84,CA
99842,6/26/2013,Taxi,-39.34,CA
99842,6/26/2013,Guitar Center,-3.35,CA
99842,6/26/2013,Restaurant - Burgers,-11.4,CA
99842,6/27/2013,Art's Art Supplies,-5.37,CA
99842,6/27/2013,Uber,-24.49,CA
99842,6/27/2013,Food Delivery - GrubHub,-76.62,CA
99842,6/28/2013,Ralph's Grocery Store,-13.06,CA
99842,6/28/2013,Lyft,-37.48,CA
99842,6/28/2013,Public Transportation - Train Pass,-36.39,CA
99842,6/28/2013,Amazon Order - Paint Canvas,-22.28,CA
99842,6/28/2013,Restaurant - Chinese,-12.86,CA
99842,6/28/2013,Sprouts Market,-15.44,CA
99842,6/29/2013,Art Auction,-35.34,CA
99842,6/29/2013,Painting Course Fees,-7.14,CA
99842,6/30/2013,Restaurant - Chinese,-7.84,CA
99842,7/2/2013,Paycheck,2879,CA
99842,7/2/2013,Housing Rent,-1121,CA
99842,7/2/2013,Water & Sewer,-53,CA
99842,7/2/2013,Gas & Electric,-32,CA
99842,7/2/2013,Time Warner Cable,-25,CA
99842,7/2/2013,ACS - Student Loans,-135,CA
99842,7/2/2013,Credit Card Payment,-154,CA
99842,7/2/2013,Navient - Student Loans,-197,CA
99842,7/2/2013,Whole Foods,-24.25,CA
99842,7/2/2013,Public Transportation - Train Pass,-91.17,CA
99842,7/2/2013,Uber,-31.02,CA
99842,7/2/2013,Whole Foods,-107.86,CA
99842,7/3/2013,Amazon Order - Paint Bushes,-20.87,CA
99842,7/3/2013,Lyft,-4.21,CA
99842,7/3/2013,Food Delivery - GrubHub,-33.96,CA
99842,7/3/2013,Taxi,-1.08,CA
99842,7/3/2013,Restaurant - Chinese,-14.18,CA
99842,7/3/2013,Public Transportation - Train Pass,-8.78,CA
99842,7/3/2013,Public Transportation - Train Pass,-11.43,CA
99842,7/4/2013,Amazon Order - Paint Canvas,-22.78,CA
99842,7/4/2013,Uber,-37.95,CA
99842,7/4/2013,Ashley's Craft Store,-9.99,CA
99842,7/4/2013,Food Delivery - GrubHub,-20.15,CA
99842,7/4/2013,Guitar Center,-12.51,CA
99842,7/5/2013,Uber,-18.41,CA
99842,7/5/2013,Restaurant - Steakhouse,-34.3,CA
99842,7/5/2013,Public Transportation - Train Pass,-23.34,CA
99842,7/5/2013,Art Auction,-22.17,CA
99842,7/5/2013,Michael's Crafts,-14.19,CA
99842,7/6/2013,Painting Course Fees,-29.58,CA
99842,7/6/2013,Amazon Order - Paint Canvas,-3.81,CA
99842,7/7/2013,Guitar Center,-13.2,CA
99842,7/7/2013,Lyft,-15.98,CA
99842,7/7/2013,Amazon Order - Paint Bushes,-31.15,CA
99842,7/8/2013,Painting Course Fees,-119.86,CA
99842,7/8/2013,Michael's Crafts,-34.15,CA
99842,7/9/2013,Guitar Center,-39.29,CA
99842,7/10/2013,Painting Course Fees,-24.97,CA
99842,7/10/2013,Guitar Center,-8.88,CA
99842,7/11/2013,Von's Groceries,-34.97,CA
99842,7/11/2013,Art's Art Supplies,-10.81,CA
99842,7/12/2013,Whole Foods,-103.46,CA
99842,7/12/2013,Michael's Crafts,-9.41,CA
99842,7/12/2013,Music Lessons - Piano,-39.35,CA
99842,7/12/2013,Painting Course Fees,-15.18,CA
99842,7/12/2013,Ralph's Grocery Store,-13.63,CA
99842,7/12/2013,Public Transportation - Train Pass,-98.45,CA
99842,7/12/2013,Art Auction,-86.93,CA
99842,7/12/2013,Public Transportation - Bus Pass,-39.16,CA
99842,7/12/2013,Art Auction,-27.79,CA
99842,7/12/2013,Music Lessons - Piano,-36.26,CA
99842,7/12/2013,Guitar Center,-84.61,CA
99842,7/13/2013,Ralph's Grocery Store,-29.78,CA
99842,7/13/2013,Restaurant - Pizza,-33.18,CA
99842,7/13/2013,Art Auction,-16.43,CA
99842,7/13/2013,Von's Groceries,-14.33,CA
99842,7/14/2013,Guitar Center,-33.19,CA
99842,7/14/2013,Uber,-3.02,CA
99842,7/14/2013,Amazon Order - Paint Bushes,-35.1,CA
99842,7/14/2013,Public Transportation - Bus Pass,-64.97,CA
99842,7/14/2013,Art's Art Supplies,-23.67,CA
99842,7/15/2013,Guitar Center,-3.9,CA
99842,7/15/2013,Public Transportation - Train Pass,-8.7,CA
99842,7/15/2013,Amazon Order - Paint Canvas,-17.71,CA
99842,7/15/2013,Music Lessons - Piano,-33.9,CA
99842,7/15/2013,Food Delivery - GrubHub,-3.06,CA
99842,7/16/2013,Painting Course Fees,-105.15,CA
99842,7/16/2013,Ashley's Craft Store,-3.3,CA
99842,7/16/2013,Guitar Center,-1.82,CA
99842,7/17/2013,Michael's Crafts,-37.47,CA
99842,7/17/2013,Amazon Order - Paint Bushes,-32.03,CA
99842,7/17/2013,Art Auction,-6.65,CA
99842,7/17/2013,Art Auction,-38.62,CA
99842,7/18/2013,Art Auction,-20.22,CA
99842,7/18/2013,Music Lessons - Piano,-20.82,CA
99842,7/19/2013,Amazon Order - Paint Canvas,-36.2,CA
99842,7/19/2013,Art Auction,-19.07,CA
99842,7/19/2013,Amazon Order - Paint Bushes,-23.99,CA
99842,7/19/2013,Starbucks Coffee,-25.53,CA
99842,7/20/2013,Amazon Order - Paint Bushes,-30.35,CA
99842,7/20/2013,Music Lessons - Piano,-38.54,CA
99842,7/20/2013,Taxi,-35.41,CA
99842,7/21/2013,Public Transportation - Bus Pass,-39.69,CA
99842,7/21/2013,Amazon Order - Paint Canvas,-24.9,CA
99842,7/21/2013,Guitar Center,-28.1,CA
99842,7/22/2013,Painting Course Fees,-8.25,CA
99842,7/23/2013,Amazon Order - Paint Bushes,-35.37,CA
99842,7/23/2013,Art Auction,-40.72,CA
99842,7/24/2013,Guitar Center,-15.45,CA
99842,7/24/2013,Uber,-9.26,CA
99842,7/24/2013,Amazon Order - Paint Canvas,-13.33,CA
99842,7/24/2013,Sprouts Market,-33.04,CA
99842,7/24/2013,Public Transportation - Train Pass,-95.46,CA
99842,7/24/2013,Whole Foods,-3.34,CA
99842,7/24/2013,Art Auction,-7.75,CA
99842,7/24/2013,Uber,-25.99,CA
99842,7/25/2013,Lyft,-20.97,CA
99842,7/26/2013,Art's Art Supplies,-2.32,CA
99842,7/26/2013,Art's Art Supplies,-0.19,CA
99842,7/27/2013,Von's Groceries,-29.59,CA
99842,7/27/2013,Music Lessons - Piano,-38.99,CA
99842,7/27/2013,Music Lessons - Piano,-21.63,CA
99842,7/27/2013,Public Transportation - Train Pass,-20.28,CA
99842,7/27/2013,Art's Art Supplies,-30.29,CA
99842,7/28/2013,Restaurant - Pizza,-22.13,CA
99842,7/28/2013,Ashley's Craft Store,-26.26,CA
99842,7/29/2013,Ashley's Craft Store,-117.2,CA
99842,7/30/2013,Amazon Order - Paint Canvas,-38.36,CA
99842,7/30/2013,Uber,-7.13,CA
99842,8/2/2013,Paycheck,2879,CA
99842,8/2/2013,Housing Rent,-1168,CA
99842,8/2/2013,Water & Sewer,-53,CA
99842,8/2/2013,Gas & Electric,-32,CA
99842,8/2/2013,Time Warner Cable,-25,CA
99842,8/2/2013,ACS - Student Loans,-135,CA
99842,8/2/2013,Credit Card Payment,-154,CA
99842,8/2/2013,Navient - Student Loans,-197,CA
99842,8/2/2013,Amazon Order - Paint Canvas,-7.88,CA
99842,8/2/2013,Guitar Center,-13.33,CA
99842,8/3/2013,Amazon Order - Paint Canvas,-67.52,CA
99842,8/3/2013,Taxi,-13.2,CA
99842,8/3/2013,Art Auction,-8.26,CA
99842,8/3/2013,Sprouts Market,-13.17,CA
99842,8/3/2013,Public Transportation - Bus Pass,-18.57,CA
99842,8/3/2013,Public Transportation - Train Pass,-44.34,CA
99842,8/4/2013,Guitar Center,-19.51,CA
99842,8/5/2013,Painting Course Fees,-23.39,CA
99842,8/5/2013,Taxi,-30.81,CA
99842,8/5/2013,Uber,-25.37,CA
99842,8/5/2013,Art's Art Supplies,-3.09,CA
99842,8/5/2013,Painting Course Fees,-101.55,CA
99842,8/5/2013,Ashley's Craft Store,-37.55,CA
99842,8/6/2013,Music Lessons - Piano,-38.48,CA
99842,8/6/2013,Public Transportation - Bus Pass,-37.48,CA
99842,8/7/2013,Art's Art Supplies,-15.31,CA
99842,8/7/2013,Lyft,-106.66,CA
99842,8/7/2013,Amazon Order - Paint Canvas,-111.32,CA
99842,8/7/2013,Taxi,-23.8,CA
99842,8/7/2013,Lyft,-25.4,CA
99842,8/7/2013,Ashley's Craft Store,-31.72,CA
99842,8/7/2013,Amazon Order - Paint Bushes,-37.15,CA
99842,8/7/2013,Lyft,-7.57,CA
99842,8/7/2013,Amazon Order - Paint Canvas,-6.44,CA
99842,8/7/2013,Starbucks Coffee,-33.95,CA
99842,8/8/2013,Guitar Center,-22.52,CA
99842,8/8/2013,Painting Course Fees,-27.95,CA
99842,8/9/2013,Amazon Order - Paint Canvas,-59.2,CA
99842,8/9/2013,Amazon Order - Paint Bushes,-72.81,CA
99842,8/10/2013,Lyft,-1.72,CA
99842,8/10/2013,Art's Art Supplies,-30.64,CA
99842,8/10/2013,Painting Course Fees,-84.82,CA
99842,8/11/2013,Music Lessons - Piano,-18.89,CA
99842,8/11/2013,Michael's Crafts,-37.72,CA
99842,8/11/2013,Art's Art Supplies,-1.88,CA
99842,8/11/2013,Music Lessons - Piano,-16.26,CA
99842,8/12/2013,Amazon Order - Paint Canvas,-16.86,CA
99842,8/12/2013,Art's Art Supplies,-7.6,CA
99842,8/13/2013,Lyft,-22.23,CA
99842,8/14/2013,Music Lessons - Piano,-97.82,CA
99842,8/14/2013,Amazon Order - Paint Bushes,-18.06,CA
99842,8/15/2013,Restaurant - Burgers,-30.95,CA
99842,8/15/2013,Amazon Order - Paint Canvas,-21.07,CA
99842,8/15/2013,Whole Foods,-15.58,CA
99842,8/15/2013,Amazon Order - Paint Canvas,-33.12,CA
99842,8/15/2013,Amazon Order - Paint Bushes,-14.8,CA
99842,8/15/2013,Von's Groceries,-61.14,CA
99842,8/16/2013,Ashley's Craft Store,-10.89,CA
99842,8/16/2013,Ashley's Craft Store,-37.14,CA
99842,8/16/2013,Amazon Order - Paint Bushes,-73.4,CA
99842,8/16/2013,Painting Course Fees,-2.73,CA
99842,8/16/2013,Uber,-4.13,CA
99842,8/16/2013,Ashley's Craft Store,-29.44,CA
99842,8/16/2013,Amazon Order - Paint Bushes,-33.77,CA
99842,8/17/2013,Public Transportation - Train Pass,-37.27,CA
99842,8/18/2013,Painting Course Fees,-14.54,CA
99842,8/18/2013,Art's Art Supplies,-37.05,CA
99842,8/18/2013,Public Transportation - Bus Pass,-13.79,CA
99842,8/19/2013,Amazon Order - Paint Bushes,-10.09,CA
99842,8/19/2013,Art Auction,-39.94,CA
99842,8/19/2013,Von's Groceries,-4.53,CA
99842,8/19/2013,Art Auction,-4.63,CA
99842,8/20/2013,Painting Course Fees,-28.16,CA
99842,8/21/2013,Music Lessons - Piano,-58.88,CA
99842,8/22/2013,Art Auction,-38.32,CA
99842,8/22/2013,Art Auction,-9.46,CA
99842,8/23/2013,Art's Art Supplies,-11.35,CA
99842,8/23/2013,Whole Foods,-11.51,CA
99842,8/23/2013,Public Transportation - Train Pass,-104.54,CA
99842,8/24/2013,Food Delivery - GrubHub,-14.77,CA
99842,8/24/2013,Ashley's Craft Store,-15.51,CA
99842,8/24/2013,Amazon Order - Paint Bushes,-27.29,CA
99842,8/24/2013,Art Auction,-107.74,CA
99842,8/24/2013,Amazon Order - Paint Canvas,-0.14,CA
99842,8/24/2013,Michael's Crafts,-24,CA
99842,8/25/2013,Art's Art Supplies,-34.52,CA
99842,8/26/2013,Art's Art Supplies,-3.77,CA
99842,8/26/2013,Amazon Order - Paint Canvas,-12.39,CA
99842,8/26/2013,Painting Course Fees,-25.85,CA
99842,8/26/2013,Public Transportation - Bus Pass,-23.63,CA
99842,8/27/2013,Amazon Order - Paint Bushes,-90.31,CA
99842,8/27/2013,Guitar Center,-32.01,CA
99842,8/27/2013,Amazon Order - Paint Canvas,-30.6,CA
99842,8/27/2013,Amazon Order - Paint Bushes,-32.41,CA
99842,8/27/2013,Amazon Order - Paint Bushes,-27.76,CA
99842,8/28/2013,Ralph's Grocery Store,-37.34,CA
99842,8/28/2013,Guitar Center,-20.19,CA
99842,8/29/2013,Sprouts Market,-33.61,CA
99842,8/29/2013,Food Delivery - GrubHub,-38.74,CA
99842,8/30/2013,Lyft,-87.36,CA
99842,8/30/2013,Uber,-55.04,CA
99842,8/30/2013,Starbucks Coffee,-9.8,CA
99842,8/30/2013,Amazon Order - Paint Canvas,-17.43,CA
99842,9/2/2013,Paycheck,2879,CA
99842,9/2/2013,Housing Rent,-1056,CA
99842,9/2/2013,Water & Sewer,-53,CA
99842,9/2/2013,Gas & Electric,-32,CA
99842,9/2/2013,Time Warner Cable,-25,CA
99842,9/2/2013,ACS - Student Loans,-135,CA
99842,9/2/2013,Credit Card Payment,-154,CA
99842,9/2/2013,Navient - Student Loans,-197,CA
99842,9/2/2013,Amazon Order - Paint Bushes,-116.51,CA
99842,9/3/2013,Guitar Center,-19.38,CA
99842,9/4/2013,Starbucks Coffee,-19.23,CA
99842,9/4/2013,Sprouts Market,-53.73,CA
99842,9/4/2013,Restaurant - Chinese,-8.97,CA
99842,9/5/2013,Amazon Order - Paint Canvas,-27.18,CA
99842,9/5/2013,Ashley's Craft Store,-20.26,CA
99842,9/6/2013,Public Transportation - Bus Pass,-102.41,CA
99842,9/6/2013,Restaurant - Burgers,-4.87,CA
99842,9/7/2013,Painting Course Fees,-39.03,CA
99842,9/7/2013,Whole Foods,-104.21,CA
99842,9/8/2013,Restaurant - Chinese,-33.9,CA
99842,9/8/2013,Art Auction,-12.11,CA
99842,9/8/2013,Guitar Center,-10.75,CA
99842,9/8/2013,Painting Course Fees,-13.57,CA
99842,9/8/2013,Art's Art Supplies,-38.49,CA
99842,9/8/2013,Music Lessons - Piano,-88.74,CA
99842,9/8/2013,Von's Groceries,-4.82,CA
99842,9/8/2013,Painting Course Fees,-35.63,CA
99842,9/8/2013,Whole Foods,-1.12,CA
99842,9/8/2013,Lyft,-20.33,CA
99842,9/8/2013,Starbucks Coffee,-21.7,CA
99842,9/8/2013,Art's Art Supplies,-31.82,CA
99842,9/8/2013,Ashley's Craft Store,-37.83,CA
99842,9/8/2013,Amazon Order - Paint Canvas,-23.81,CA
99842,9/8/2013,Guitar Center,-17.65,CA
99842,9/8/2013,Michael's Crafts,-48.48,CA
99842,9/9/2013,Music Lessons - Piano,-24.5,CA
99842,9/9/2013,Painting Course Fees,-29.78,CA
99842,9/10/2013,Michael's Crafts,-26.48,CA
99842,9/10/2013,Art's Art Supplies,-14.31,CA
99842,9/11/2013,Ashley's Craft Store,-34.66,CA
99842,9/11/2013,Ralph's Grocery Store,-8.62,CA
99842,9/12/2013,Whole Foods,-118.26,CA
99842,9/12/2013,Amazon Order - Paint Canvas,-29.73,CA
99842,9/13/2013,Public Transportation - Bus Pass,-2.26,CA
99842,9/14/2013,Lyft,-26.45,CA
99842,9/14/2013,Public Transportation - Train Pass,-39,CA
99842,9/14/2013,Public Transportation - Bus Pass,-35.71,CA
99842,9/14/2013,Art's Art Supplies,-25.85,CA
99842,9/14/2013,Ashley's Craft Store,-34.13,CA
99842,9/14/2013,Music Lessons - Piano,-41.37,CA
99842,9/14/2013,Amazon Order - Paint Bushes,-30.56,CA
99842,9/14/2013,Guitar Center,-37.54,CA
99842,9/14/2013,Art Auction,-24.2,CA
99842,9/14/2013,Lyft,-24.41,CA
99842,9/14/2013,Amazon Order - Paint Bushes,-1.43,CA
99842,9/14/2013,Von's Groceries,-31.4,CA
99842,9/14/2013,Art's Art Supplies,-9.61,CA
99842,9/14/2013,Starbucks Coffee,-27.01,CA
99842,9/14/2013,Public Transportation - Bus Pass,-38.79,CA
99842,9/14/2013,Amazon Order - Paint Bushes,-46.01,CA
99842,9/15/2013,Taxi,-28.38,CA
99842,9/16/2013,Painting Course Fees,-60.3,CA
99842,9/16/2013,Guitar Center,-17.64,CA
99842,9/16/2013,Public Transportation - Bus Pass,-12.17,CA
99842,9/16/2013,Restaurant - Burgers,-3.85,CA
99842,9/16/2013,Public Transportation - Train Pass,-68.2,CA
99842,9/16/2013,Ashley's Craft Store,-16.21,CA
99842,9/17/2013,Public Transportation - Bus Pass,-39.09,CA
99842,9/17/2013,Ashley's Craft Store,-21.27,CA
99842,9/17/2013,Ashley's Craft Store,-14.86,CA
99842,9/17/2013,Lyft,-37.09,CA
99842,9/18/2013,Amazon Order - Paint Canvas,-8.66,CA
99842,9/18/2013,Public Transportation - Train Pass,-8.67,CA
99842,9/18/2013,Amazon Order - Paint Bushes,-3.4,CA
99842,9/18/2013,Lyft,-39.98,CA
99842,9/19/2013,Public Transportation - Bus Pass,-28.35,CA
99842,9/20/2013,Amazon Order - Paint Canvas,-15.98,CA
99842,9/20/2013,Amazon Order - Paint Bushes,-107.82,CA
99842,9/20/2013,Amazon Order - Paint Canvas,-33.22,CA
99842,9/20/2013,Art's Art Supplies,-34.22,CA
99842,9/20/2013,Restaurant - Chinese,-0.39,CA
99842,9/20/2013,Art's Art Supplies,-101.2,CA
99842,9/20/2013,Amazon Order - Paint Canvas,-39.7,CA
99842,9/20/2013,Amazon Order - Paint Canvas,-35.85,CA
99842,9/20/2013,Ralph's Grocery Store,-12.94,CA
99842,9/20/2013,Restaurant - Burgers,-15.86,CA
99842,9/20/2013,Painting Course Fees,-26.16,CA
99842,9/21/2013,Von's Groceries,-6.62,CA
99842,9/21/2013,Art Auction,-24.08,CA
99842,9/21/2013,Ashley's Craft Store,-27.74,CA
99842,9/21/2013,Public Transportation - Train Pass,-51.39,CA
99842,9/21/2013,Art Auction,-14.27,CA
99842,9/21/2013,Food Delivery - GrubHub,-27.99,CA
99842,9/21/2013,Ralph's Grocery Store,-36.89,CA
99842,9/21/2013,Art's Art Supplies,-16.41,CA
99842,9/21/2013,Ashley's Craft Store,-32.92,CA
99842,9/21/2013,Restaurant - Chinese,-26.6,CA
99842,9/21/2013,Painting Course Fees,-8.22,CA
99842,9/21/2013,Michael's Crafts,-5.3,CA
99842,9/21/2013,Music Lessons - Piano,-5.91,CA
99842,9/21/2013,Amazon Order - Paint Bushes,-0.26,CA
99842,9/21/2013,Taxi,-9.73,CA
99842,9/22/2013,Ralph's Grocery Store,-29.96,CA
99842,9/23/2013,Art's Art Supplies,-34.22,CA
99842,9/23/2013,Amazon Order - Paint Canvas,-13.08,CA
99842,9/24/2013,Restaurant - Steakhouse,-27.81,CA
99842,9/24/2013,Uber,-3.9,CA
99842,9/24/2013,Ashley's Craft Store,-47.55,CA
99842,9/24/2013,Michael's Crafts,-0.95,CA
99842,9/24/2013,Amazon Order - Paint Bushes,-113.88,CA
99842,9/24/2013,Art Auction,-34.2,CA
99842,9/24/2013,Art's Art Supplies,-37.13,CA
99842,9/24/2013,Uber,-12.8,CA
99842,9/25/2013,Sprouts Market,-5.24,CA
99842,9/25/2013,Taxi,-14.49,CA
99842,9/25/2013,Restaurant - Burgers,-31.99,CA
99842,9/25/2013,Art's Art Supplies,-2.82,CA
99842,9/25/2013,Ashley's Craft Store,-38.92,CA
99842,9/25/2013,Ashley's Craft Store,-8.72,CA
99842,9/25/2013,Michael's Crafts,-25.88,CA
99842,9/25/2013,Amazon Order - Paint Bushes,-2.88,CA
99842,9/25/2013,Art's Art Supplies,-4.89,CA
99842,9/25/2013,Guitar Center,-30.91,CA
99842,9/25/2013,Whole Foods,-3.09,CA
99842,9/25/2013,Amazon Order - Paint Canvas,-24.63,CA
99842,9/26/2013,Art's Art Supplies,-11.71,CA
99842,9/27/2013,Restaurant - Burgers,-26.68,CA
99842,9/27/2013,Restaurant - Chinese,-26.73,CA
99842,9/27/2013,Amazon Order - Paint Bushes,-18.02,CA
99842,9/27/2013,Taxi,-28.04,CA
99842,9/28/2013,Ashley's Craft Store,-23.94,CA
99842,9/29/2013,Art Auction,-36.67,CA
99842,9/29/2013,Amazon Order - Paint Bushes,-17.39,CA
99842,9/29/2013,Ashley's Craft Store,-16.63,CA
99842,9/29/2013,Music Lessons - Piano,-11.8,CA
99842,9/29/2013,Restaurant - Pizza,-6.08,CA
99842,9/29/2013,Art Auction,-18.13,CA
99842,9/29/2013,Restaurant - Pizza,-67.47,CA
99842,9/29/2013,Lyft,-16.11,CA
99842,9/29/2013,Art's Art Supplies,-2.84,CA
99842,9/29/2013,Ashley's Craft Store,-39.02,CA
99842,9/29/2013,Painting Course Fees,-5.94,CA
99842,9/29/2013,Von's Groceries,-22.54,CA
99842,9/29/2013,Starbucks Coffee,-20.07,CA
99842,9/30/2013,Lyft,-38.89,CA
99842,9/30/2013,Painting Course Fees,-19.39,CA
99842,9/30/2013,Amazon Order - Paint Bushes,-104.61,CA
99842,9/30/2013,Ralph's Grocery Store,-4.69,CA
99842,9/30/2013,Art's Art Supplies,-16.97,CA
99842,9/30/2013,Taxi,-24.26,CA
99842,9/30/2013,Guitar Center,-30.22,CA
99842,9/30/2013,Public Transportation - Train Pass,-14.65,CA
99842,10/2/2013,Paycheck,2879,CA
99842,10/2/2013,Housing Rent,-905,CA
99842,10/2/2013,Water & Sewer,-53,CA
99842,10/2/2013,Gas & Electric,-32,CA
99842,10/2/2013,Time Warner Cable,-25,CA
99842,10/2/2013,ACS - Student Loans,-135,CA
99842,10/2/2013,Credit Card Payment,-154,CA
99842,10/2/2013,Navient - Student Loans,-197,CA
99842,10/2/2013,Amazon Order - Paint Bushes,-14.68,CA
99842,10/3/2013,Ashley's Craft Store,-19.74,CA
99842,10/4/2013,Ashley's Craft Store,-0.08,CA
99842,10/4/2013,Art Auction,-44.07,CA
99842,10/4/2013,Sprouts Market,-28.44,CA
99842,10/4/2013,Restaurant - Burgers,-49.39,CA
99842,10/4/2013,Ashley's Craft Store,-16.66,CA
99842,10/4/2013,Painting Course Fees,-32.13,CA
99842,10/5/2013,Music Lessons - Piano,-11.37,CA
99842,10/6/2013,Starbucks Coffee,-4.93,CA
99842,10/6/2013,Lyft,-24.3,CA
99842,10/6/2013,Taxi,-25.13,CA
99842,10/6/2013,Amazon Order - Paint Canvas,-31.4,CA
99842,10/6/2013,Amazon Order - Paint Bushes,-8.28,CA
99842,10/7/2013,Painting Course Fees,-55.04,CA
99842,10/8/2013,Public Transportation - Bus Pass,-10.58,CA
99842,10/8/2013,Restaurant - Chinese,-4.38,CA
99842,10/8/2013,Amazon Order - Paint Canvas,-15.03,CA
99842,10/8/2013,Amazon Order - Paint Canvas,-19.44,CA
99842,10/8/2013,Painting Course Fees,-8.33,CA
99842,10/8/2013,Restaurant - Burgers,-1.99,CA
99842,10/9/2013,Uber,-0.25,CA
99842,10/9/2013,Painting Course Fees,-39.19,CA
99842,10/9/2013,Guitar Center,-14.1,CA
99842,10/9/2013,Von's Groceries,-28.14,CA
99842,10/9/2013,Restaurant - Burgers,-8.24,CA
99842,10/9/2013,Lyft,-111.19,CA
99842,10/9/2013,Michael's Crafts,-18.9,CA
99842,10/9/2013,Michael's Crafts,-68.17,CA
99842,10/9/2013,Art's Art Supplies,-8.17,CA
99842,10/9/2013,Lyft,-10.25,CA
99842,10/9/2013,Amazon Order - Paint Canvas,-7.62,CA
99842,10/9/2013,Painting Course Fees,-17.31,CA
99842,10/10/2013,Art's Art Supplies,-101,CA
99842,10/10/2013,Michael's Crafts,-11.25,CA
99842,10/10/2013,Ashley's Craft Store,-12.16,CA
99842,10/11/2013,Painting Course Fees,-12.79,CA
99842,10/11/2013,Amazon Order - Paint Canvas,-7.24,CA
99842,10/11/2013,Restaurant - Pizza,-22.77,CA
99842,10/12/2013,Lyft,-12.62,CA
99842,10/12/2013,Painting Course Fees,-10.06,CA
99842,10/13/2013,Art's Art Supplies,-13.1,CA
99842,10/13/2013,Ashley's Craft Store,-20.79,CA
99842,10/14/2013,Ashley's Craft Store,-38.75,CA
99842,10/15/2013,Taxi,-10.11,CA
99842,10/15/2013,Music Lessons - Piano,-36.62,CA
99842,10/15/2013,Guitar Center,-3.31,CA
99842,10/15/2013,Ralph's Grocery Store,-17.45,CA
99842,10/15/2013,Guitar Center,-34.4,CA
99842,10/15/2013,Michael's Crafts,-84.87,CA
99842,10/16/2013,Lyft,-8.3,CA
99842,10/17/2013,Uber,-18.39,CA
99842,10/17/2013,Taxi,-10.68,CA
99842,10/18/2013,Guitar Center,-6.74,CA
99842,10/18/2013,Ashley's Craft Store,-0.85,CA
99842,10/19/2013,Amazon Order - Paint Canvas,-16.49,CA
99842,10/19/2013,Uber,-22.74,CA
99842,10/19/2013,Music Lessons - Piano,-1.82,CA
99842,10/19/2013,Amazon Order - Paint Bushes,-27.97,CA
99842,10/19/2013,Von's Groceries,-32.24,CA
99842,10/19/2013,Guitar Center,-99.59,CA
99842,10/20/2013,Painting Course Fees,-6.59,CA
99842,10/21/2013,Art's Art Supplies,-116.25,CA
99842,10/21/2013,Restaurant - Pizza,-9.76,CA
99842,10/21/2013,Painting Course Fees,-26.23,CA
99842,10/21/2013,Food Delivery - GrubHub,-67.37,CA
99842,10/22/2013,Taxi,-21.51,CA
99842,10/22/2013,Public Transportation - Train Pass,-79.96,CA
99842,10/22/2013,Music Lessons - Piano,-1.16,CA
99842,10/22/2013,Public Transportation - Train Pass,-21.76,CA
99842,10/22/2013,Public Transportation - Bus Pass,-32.02,CA
99842,10/23/2013,Amazon Order - Paint Bushes,-17.53,CA
99842,10/24/2013,Amazon Order - Paint Bushes,-25.07,CA
99842,10/24/2013,Food Delivery - GrubHub,-18,CA
99842,10/24/2013,Michael's Crafts,-0.09,CA
99842,10/25/2013,Lyft,-35.42,CA
99842,10/25/2013,Music Lessons - Piano,-27.26,CA
99842,10/25/2013,Taxi,-17.56,CA
99842,10/26/2013,Von's Groceries,-38.74,CA
99842,10/27/2013,Amazon Order - Paint Bushes,-24.54,CA
99842,10/27/2013,Starbucks Coffee,-4.09,CA
99842,10/27/2013,Public Transportation - Train Pass,-109.97,CA
99842,10/27/2013,Art's Art Supplies,-25,CA
99842,10/27/2013,Guitar Center,-23.79,CA
99842,10/27/2013,Uber,-6.75,CA
99842,10/27/2013,Art Auction,-109.64,CA
99842,10/27/2013,Restaurant - Chinese,-109.95,CA
99842,10/27/2013,Starbucks Coffee,-32.15,CA
99842,10/27/2013,Public Transportation - Train Pass,-24.58,CA
99842,10/28/2013,Von's Groceries,-6,CA
99842,10/28/2013,Michael's Crafts,-76.48,CA
99842,10/29/2013,Art Auction,-31.06,CA
99842,10/30/2013,Art Auction,-39.52,CA
99842,11/2/2013,Paycheck,2879,CA
99842,11/2/2013,Housing Rent,-1049,CA
99842,11/2/2013,Water & Sewer,-53,CA
99842,11/2/2013,Gas & Electric,-32,CA
99842,11/2/2013,Time Warner Cable,-25,CA
99842,11/2/2013,ACS - Student Loans,-135,CA
99842,11/2/2013,Credit Card Payment,-154,CA
99842,11/2/2013,Navient - Student Loans,-197,CA
99842,11/2/2013,Uber,-28.97,CA
99842,11/3/2013,Guitar Center,-11.08,CA
99842,11/3/2013,Michael's Crafts,-79.76,CA
99842,11/4/2013,Public Transportation - Train Pass,-12.63,CA
99842,11/4/2013,Restaurant - Pizza,-33.02,CA
99842,11/4/2013,Music Lessons - Piano,-14.33,CA
99842,11/5/2013,Amazon Order - Paint Bushes,-20.71,CA
99842,11/6/2013,Amazon Order - Paint Bushes,-9.29,CA
99842,11/7/2013,Painting Course Fees,-33.23,CA
99842,11/7/2013,Amazon Order - Paint Canvas,-74,CA
99842,11/7/2013,Music Lessons - Piano,-16.37,CA
99842,11/7/2013,Ralph's Grocery Store,-21.8,CA
99842,11/7/2013,Painting Course Fees,-88.03,CA
99842,11/7/2013,Uber,-28.65,CA
99842,11/8/2013,Music Lessons - Piano,-38.17,CA
99842,11/8/2013,Guitar Center,-85.02,CA
99842,11/8/2013,Ashley's Craft Store,-24.9,CA
99842,11/9/2013,Amazon Order - Paint Bushes,-38.64,CA
99842,11/9/2013,Food Delivery - GrubHub,-32.63,CA
99842,11/10/2013,Guitar Center,-36.15,CA
99842,11/10/2013,Guitar Center,-105.64,CA
99842,11/10/2013,Painting Course Fees,-29.08,CA
99842,11/11/2013,Restaurant - Steakhouse,-67.21,CA
99842,11/11/2013,Public Transportation - Bus Pass,-30.8,CA
99842,11/11/2013,Restaurant - Pizza,-11.16,CA
99842,11/11/2013,Public Transportation - Bus Pass,-26.43,CA
99842,11/12/2013,Ralph's Grocery Store,-38.37,CA
99842,11/13/2013,Amazon Order - Paint Canvas,-5.9,CA
99842,11/13/2013,Music Lessons - Piano,-19.12,CA
99842,11/13/2013,Restaurant - Steakhouse,-86.16,CA
99842,11/13/2013,Amazon Order - Paint Bushes,-30.05,CA
99842,11/13/2013,Public Transportation - Train Pass,-21.62,CA
99842,11/13/2013,Lyft,-19.89,CA
99842,11/13/2013,Ralph's Grocery Store,-4.94,CA
99842,11/14/2013,Public Transportation - Bus Pass,-15.55,CA
99842,11/15/2013,Whole Foods,-34.83,CA
99842,11/16/2013,Amazon Order - Paint Canvas,-26.24,CA
99842,11/17/2013,Art's Art Supplies,-106.75,CA
99842,11/17/2013,Public Transportation - Bus Pass,-4.92,CA
99842,11/18/2013,Restaurant - Chinese,-47.95,CA
99842,11/18/2013,Ralph's Grocery Store,-35.53,CA
99842,11/18/2013,Art Auction,-5.81,CA
99842,11/18/2013,Ashley's Craft Store,-80.76,CA
99842,11/18/2013,Art's Art Supplies,-32.35,CA
99842,11/18/2013,Music Lessons - Piano,-28.18,CA
99842,11/18/2013,Guitar Center,-4.75,CA
99842,11/18/2013,Michael's Crafts,-0.13,CA
99842,11/18/2013,Ralph's Grocery Store,-25.14,CA
99842,11/18/2013,Music Lessons - Piano,-35.08,CA
99842,11/18/2013,Painting Course Fees,-1.03,CA
99842,11/18/2013,Painting Course Fees,-28.48,CA
99842,11/19/2013,Sprouts Market,-34.31,CA
99842,11/19/2013,Art's Art Supplies,-26.72,CA
99842,11/19/2013,Michael's Crafts,-34.22,CA
99842,11/19/2013,Public Transportation - Train Pass,-38.11,CA
99842,11/19/2013,Taxi,-26.73,CA
99842,11/19/2013,Restaurant - Steakhouse,-1.03,CA
99842,11/19/2013,Ashley's Craft Store,-11.91,CA
99842,11/19/2013,Whole Foods,-1.34,CA
99842,11/20/2013,Taxi,-20.16,CA
99842,11/21/2013,Uber,-37.85,CA
99842,11/21/2013,Amazon Order - Paint Bushes,-33.37,CA
99842,11/21/2013,Music Lessons - Piano,-97.94,CA
99842,11/22/2013,Michael's Crafts,-48.69,CA
99842,11/22/2013,Art Auction,-9.84,CA
99842,11/23/2013,Whole Foods,-62.29,CA
99842,11/24/2013,Music Lessons - Piano,-32.55,CA
99842,11/24/2013,Ashley's Craft Store,-30.55,CA
99842,11/25/2013,Amazon Order - Paint Bushes,-10.71,CA
99842,11/25/2013,Restaurant - Chinese,-89.9,CA
99842,11/25/2013,Ashley's Craft Store,-12.08,CA
99842,11/25/2013,Music Lessons - Piano,-4.7,CA
99842,11/25/2013,Public Transportation - Bus Pass,-31.03,CA
99842,11/25/2013,Ashley's Craft Store,-24.67,CA
99842,11/25/2013,Art Auction,-39.55,CA
99842,11/25/2013,Ralph's Grocery Store,-31.64,CA
99842,11/25/2013,Music Lessons - Piano,-12.87,CA
99842,11/25/2013,Amazon Order - Paint Canvas,-9,CA
99842,11/26/2013,Art's Art Supplies,-26.46,CA
99842,11/27/2013,Restaurant - Steakhouse,-77.45,CA
99842,11/28/2013,Art's Art Supplies,-1.54,CA
99842,11/29/2013,Restaurant - Chinese,-70.4,CA
99842,11/29/2013,Art's Art Supplies,-17.58,CA
99842,11/29/2013,Amazon Order - Paint Canvas,-5.59,CA
99842,11/29/2013,Guitar Center,-15.08,CA
99842,11/29/2013,Amazon Order - Paint Bushes,-22.76,CA
99842,11/29/2013,Taxi,-10.97,CA
99842,11/29/2013,Starbucks Coffee,-28.2,CA
99842,11/29/2013,Michael's Crafts,-23.75,CA
99842,11/29/2013,Amazon Order - Paint Bushes,-32.3,CA
99842,11/29/2013,Taxi,-11.31,CA
99842,11/29/2013,Art Auction,-13.7,CA
99842,11/30/2013,Sprouts Market,-30.7,CA
99842,11/30/2013,Art Auction,-1.7,CA
99842,12/2/2013,Paycheck,2879,CA
99842,12/2/2013,Housing Rent,-796,CA
99842,12/2/2013,Water & Sewer,-53,CA
99842,12/2/2013,Gas & Electric,-32,CA
99842,12/2/2013,Time Warner Cable,-25,CA
99842,12/2/2013,ACS - Student Loans,-135,CA
99842,12/2/2013,Credit Card Payment,-154,CA
99842,12/2/2013,Navient - Student Loans,-197,CA
99842,12/2/2013,Painting Course Fees,-94.33,CA
99842,12/2/2013,Uber,-16.97,CA
99842,12/2/2013,Guitar Center,-32.07,CA
99842,12/2/2013,Painting Course Fees,-7.02,CA
99842,12/2/2013,Lyft,-40.17,CA
99842,12/2/2013,Amazon Order - Paint Canvas,-22.79,CA
99842,12/2/2013,Guitar Center,-33.82,CA
99842,12/2/2013,Amazon Order - Paint Bushes,-32.17,CA
99842,12/2/2013,Restaurant - Pizza,-35.6,CA
99842,12/3/2013,Restaurant - Steakhouse,-36.59,CA
99842,12/4/2013,Public Transportation - Train Pass,-7.85,CA
99842,12/4/2013,Whole Foods,-12.9,CA
99842,12/5/2013,Restaurant - Pizza,-17.55,CA
99842,12/5/2013,Amazon Order - Paint Canvas,-37.64,CA
99842,12/5/2013,Lyft,-1.76,CA
99842,12/6/2013,Amazon Order - Paint Bushes,-103.86,CA
99842,12/7/2013,Ashley's Craft Store,-5.44,CA
99842,12/7/2013,Art Auction,-4.06,CA
99842,12/7/2013,Amazon Order - Paint Bushes,-0.14,CA
99842,12/8/2013,Public Transportation - Train Pass,-25.28,CA
99842,12/9/2013,Painting Course Fees,-9.43,CA
99842,12/9/2013,Restaurant - Burgers,0,CA
99842,12/9/2013,Guitar Center,-14.57,CA
99842,12/10/2013,Restaurant - Chinese,-14.27,CA
99842,12/10/2013,Art Auction,-27.07,CA
99842,12/11/2013,Lyft,-33.85,CA
99842,12/12/2013,Art Auction,-82.87,CA
99842,12/13/2013,Public Transportation - Train Pass,-21.22,CA
99842,12/13/2013,Ashley's Craft Store,-12.22,CA
99842,12/13/2013,Art Auction,-92.71,CA
99842,12/14/2013,Sprouts Market,-17.7,CA
99842,12/14/2013,Art Auction,-23.67,CA
99842,12/14/2013,Ashley's Craft Store,-64.69,CA
99842,12/15/2013,Michael's Crafts,-0.56,CA
99842,12/15/2013,Lyft,-14.06,CA
99842,12/16/2013,Amazon Order - Paint Bushes,-25.76,CA
99842,12/16/2013,Ralph's Grocery Store,-32.19,CA
99842,12/16/2013,Art Auction,-0.46,CA
99842,12/16/2013,Public Transportation - Bus Pass,-83.69,CA
99842,12/16/2013,Amazon Order - Paint Bushes,-107.12,CA
99842,12/17/2013,Art's Art Supplies,-19.32,CA
99842,12/17/2013,Amazon Order - Paint Canvas,-19.15,CA
99842,12/18/2013,Von's Groceries,-15.49,CA
99842,12/18/2013,Art's Art Supplies,-4.63,CA
99842,12/19/2013,Food Delivery - GrubHub,-0.03,CA
99842,12/19/2013,Music Lessons - Piano,-11.42,CA
99842,12/19/2013,Amazon Order - Paint Bushes,-8.02,CA
99842,12/20/2013,Music Lessons - Piano,-10.27,CA
99842,12/20/2013,Lyft,-37.68,CA
99842,12/20/2013,Amazon Order - Paint Canvas,-18.72,CA
99842,12/20/2013,Art Auction,-83.66,CA
99842,12/21/2013,Uber,-0.96,CA
99842,12/21/2013,Music Lessons - Piano,-19.16,CA
99842,12/22/2013,Whole Foods,-18.35,CA
99842,12/22/2013,Whole Foods,-18.22,CA
99842,12/22/2013,Music Lessons - Piano,-37.93,CA
99842,12/22/2013,Restaurant - Steakhouse,-106.25,CA
99842,12/23/2013,Taxi,-29.78,CA
99842,12/24/2013,Michael's Crafts,-20.02,CA
99842,12/25/2013,Art's Art Supplies,-33.79,CA
99842,12/25/2013,Restaurant - Steakhouse,-21.49,CA
99842,12/25/2013,Public Transportation - Train Pass,-5.27,CA
99842,12/26/2013,Michael's Crafts,-1.35,CA
99842,12/27/2013,Taxi,-20.95,CA
99842,12/27/2013,Uber,-18.13,CA
99842,12/27/2013,Public Transportation - Train Pass,-24.34,CA
99842,12/27/2013,Public Transportation - Bus Pass,-19.22,CA
99842,12/27/2013,Ashley's Craft Store,-22.51,CA
99842,12/27/2013,Music Lessons - Piano,-24.63,CA
99842,12/28/2013,Painting Course Fees,-6.75,CA
99842,12/28/2013,Michael's Crafts,-37.73,CA
99842,12/28/2013,Guitar Center,-37.96,CA
99842,12/29/2013,Painting Course Fees,-34.22,CA
99842,12/30/2013,Art Auction,-61.15,CA
99842,12/30/2013,Art's Art Supplies,-30.86,CA
99842,12/32/2013,Art's Art Supplies,-14.53,CA
99842,12/32/2013,Guitar Center,-36.48,CA
99842,12/32/2013,Amazon Order - Paint Bushes,-14.65,CA
99842,1/2/2014,Starbucks Coffee,-12.9,CA
99842,1/2/2014,Von's Groceries,-24.88,CA
99842,1/2/2014,Painting Course Fees,-18.32,CA
99842,1/2/2014,Michael's Crafts,-92.55,CA
99842,1/3/2014,Painting Course Fees,-11.53,CA
99842,1/3/2014,Michael's Crafts,-30.2,CA
99842,1/3/2014,Guitar Center,-33.66,CA
99842,1/4/2014,Painting Course Fees,-14.85,CA
99842,1/5/2014,Art's Art Supplies,-55.95,CA
99842,1/6/2014,Restaurant - Chinese,-8.4,CA
99842,1/6/2014,Ashley's Craft Store,-23.54,CA
99842,1/6/2014,Public Transportation - Bus Pass,-3.38,CA
99842,1/7/2014,Guitar Center,-118.94,CA
99842,1/7/2014,Painting Course Fees,-28.16,CA
99842,1/7/2014,Amazon Order - Paint Canvas,-32.35,CA
99842,1/8/2014,Art Auction,-21.41,CA
99842,1/9/2014,Von's Groceries,-32.34,CA
99842,1/9/2014,Taxi,-12.33,CA
99842,1/9/2014,Art Auction,-33.06,CA
99842,1/9/2014,Whole Foods,-39.64,CA
99842,1/10/2014,Public Transportation - Train Pass,-14.81,CA
99842,1/10/2014,Lyft,-22.12,CA
99842,1/10/2014,Music Lessons - Piano,-19.86,CA
99842,1/11/2014,Uber,-3.58,CA
99842,1/11/2014,Public Transportation - Train Pass,-29.59,CA
99842,1/11/2014,Public Transportation - Train Pass,-8.73,CA
99842,1/12/2014,Ashley's Craft Store,-93.75,CA
99842,1/13/2014,Michael's Crafts,-11.04,CA
99842,1/13/2014,Michael's Crafts,-18.61,CA
99842,1/14/2014,Whole Foods,-39.08,CA
99842,1/14/2014,Guitar Center,-28.38,CA
99842,1/14/2014,Ashley's Craft Store,-42.39,CA
99842,1/14/2014,Restaurant - Chinese,-2.96,CA
99842,1/14/2014,Amazon Order - Paint Bushes,-14.9,CA
99842,1/14/2014,Ashley's Craft Store,-23.58,CA
99842,1/14/2014,Art's Art Supplies,-15.12,CA
99842,1/14/2014,Ralph's Grocery Store,-18.62,CA
99842,1/14/2014,Uber,-24.23,CA
99842,1/14/2014,Amazon Order - Paint Bushes,-34.1,CA
99842,1/14/2014,Music Lessons - Piano,-69.82,CA
99842,1/14/2014,Art Auction,-16.41,CA
99842,1/15/2014,Amazon Order - Paint Bushes,-53.42,CA
99842,1/16/2014,Art's Art Supplies,-23.86,CA
99842,1/17/2014,Public Transportation - Bus Pass,-32.93,CA
99842,1/17/2014,Ashley's Craft Store,-27.19,CA
99842,1/17/2014,Art Auction,-17.28,CA
99842,1/17/2014,Guitar Center,-21.75,CA
99842,1/17/2014,Uber,-39.08,CA
99842,1/17/2014,Public Transportation - Train Pass,-4.18,CA
99842,1/18/2014,Public Transportation - Train Pass,-59.02,CA
99842,1/19/2014,Amazon Order - Paint Bushes,-0.85,CA
99842,1/19/2014,Painting Course Fees,-29.15,CA
99842,1/20/2014,Michael's Crafts,-9.66,CA
99842,1/20/2014,Painting Course Fees,-37.5,CA
99842,1/20/2014,Art's Art Supplies,-2.15,CA
99842,1/20/2014,Art's Art Supplies,-9.82,CA
99842,1/20/2014,Michael's Crafts,-15.68,CA
99842,1/20/2014,Restaurant - Burgers,-39.08,CA
99842,1/20/2014,Uber,-21.76,CA
99842,1/20/2014,Painting Course Fees,-15.27,CA
99842,1/21/2014,Amazon Order - Paint Bushes,-2.75,CA
99842,1/21/2014,Art Auction,-38.6,CA
99842,1/22/2014,Art Auction,-21.75,CA
99842,1/23/2014,Starbucks Coffee,-9.62,CA
99842,1/23/2014,Ashley's Craft Store,-24.23,CA
99842,1/23/2014,Starbucks Coffee,-77.65,CA
99842,1/23/2014,Guitar Center,-9.44,CA
99842,1/23/2014,Guitar Center,-20.64,CA
99842,1/23/2014,Uber,-86.14,CA
99842,1/23/2014,Amazon Order - Paint Bushes,-91.63,CA
99842,1/24/2014,Whole Foods,-4.92,CA
99842,1/24/2014,Michael's Crafts,-13.07,CA
99842,1/24/2014,Starbucks Coffee,-1.25,CA
99842,1/24/2014,Amazon Order - Paint Canvas,-14.68,CA
99842,1/25/2014,Music Lessons - Piano,-15.01,CA
99842,1/25/2014,Painting Course Fees,-35.28,CA
99842,1/25/2014,Restaurant - Pizza,-38.4,CA
99842,1/26/2014,Guitar Center,-19.49,CA
99842,1/26/2014,Public Transportation - Train Pass,-102.11,CA
99842,1/26/2014,Lyft,-4.82,CA
99842,1/27/2014,Painting Course Fees,-83.85,CA
99842,1/27/2014,Painting Course Fees,-68.91,CA
99842,1/27/2014,Guitar Center,-39.07,CA
99842,1/27/2014,Amazon Order - Paint Bushes,-112.23,CA
99842,1/27/2014,Painting Course Fees,-8.78,CA
99842,1/28/2014,Art's Art Supplies,-102.56,CA
99842,1/28/2014,Art Auction,-95.39,CA
99842,1/28/2014,Uber,-101.09,CA
99842,1/28/2014,Public Transportation - Train Pass,-18.17,CA
99842,1/29/2014,Uber,-19.54,CA
99842,1/30/2014,Lyft,-9.9,CA
99842,1/30/2014,Taxi,-5.09,CA
99842,3/2/2014,Paycheck,2879,CA
99842,3/2/2014,Housing Rent,-1157,CA
99842,3/2/2014,Water & Sewer,-53,CA
99842,3/2/2014,Gas & Electric,-32,CA
99842,3/2/2014,Time Warner Cable,-25,CA
99842,3/2/2014,ACS - Student Loans,-135,CA
99842,3/2/2014,Credit Card Payment,-154,CA
99842,3/2/2014,Navient - Student Loans,-197,CA
99842,3/2/2014,Lyft,-32.57,CA
99842,3/2/2014,Food Delivery - GrubHub,-2.07,CA
99842,3/2/2014,Sprouts Market,-29.95,CA
99842,3/2/2014,Guitar Center,-34.86,CA
99842,3/2/2014,Ashley's Craft Store,-101.06,CA
99842,3/2/2014,Uber,-14.06,CA
99842,3/3/2014,Ashley's Craft Store,-2.61,CA
99842,3/3/2014,Guitar Center,-49.51,CA
99842,3/3/2014,Public Transportation - Bus Pass,-36.39,CA
99842,3/4/2014,Taxi,-19.1,CA
99842,3/4/2014,Painting Course Fees,-81.51,CA
99842,3/4/2014,Guitar Center,-23.84,CA
99842,3/5/2014,Uber,-27.63,CA
99842,3/5/2014,Restaurant - Pizza,-94.04,CA
99842,3/5/2014,Uber,-29.14,CA
99842,3/5/2014,Amazon Order - Paint Canvas,-34.58,CA
99842,3/5/2014,Amazon Order - Paint Bushes,-25.15,CA
99842,3/5/2014,Taxi,-25.13,CA
99842,3/6/2014,Guitar Center,-15.09,CA
99842,3/6/2014,Taxi,-26.12,CA
99842,3/7/2014,Michael's Crafts,-2.45,CA
99842,3/7/2014,Painting Course Fees,-9.9,CA
99842,3/8/2014,Public Transportation - Train Pass,-32.88,CA
99842,3/8/2014,Public Transportation - Bus Pass,-9.73,CA
99842,3/8/2014,Painting Course Fees,-25.18,CA
99842,3/8/2014,Sprouts Market,-0.65,CA
99842,3/8/2014,Restaurant - Chinese,-31.29,CA
99842,3/9/2014,Painting Course Fees,-14.51,CA
99842,3/9/2014,Public Transportation - Train Pass,-45.63,CA
99842,3/9/2014,Guitar Center,-14.08,CA
99842,3/9/2014,Painting Course Fees,-26.42,CA
99842,3/10/2014,Painting Course Fees,-36.57,CA
99842,3/10/2014,Michael's Crafts,-22.73,CA
99842,3/11/2014,Public Transportation - Train Pass,-18.76,CA
99842,3/12/2014,Lyft,-61.18,CA
99842,3/12/2014,Painting Course Fees,-12.15,CA
99842,3/12/2014,Music Lessons - Piano,-114.59,CA
99842,3/12/2014,Guitar Center,-36.9,CA
99842,3/12/2014,Art Auction,-39.82,CA
99842,3/13/2014,Music Lessons - Piano,-46.76,CA
99842,3/13/2014,Music Lessons - Piano,-35.32,CA
99842,3/13/2014,Amazon Order - Paint Canvas,-16.52,CA
99842,3/13/2014,Whole Foods,-3.1,CA
99842,3/13/2014,Painting Course Fees,-13.3,CA
99842,3/13/2014,Art's Art Supplies,-11.52,CA
99842,3/13/2014,Restaurant - Steakhouse,-8.03,CA
99842,3/13/2014,Uber,-76.71,CA
99842,3/13/2014,Amazon Order - Paint Bushes,-3.59,CA
99842,3/13/2014,Amazon Order - Paint Bushes,-0.52,CA
99842,3/13/2014,Guitar Center,-7.34,CA
99842,3/13/2014,Amazon Order - Paint Bushes,-23.54,CA
99842,3/14/2014,Amazon Order - Paint Bushes,-37.47,CA
99842,3/14/2014,Ashley's Craft Store,-7.33,CA
99842,3/14/2014,Guitar Center,-1.95,CA
99842,3/15/2014,Lyft,-35.58,CA
99842,3/15/2014,Michael's Crafts,-39.14,CA
99842,3/15/2014,Michael's Crafts,-24.64,CA
99842,3/16/2014,Art's Art Supplies,-39.29,CA
99842,3/16/2014,Food Delivery - GrubHub,-13.8,CA
99842,3/16/2014,Guitar Center,-10.33,CA
99842,3/17/2014,Restaurant - Burgers,-117.85,CA
99842,3/17/2014,Art's Art Supplies,-0.98,CA
99842,3/18/2014,Amazon Order - Paint Canvas,-14.24,CA
99842,3/19/2014,Guitar Center,-10.47,CA
99842,3/20/2014,Public Transportation - Bus Pass,-12.28,CA
99842,3/21/2014,Amazon Order - Paint Canvas,-28.73,CA
99842,3/21/2014,Ashley's Craft Store,-10.11,CA
99842,3/22/2014,Ashley's Craft Store,-25.75,CA
99842,3/23/2014,Public Transportation - Bus Pass,-11.42,CA
99842,3/23/2014,Amazon Order - Paint Bushes,-97.22,CA
99842,3/23/2014,Public Transportation - Train Pass,-20.47,CA
99842,3/23/2014,Restaurant - Steakhouse,-19.47,CA
99842,3/23/2014,Art Auction,-29.86,CA
99842,3/23/2014,Art's Art Supplies,-61.91,CA
99842,3/23/2014,Uber,-13.72,CA
99842,3/24/2014,Restaurant - Steakhouse,-6.87,CA
99842,3/24/2014,Uber,-6.83,CA
99842,3/24/2014,Painting Course Fees,-8.93,CA
99842,3/25/2014,Music Lessons - Piano,-45.64,CA
99842,3/26/2014,Taxi,-27.11,CA
99842,3/26/2014,Art's Art Supplies,-10.71,CA
99842,3/26/2014,Restaurant - Pizza,-12.41,CA
99842,3/27/2014,Restaurant - Pizza,-34.5,CA
99842,3/27/2014,Uber,-12.76,CA
99842,3/27/2014,Art Auction,-39.08,CA
99842,3/28/2014,Restaurant - Steakhouse,-100.52,CA
99842,3/29/2014,Amazon Order - Paint Bushes,-2.87,CA
99842,3/29/2014,Uber,-10.42,CA
99842,3/29/2014,Taxi,-39.66,CA
99842,3/29/2014,Restaurant - Pizza,-36.43,CA
99842,3/29/2014,Amazon Order - Paint Canvas,-17.18,CA
99842,3/29/2014,Sprouts Market,-22.31,CA
99842,3/30/2014,Amazon Order - Paint Canvas,-8.25,CA
99842,3/30/2014,Public Transportation - Bus Pass,-99.13,CA
99842,3/30/2014,Art Auction,-0.47,CA
99842,3/30/2014,Food Delivery - GrubHub,-19.74,CA
99842,3/30/2014,Michael's Crafts,-29.93,CA
99842,3/30/2014,Michael's Crafts,-0.06,CA
99842,3/30/2014,Starbucks Coffee,-2.47,CA
99842,3/30/2014,Music Lessons - Piano,-9.85,CA
99842,3/30/2014,Public Transportation - Train Pass,-35.57,CA
99842,3/30/2014,Restaurant - Chinese,-31.48,CA
99842,3/30/2014,Ashley's Craft Store,-26.16,CA
99842,4/2/2014,Paycheck,2879,CA
99842,4/2/2014,Housing Rent,-769,CA
99842,4/2/2014,Water & Sewer,-53,CA
99842,4/2/2014,Gas & Electric,-32,CA
99842,4/2/2014,Time Warner Cable,-25,CA
99842,4/2/2014,ACS - Student Loans,-135,CA
99842,4/2/2014,Credit Card Payment,-154,CA
99842,4/2/2014,Navient - Student Loans,-197,CA
99842,4/2/2014,Amazon Order - Paint Bushes,-20.54,CA
99842,4/2/2014,Painting Course Fees,-20.32,CA
99842,4/3/2014,Lyft,-34.03,CA
99842,4/4/2014,Public Transportation - Bus Pass,-33.69,CA
99842,4/5/2014,Michael's Crafts,-2.94,CA
99842,4/5/2014,Guitar Center,-112.99,CA
99842,4/5/2014,Uber,-28.8,CA
99842,4/6/2014,Michael's Crafts,-27.28,CA
99842,4/6/2014,Starbucks Coffee,-54.66,CA
99842,4/6/2014,Lyft,-18.44,CA
99842,4/6/2014,Food Delivery - GrubHub,-15.04,CA
99842,4/7/2014,Restaurant - Chinese,-18.71,CA
99842,4/7/2014,Amazon Order - Paint Canvas,-11.57,CA
99842,4/8/2014,Ashley's Craft Store,-38.02,CA
99842,4/9/2014,Taxi,-14.96,CA
99842,4/10/2014,Ashley's Craft Store,-2.68,CA
99842,4/10/2014,Uber,-11.68,CA
99842,4/11/2014,Public Transportation - Bus Pass,-24.98,CA
99842,4/11/2014,Painting Course Fees,-17.3,CA
99842,4/12/2014,Art's Art Supplies,-11.49,CA
99842,4/13/2014,Guitar Center,-34.01,CA
99842,4/14/2014,Restaurant - Burgers,-24.19,CA
99842,4/15/2014,Amazon Order - Paint Canvas,-13.15,CA
99842,4/15/2014,Art Auction,-54.95,CA
99842,4/16/2014,Amazon Order - Paint Canvas,-9.43,CA
99842,4/17/2014,Public Transportation - Train Pass,-119.1,CA
99842,4/17/2014,Starbucks Coffee,-3.4,CA
99842,4/17/2014,Whole Foods,-27.15,CA
99842,4/18/2014,Whole Foods,-27.6,CA
99842,4/18/2014,Ashley's Craft Store,-24.89,CA
99842,4/18/2014,Michael's Crafts,-109.39,CA
99842,4/19/2014,Public Transportation - Bus Pass,-20.54,CA
99842,4/20/2014,Michael's Crafts,-14.97,CA
99842,4/20/2014,Restaurant - Steakhouse,-15.72,CA
99842,4/20/2014,Ralph's Grocery Store,-72.89,CA
99842,4/20/2014,Food Delivery - GrubHub,-26.86,CA
99842,4/21/2014,Ashley's Craft Store,-27.85,CA
99842,4/21/2014,Art Auction,-8,CA
99842,4/21/2014,Ashley's Craft Store,-14.85,CA
99842,4/21/2014,Ashley's Craft Store,-3.34,CA
99842,4/21/2014,Amazon Order - Paint Canvas,-7.09,CA
99842,4/21/2014,Art's Art Supplies,-104.06,CA
99842,4/22/2014,Ashley's Craft Store,-9.11,CA
99842,4/22/2014,Taxi,-3.78,CA
99842,4/22/2014,Michael's Crafts,-3.1,CA
99842,4/22/2014,Restaurant - Chinese,-62.63,CA
99842,4/22/2014,Food Delivery - GrubHub,-105.57,CA
99842,4/22/2014,Art Auction,-119.83,CA
99842,4/22/2014,Public Transportation - Train Pass,-22.58,CA
99842,4/23/2014,Music Lessons - Piano,-14.49,CA
99842,4/23/2014,Taxi,-13.91,CA
99842,4/24/2014,Public Transportation - Bus Pass,-13.46,CA
99842,4/24/2014,Public Transportation - Train Pass,-6.19,CA
99842,4/24/2014,Ashley's Craft Store,-0.89,CA
99842,4/24/2014,Amazon Order - Paint Canvas,-27.3,CA
99842,4/24/2014,Restaurant - Burgers,-3.39,CA
99842,4/25/2014,Michael's Crafts,-112.05,CA
99842,4/26/2014,Painting Course Fees,-7.64,CA
99842,4/27/2014,Restaurant - Pizza,-58.62,CA
99842,4/28/2014,Art's Art Supplies,-10.65,CA
99842,4/28/2014,Music Lessons - Piano,-6.48,CA
99842,4/28/2014,Taxi,-9.37,CA
99842,4/28/2014,Ralph's Grocery Store,-35.24,CA
99842,4/29/2014,Amazon Order - Paint Bushes,-14.31,CA
99842,4/29/2014,Public Transportation - Bus Pass,-25.17,CA
99842,4/30/2014,Painting Course Fees,-4.19,CA
99842,4/30/2014,Starbucks Coffee,-66.75,CA
99842,5/2/2014,Paycheck,2879,CA
99842,5/2/2014,Housing Rent,-1040,CA
99842,5/2/2014,Water & Sewer,-53,CA
99842,5/2/2014,Gas & Electric,-32,CA
99842,5/2/2014,Time Warner Cable,-25,CA
99842,5/2/2014,ACS - Student Loans,-135,CA
99842,5/2/2014,Credit Card Payment,-154,CA
99842,5/2/2014,Navient - Student Loans,-197,CA
99842,5/2/2014,Michael's Crafts,-36.41,CA
99842,5/2/2014,Guitar Center,-22.9,CA
99842,5/2/2014,Art's Art Supplies,-36.72,CA
99842,5/3/2014,Art Auction,-13.69,CA
99842,5/3/2014,Amazon Order - Paint Canvas,-18.28,CA
99842,5/3/2014,Art's Art Supplies,-35.98,CA
99842,5/3/2014,Public Transportation - Train Pass,-60.49,CA
99842,5/3/2014,Public Transportation - Bus Pass,-28.34,CA
99842,5/3/2014,Public Transportation - Train Pass,-25.93,CA
99842,5/3/2014,Public Transportation - Train Pass,-6.09,CA
99842,5/4/2014,Art's Art Supplies,-6.06,CA
99842,5/4/2014,Amazon Order - Paint Canvas,-36.09,CA
99842,5/5/2014,Amazon Order - Paint Bushes,-25.36,CA
99842,5/5/2014,Painting Course Fees,-35.74,CA
99842,5/5/2014,Guitar Center,-31.99,CA
99842,5/5/2014,Restaurant - Burgers,-10.08,CA
99842,5/5/2014,Amazon Order - Paint Bushes,-89.51,CA
99842,5/5/2014,Taxi,-17.66,CA
99842,5/5/2014,Music Lessons - Piano,-11.62,CA
99842,5/5/2014,Amazon Order - Paint Bushes,-95.31,CA
99842,5/5/2014,Ashley's Craft Store,-39.43,CA
99842,5/5/2014,Public Transportation - Train Pass,-30.07,CA
99842,5/5/2014,Ralph's Grocery Store,-24.54,CA
99842,5/6/2014,Music Lessons - Piano,-37.4,CA
99842,5/6/2014,Public Transportation - Train Pass,-38.05,CA
99842,5/6/2014,Michael's Crafts,-30.98,CA
99842,5/7/2014,Ashley's Craft Store,-25.28,CA
99842,5/7/2014,Sprouts Market,-35.57,CA
99842,5/8/2014,Amazon Order - Paint Bushes,-10.87,CA
99842,5/9/2014,Restaurant - Pizza,-114.6,CA
99842,5/9/2014,Lyft,-21.96,CA
99842,5/10/2014,Painting Course Fees,-38.5,CA
99842,5/10/2014,Guitar Center,-6.26,CA
99842,5/10/2014,Ralph's Grocery Store,-64.36,CA
99842,5/10/2014,Food Delivery - GrubHub,-33.38,CA
99842,5/11/2014,Taxi,-33.74,CA
99842,5/12/2014,Taxi,-94.94,CA
99842,5/13/2014,Uber,-33.48,CA
99842,5/13/2014,Art's Art Supplies,-9.28,CA
99842,5/13/2014,Art's Art Supplies,-28.63,CA
99842,5/13/2014,Starbucks Coffee,-55.74,CA
99842,5/13/2014,Taxi,-28.66,CA
99842,5/13/2014,Music Lessons - Piano,-39.07,CA
99842,5/14/2014,Painting Course Fees,-39.38,CA
99842,5/14/2014,Restaurant - Steakhouse,-87,CA
99842,5/15/2014,Amazon Order - Paint Bushes,-2.41,CA
99842,5/15/2014,Art's Art Supplies,-6.43,CA
99842,5/15/2014,Art's Art Supplies,-13.88,CA
99842,5/16/2014,Art's Art Supplies,-31.38,CA
99842,5/17/2014,Art Auction,-26.07,CA
99842,5/17/2014,Starbucks Coffee,-22.27,CA
99842,5/17/2014,Whole Foods,-2.73,CA
99842,5/18/2014,Amazon Order - Paint Bushes,-24.62,CA
99842,5/19/2014,Michael's Crafts,-37.86,CA
99842,5/19/2014,Art's Art Supplies,-31.12,CA
99842,5/20/2014,Restaurant - Pizza,-23.08,CA
99842,5/20/2014,Public Transportation - Bus Pass,-67.65,CA
99842,5/20/2014,Amazon Order - Paint Bushes,-2.49,CA
99842,5/20/2014,Painting Course Fees,-2.74,CA
99842,5/20/2014,Amazon Order - Paint Bushes,-83.01,CA
99842,5/21/2014,Uber,-45.35,CA
99842,5/21/2014,Sprouts Market,-111.7,CA
99842,5/22/2014,Restaurant - Chinese,-37.87,CA
99842,5/22/2014,Uber,-39.71,CA
99842,5/22/2014,Music Lessons - Piano,-79.73,CA
99842,5/22/2014,Amazon Order - Paint Bushes,-10.78,CA
99842,5/22/2014,Amazon Order - Paint Canvas,-30.86,CA
99842,5/22/2014,Guitar Center,-15.45,CA
99842,5/22/2014,Art's Art Supplies,-35.44,CA
99842,5/22/2014,Amazon Order - Paint Canvas,-3.73,CA
99842,5/23/2014,Lyft,-6.79,CA
99842,5/24/2014,Music Lessons - Piano,-38.68,CA
99842,5/25/2014,Restaurant - Chinese,-91.33,CA
99842,5/26/2014,Lyft,-35.33,CA
99842,5/27/2014,Ashley's Craft Store,-7.22,CA
99842,5/28/2014,Public Transportation - Train Pass,-24.89,CA
99842,5/29/2014,Amazon Order - Paint Canvas,-115.67,CA
99842,5/30/2014,Amazon Order - Paint Bushes,-36.23,CA
99842,6/2/2014,Paycheck,2879,CA
99842,6/2/2014,Housing Rent,-896,CA
99842,6/2/2014,Water & Sewer,-53,CA
99842,6/2/2014,Gas & Electric,-32,CA
99842,6/2/2014,Time Warner Cable,-25,CA
99842,6/2/2014,ACS - Student Loans,-135,CA
99842,6/2/2014,Credit Card Payment,-154,CA
99842,6/2/2014,Navient - Student Loans,-197,CA
99842,6/2/2014,Public Transportation - Train Pass,-26.92,CA
99842,6/2/2014,Art Auction,-4.3,CA
99842,6/2/2014,Amazon Order - Paint Bushes,-8.98,CA
99842,6/3/2014,Public Transportation - Bus Pass,-34.15,CA
99842,6/4/2014,Michael's Crafts,-33.11,CA
99842,6/4/2014,Lyft,-12.68,CA
99842,6/4/2014,Restaurant - Steakhouse,-34.24,CA
99842,6/5/2014,Guitar Center,-6.82,CA
99842,6/5/2014,Music Lessons - Piano,-39.71,CA
99842,6/6/2014,Art Auction,-114.62,CA
99842,6/7/2014,Restaurant - Burgers,-0.18,CA
99842,6/7/2014,Amazon Order - Paint Canvas,-16.74,CA
99842,6/7/2014,Painting Course Fees,-48.13,CA
99842,6/7/2014,Taxi,-21.36,CA
99842,6/7/2014,Art Auction,-28.3,CA
99842,6/7/2014,Ashley's Craft Store,-13.35,CA
99842,6/7/2014,Restaurant - Chinese,-35.76,CA
99842,6/8/2014,Restaurant - Pizza,-5.99,CA
99842,6/8/2014,Ashley's Craft Store,-24.55,CA
99842,6/8/2014,Michael's Crafts,-19.32,CA
99842,6/8/2014,Art Auction,-96.49,CA
99842,6/8/2014,Music Lessons - Piano,-12.66,CA
99842,6/8/2014,Uber,-74.97,CA
99842,6/9/2014,Sprouts Market,-16.84,CA
99842,6/9/2014,Amazon Order - Paint Canvas,-22.45,CA
99842,6/9/2014,Painting Course Fees,-7.07,CA
99842,6/10/2014,Restaurant - Burgers,-19.95,CA
99842,6/11/2014,Guitar Center,-37.94,CA
99842,6/11/2014,Amazon Order - Paint Canvas,-22.05,CA
99842,6/11/2014,Ralph's Grocery Store,-99.46,CA
99842,6/11/2014,Michael's Crafts,-28.06,CA
99842,6/12/2014,Art Auction,-83.05,CA
99842,6/12/2014,Guitar Center,-2.22,CA
99842,6/12/2014,Art Auction,-3.69,CA
99842,6/13/2014,Taxi,-8.52,CA
99842,6/13/2014,Public Transportation - Bus Pass,-29.11,CA
99842,6/13/2014,Ralph's Grocery Store,-5.32,CA
99842,6/13/2014,Taxi,-66.84,CA
99842,6/13/2014,Art's Art Supplies,-39.77,CA
99842,6/14/2014,Amazon Order - Paint Canvas,-26.56,CA
99842,6/15/2014,Ashley's Craft Store,-2.38,CA
99842,6/15/2014,Michael's Crafts,-22.01,CA
99842,6/16/2014,Uber,-55.1,CA
99842,6/16/2014,Art Auction,-10.28,CA
99842,6/16/2014,Public Transportation - Bus Pass,-44.39,CA
99842,6/16/2014,Music Lessons - Piano,-3.17,CA
99842,6/17/2014,Amazon Order - Paint Canvas,-12.43,CA
99842,6/18/2014,Starbucks Coffee,-98.28,CA
99842,6/19/2014,Painting Course Fees,-17.79,CA
99842,6/19/2014,Taxi,-23.28,CA
99842,6/19/2014,Art's Art Supplies,-81.75,CA
99842,6/19/2014,Art's Art Supplies,-30.67,CA
99842,6/20/2014,Restaurant - Steakhouse,-12.62,CA
99842,6/20/2014,Guitar Center,-17.03,CA
99842,6/20/2014,Art's Art Supplies,-78.82,CA
99842,6/20/2014,Restaurant - Pizza,-7.63,CA
99842,6/21/2014,Art Auction,-18.04,CA
99842,6/21/2014,Art Auction,-2.97,CA
99842,6/21/2014,Taxi,-64.04,CA
99842,6/21/2014,Taxi,-1.26,CA
99842,6/21/2014,Ashley's Craft Store,-5.98,CA
99842,6/21/2014,Lyft,-29.04,CA
99842,6/21/2014,Starbucks Coffee,-75.46,CA
99842,6/21/2014,Public Transportation - Bus Pass,-18.32,CA
99842,6/21/2014,Public Transportation - Train Pass,-0.97,CA
99842,6/22/2014,Michael's Crafts,-38.97,CA
99842,6/22/2014,Music Lessons - Piano,-39.2,CA
99842,6/22/2014,Ralph's Grocery Store,-25.95,CA
99842,6/22/2014,Restaurant - Chinese,-18.84,CA
99842,6/22/2014,Amazon Order - Paint Bushes,-27.95,CA
99842,6/22/2014,Michael's Crafts,-10,CA
99842,6/23/2014,Guitar Center,-7.44,CA
99842,6/24/2014,Guitar Center,-18.92,CA
99842,6/24/2014,Guitar Center,-13.49,CA
99842,6/24/2014,Public Transportation - Bus Pass,-27.14,CA
99842,6/24/2014,Public Transportation - Train Pass,-34.22,CA
99842,6/25/2014,Uber,-25.98,CA
99842,6/25/2014,Amazon Order - Paint Bushes,-19.88,CA
99842,6/25/2014,Art's Art Supplies,-2.85,CA
99842,6/25/2014,Public Transportation - Train Pass,-38.64,CA
99842,6/25/2014,Ashley's Craft Store,-60.15,CA
99842,6/25/2014,Michael's Crafts,-7.76,CA
99842,6/26/2014,Ashley's Craft Store,-89.06,CA
99842,6/27/2014,Taxi,-4.53,CA
99842,6/27/2014,Guitar Center,-34.38,CA
99842,6/27/2014,Music Lessons - Piano,-36.4,CA
99842,6/27/2014,Art's Art Supplies,-31.96,CA
99842,6/27/2014,Art Auction,-21.29,CA
99842,6/28/2014,Amazon Order - Paint Canvas,-4.32,CA
99842,6/28/2014,Amazon Order - Paint Bushes,-23.91,CA
99842,6/28/2014,Painting Course Fees,-2.83,CA
99842,6/28/2014,Restaurant - Steakhouse,-26.94,CA
99842,6/28/2014,Uber,-89.46,CA
99842,6/28/2014,Public Transportation - Train Pass,-30.74,CA
99842,6/29/2014,Painting Course Fees,-25.24,CA
99842,6/30/2014,Lyft,-7.76,CA
99842,7/2/2014,Paycheck,2879,CA
99842,7/2/2014,Housing Rent,-1293,CA
99842,7/2/2014,Water & Sewer,-53,CA
99842,7/2/2014,Gas & Electric,-32,CA
99842,7/2/2014,Time Warner Cable,-25,CA
99842,7/2/2014,ACS - Student Loans,-135,CA
99842,7/2/2014,Credit Card Payment,-154,CA
99842,7/2/2014,Navient - Student Loans,-197,CA
99842,7/2/2014,Amazon Order - Paint Bushes,-32.86,CA
99842,7/2/2014,Starbucks Coffee,-34.44,CA
99842,7/2/2014,Painting Course Fees,-7,CA
99842,7/3/2014,Uber,-14.3,CA
99842,7/3/2014,Amazon Order - Paint Canvas,-1.44,CA
99842,7/3/2014,Public Transportation - Bus Pass,-23.85,CA
99842,7/3/2014,Painting Course Fees,-37.97,CA
99842,7/3/2014,Amazon Order - Paint Bushes,-23.91,CA
99842,7/4/2014,Ashley's Craft Store,-26.97,CA
99842,7/4/2014,Amazon Order - Paint Canvas,-9.82,CA
99842,7/5/2014,Taxi,-10.45,CA
99842,7/5/2014,Painting Course Fees,-31.26,CA
99842,7/6/2014,Uber,-15.18,CA
99842,7/7/2014,Art's Art Supplies,-38.59,CA
99842,7/7/2014,Taxi,-14.15,CA
99842,7/8/2014,Art's Art Supplies,-18.32,CA
99842,7/8/2014,Food Delivery - GrubHub,-0.82,CA
99842,7/8/2014,Guitar Center,-111.61,CA
99842,7/9/2014,Music Lessons - Piano,-39.06,CA
99842,7/9/2014,Music Lessons - Piano,-119.1,CA
99842,7/9/2014,Guitar Center,-7.05,CA
99842,7/9/2014,Sprouts Market,-27.42,CA
99842,7/10/2014,Painting Course Fees,-12.67,CA
99842,7/10/2014,Ashley's Craft Store,-20.42,CA
99842,7/10/2014,Art Auction,-39.46,CA
99842,7/11/2014,Painting Course Fees,-37.91,CA
99842,7/12/2014,Taxi,-32.77,CA
99842,7/12/2014,Music Lessons - Piano,-3.44,CA
99842,7/12/2014,Art Auction,-36.11,CA
99842,7/12/2014,Guitar Center,-10.62,CA
99842,7/12/2014,Guitar Center,-37.73,CA
99842,7/13/2014,Restaurant - Pizza,-26.47,CA
99842,7/13/2014,Amazon Order - Paint Canvas,-87.74,CA
99842,7/14/2014,Painting Course Fees,-29.26,CA
99842,7/14/2014,Amazon Order - Paint Canvas,-9.66,CA
99842,7/14/2014,Guitar Center,-36.61,CA
99842,7/14/2014,Ashley's Craft Store,-39.61,CA
99842,7/15/2014,Music Lessons - Piano,-11.19,CA
99842,7/15/2014,Lyft,-34.03,CA
99842,7/15/2014,Starbucks Coffee,-66.39,CA
99842,7/15/2014,Public Transportation - Train Pass,-108.12,CA
99842,7/16/2014,Amazon Order - Paint Bushes,-38.89,CA
99842,7/17/2014,Ralph's Grocery Store,-15.75,CA
99842,7/17/2014,Food Delivery - GrubHub,-30.13,CA
99842,7/17/2014,Michael's Crafts,-12.64,CA
99842,7/18/2014,Ashley's Craft Store,-56.1,CA
99842,7/19/2014,Starbucks Coffee,-0.45,CA
99842,7/20/2014,Lyft,-13.37,CA
99842,7/20/2014,Art's Art Supplies,-30.57,CA
99842,7/20/2014,Art's Art Supplies,-29.34,CA
99842,7/20/2014,Art Auction,-51.93,CA
99842,7/20/2014,Art's Art Supplies,-29.01,CA
99842,7/20/2014,Taxi,-31.6,CA
99842,7/20/2014,Art's Art Supplies,-9.35,CA
99842,7/20/2014,Amazon Order - Paint Canvas,-8.37,CA
99842,7/21/2014,Art Auction,-33.96,CA
99842,7/21/2014,Whole Foods,-34.52,CA
99842,7/22/2014,Michael's Crafts,-26.84,CA
99842,7/23/2014,Painting Course Fees,-27.4,CA
99842,7/24/2014,Taxi,-23.24,CA
99842,7/24/2014,Michael's Crafts,-17.87,CA
99842,7/24/2014,Amazon Order - Paint Canvas,-32.06,CA
99842,7/25/2014,Restaurant - Burgers,-38.14,CA
99842,7/25/2014,Starbucks Coffee,-1.59,CA
99842,7/25/2014,Painting Course Fees,-4.43,CA
99842,7/25/2014,Restaurant - Steakhouse,-32.27,CA
99842,7/25/2014,Art Auction,-14.81,CA
99842,7/25/2014,Restaurant - Burgers,-7.87,CA
99842,7/25/2014,Amazon Order - Paint Bushes,-39.13,CA
99842,7/25/2014,Food Delivery - GrubHub,-88.6,CA
99842,7/25/2014,Music Lessons - Piano,-54.44,CA
99842,7/25/2014,Art's Art Supplies,-19.6,CA
99842,7/25/2014,Michael's Crafts,-89.7,CA
99842,7/26/2014,Painting Course Fees,-73.07,CA
99842,7/27/2014,Amazon Order - Paint Bushes,-22.94,CA
99842,7/28/2014,Michael's Crafts,-39.84,CA
99842,7/29/2014,Amazon Order - Paint Canvas,-76.07,CA
99842,7/30/2014,Michael's Crafts,-17.5,CA
99842,8/2/2014,Paycheck,2879,CA
99842,8/2/2014,Housing Rent,-1201,CA
99842,8/2/2014,Water & Sewer,-53,CA
99842,8/2/2014,Gas & Electric,-32,CA
99842,8/2/2014,Time Warner Cable,-25,CA
99842,8/2/2014,ACS - Student Loans,-135,CA
99842,8/2/2014,Credit Card Payment,-154,CA
99842,8/2/2014,Navient - Student Loans,-197,CA
99842,8/2/2014,Guitar Center,-15.4,CA
99842,8/2/2014,Taxi,-13.21,CA
99842,8/2/2014,Ralph's Grocery Store,-28.12,CA
99842,8/3/2014,Painting Course Fees,-2.62,CA
99842,8/4/2014,Guitar Center,-8.71,CA
99842,8/4/2014,Music Lessons - Piano,-21.75,CA
99842,8/5/2014,Amazon Order - Paint Bushes,-14.98,CA
99842,8/5/2014,Von's Groceries,-111.75,CA
99842,8/5/2014,Art's Art Supplies,-2.8,CA
99842,8/5/2014,Art Auction,-4.99,CA
99842,8/5/2014,Music Lessons - Piano,-59.27,CA
99842,8/5/2014,Art's Art Supplies,-28.03,CA
99842,8/5/2014,Sprouts Market,-8.33,CA
99842,8/5/2014,Michael's Crafts,-52.64,CA
99842,8/5/2014,Music Lessons - Piano,-26.36,CA
99842,8/6/2014,Art Auction,-35.31,CA
99842,8/6/2014,Art Auction,-2.1,CA
99842,8/7/2014,Art Auction,-67.67,CA
99842,8/7/2014,Amazon Order - Paint Canvas,-4.44,CA
99842,8/8/2014,Restaurant - Pizza,-0.2,CA
99842,8/9/2014,Ralph's Grocery Store,-1.03,CA
99842,8/10/2014,Ashley's Craft Store,-21.44,CA
99842,8/10/2014,Sprouts Market,-2.2,CA
99842,8/10/2014,Sprouts Market,-3.94,CA
99842,8/11/2014,Taxi,-28.71,CA
99842,8/12/2014,Restaurant - Steakhouse,-23.21,CA
99842,8/12/2014,Lyft,-24.99,CA
99842,8/12/2014,Ashley's Craft Store,-7.3,CA
99842,8/12/2014,Amazon Order - Paint Canvas,-15.82,CA
99842,8/12/2014,Guitar Center,-24.22,CA
99842,8/13/2014,Ashley's Craft Store,-38.06,CA
99842,8/13/2014,Guitar Center,-25.89,CA
99842,8/13/2014,Food Delivery - GrubHub,-12.33,CA
99842,8/14/2014,Art's Art Supplies,-18.25,CA
99842,8/15/2014,Ashley's Craft Store,-5.89,CA
99842,8/16/2014,Amazon Order - Paint Canvas,-27.88,CA
99842,8/16/2014,Public Transportation - Train Pass,-8.5,CA
99842,8/16/2014,Amazon Order - Paint Canvas,-5.5,CA
99842,8/16/2014,Art Auction,-7.27,CA
99842,8/16/2014,Ashley's Craft Store,-53.05,CA
99842,8/16/2014,Uber,-5.89,CA
99842,8/16/2014,Music Lessons - Piano,-8.6,CA
99842,8/16/2014,Music Lessons - Piano,-9.37,CA
99842,8/16/2014,Guitar Center,-11.43,CA
99842,8/16/2014,Ashley's Craft Store,-73.99,CA
99842,8/17/2014,Taxi,-22.08,CA
99842,8/17/2014,Von's Groceries,-9.09,CA
99842,8/18/2014,Art's Art Supplies,-30.78,CA
99842,8/18/2014,Amazon Order - Paint Canvas,-34.59,CA
99842,8/18/2014,Art's Art Supplies,-3.69,CA
99842,8/19/2014,Music Lessons - Piano,-27.87,CA
99842,8/20/2014,Amazon Order - Paint Bushes,-31.1,CA
99842,8/20/2014,Amazon Order - Paint Canvas,-13.79,CA
99842,8/20/2014,Music Lessons - Piano,-12.53,CA
99842,8/21/2014,Art Auction,-81.26,CA
99842,8/21/2014,Public Transportation - Train Pass,-53.74,CA
99842,8/22/2014,Starbucks Coffee,-15.02,CA
99842,8/22/2014,Public Transportation - Train Pass,-21.89,CA
99842,8/22/2014,Amazon Order - Paint Canvas,-2.72,CA
99842,8/22/2014,Lyft,-3.75,CA
99842,8/23/2014,Sprouts Market,-4.23,CA
99842,8/23/2014,Restaurant - Steakhouse,-21.03,CA
99842,8/24/2014,Restaurant - Pizza,-29.51,CA
99842,8/24/2014,Public Transportation - Train Pass,-0.99,CA
99842,8/25/2014,Guitar Center,-6.13,CA
99842,8/25/2014,Taxi,-43.69,CA
99842,8/25/2014,Public Transportation - Train Pass,-38.44,CA
99842,8/25/2014,Painting Course Fees,-24.91,CA
99842,8/25/2014,Von's Groceries,-24.83,CA
99842,8/25/2014,Michael's Crafts,-31.84,CA
99842,8/25/2014,Lyft,-11.31,CA
99842,8/25/2014,Public Transportation - Train Pass,-25.69,CA
99842,8/26/2014,Music Lessons - Piano,-5.59,CA
99842,8/27/2014,Sprouts Market,-35.55,CA
99842,8/27/2014,Amazon Order - Paint Canvas,-10.36,CA
99842,8/27/2014,Art Auction,-22.6,CA
99842,8/27/2014,Amazon Order - Paint Bushes,-29.11,CA
99842,8/27/2014,Art's Art Supplies,-26.98,CA
99842,8/27/2014,Amazon Order - Paint Canvas,-1.57,CA
99842,8/27/2014,Guitar Center,-27.79,CA
99842,8/28/2014,Public Transportation - Bus Pass,-0.55,CA
99842,8/29/2014,Lyft,-30.83,CA
99842,8/30/2014,Amazon Order - Paint Canvas,-17.68,CA
99842,8/30/2014,Michael's Crafts,-14.46,CA
99842,8/30/2014,Public Transportation - Bus Pass,-21.77,CA
99842,8/30/2014,Public Transportation - Bus Pass,-39.44,CA
99842,8/30/2014,Amazon Order - Paint Canvas,-7.15,CA
99842,9/2/2014,Paycheck,2879,CA
99842,9/2/2014,Housing Rent,-1266,CA
99842,9/2/2014,Water & Sewer,-53,CA
99842,9/2/2014,Gas & Electric,-32,CA
99842,9/2/2014,Time Warner Cable,-25,CA
99842,9/2/2014,ACS - Student Loans,-135,CA
99842,9/2/2014,Credit Card Payment,-154,CA
99842,9/2/2014,Navient - Student Loans,-197,CA
99842,9/2/2014,Von's Groceries,-32.34,CA
99842,9/2/2014,Art's Art Supplies,-10.13,CA
99842,9/2/2014,Michael's Crafts,-36.76,CA
99842,9/2/2014,Public Transportation - Bus Pass,-4.8,CA
99842,9/3/2014,Painting Course Fees,-1.6,CA
99842,9/3/2014,Restaurant - Burgers,-23.12,CA
99842,9/3/2014,Public Transportation - Bus Pass,-90.28,CA
99842,9/3/2014,Uber,-73.81,CA
99842,9/3/2014,Music Lessons - Piano,-2.72,CA
99842,9/3/2014,Painting Course Fees,-29.89,CA
99842,9/3/2014,Uber,-8.52,CA
99842,9/3/2014,Von's Groceries,-17.26,CA
99842,9/4/2014,Ashley's Craft Store,-1.04,CA
99842,9/5/2014,Music Lessons - Piano,-79.25,CA
99842,9/6/2014,Public Transportation - Bus Pass,-20.22,CA
99842,9/7/2014,Sprouts Market,-16.75,CA
99842,9/7/2014,Restaurant - Chinese,-6.08,CA
99842,9/8/2014,Taxi,-12.83,CA
99842,9/8/2014,Amazon Order - Paint Canvas,-10.12,CA
99842,9/8/2014,Art's Art Supplies,-24.14,CA
99842,9/8/2014,Michael's Crafts,-74.33,CA
99842,9/8/2014,Amazon Order - Paint Bushes,-10.37,CA
99842,9/8/2014,Art Auction,-118.32,CA
99842,9/9/2014,Uber,-22.18,CA
99842,9/9/2014,Amazon Order - Paint Canvas,-25.05,CA
99842,9/9/2014,Ashley's Craft Store,-26.41,CA
99842,9/9/2014,Public Transportation - Bus Pass,-12.75,CA
99842,9/9/2014,Amazon Order - Paint Bushes,-6.13,CA
99842,9/9/2014,Ashley's Craft Store,-14.94,CA
99842,9/9/2014,Painting Course Fees,-104.18,CA
99842,9/10/2014,Music Lessons - Piano,-6.92,CA
99842,9/10/2014,Music Lessons - Piano,-57.69,CA
99842,9/10/2014,Food Delivery - GrubHub,-23.19,CA
99842,9/10/2014,Michael's Crafts,-14.04,CA
99842,9/10/2014,Amazon Order - Paint Bushes,-36.13,CA
99842,9/10/2014,Von's Groceries,-45.41,CA
99842,9/10/2014,Michael's Crafts,-35.64,CA
99842,9/10/2014,Ashley's Craft Store,-32.86,CA
99842,9/10/2014,Public Transportation - Bus Pass,-22.93,CA
99842,9/10/2014,Public Transportation - Bus Pass,-5.54,CA
99842,9/10/2014,Lyft,-11.31,CA
99842,9/11/2014,Uber,-19.14,CA
99842,9/11/2014,Von's Groceries,-11.33,CA
99842,9/11/2014,Michael's Crafts,-36.86,CA
99842,9/12/2014,Art's Art Supplies,-39.27,CA
99842,9/12/2014,Amazon Order - Paint Bushes,-18.24,CA
99842,9/12/2014,Music Lessons - Piano,-101.76,CA
99842,9/12/2014,Lyft,-10.49,CA
99842,9/13/2014,Public Transportation - Train Pass,-34.98,CA
99842,9/14/2014,Guitar Center,-28.11,CA
99842,9/15/2014,Lyft,-101,CA
99842,9/16/2014,Music Lessons - Piano,-74.87,CA
99842,9/17/2014,Michael's Crafts,-4.98,CA
99842,9/17/2014,Music Lessons - Piano,-13.44,CA
99842,9/17/2014,Michael's Crafts,-0.29,CA
99842,9/18/2014,Guitar Center,-11.4,CA
99842,9/19/2014,Art's Art Supplies,-23.35,CA
99842,9/19/2014,Art Auction,-33.36,CA
99842,9/19/2014,Taxi,-13.94,CA
99842,9/20/2014,Ashley's Craft Store,-37.91,CA
99842,9/20/2014,Music Lessons - Piano,-2.04,CA
99842,9/21/2014,Lyft,-2.88,CA
99842,9/22/2014,Food Delivery - GrubHub,-26.02,CA
99842,9/22/2014,Uber,-7.4,CA
99842,9/23/2014,Michael's Crafts,-103.7,CA
99842,9/23/2014,Restaurant - Burgers,-32.62,CA
99842,9/23/2014,Art Auction,-5.23,CA
99842,9/23/2014,Amazon Order - Paint Bushes,-20.04,CA
99842,9/23/2014,Amazon Order - Paint Canvas,-104.67,CA
99842,9/23/2014,Michael's Crafts,-12.06,CA
99842,9/23/2014,Public Transportation - Train Pass,-27.19,CA
99842,9/23/2014,Art's Art Supplies,-25.48,CA
99842,9/24/2014,Art Auction,-13.86,CA
99842,9/24/2014,Sprouts Market,-28.6,CA
99842,9/24/2014,Ashley's Craft Store,-25.29,CA
99842,9/24/2014,Music Lessons - Piano,-30.13,CA
99842,9/24/2014,Sprouts Market,-36.33,CA
99842,9/25/2014,Uber,-31.36,CA
99842,9/25/2014,Art's Art Supplies,-11.92,CA
99842,9/26/2014,Lyft,-64.78,CA
99842,9/26/2014,Michael's Crafts,-7.69,CA
99842,9/27/2014,Guitar Center,-38.29,CA
99842,9/28/2014,Food Delivery - GrubHub,-11.65,CA
99842,9/28/2014,Music Lessons - Piano,-23.57,CA
99842,9/28/2014,Restaurant - Steakhouse,-19.94,CA
99842,9/28/2014,Amazon Order - Paint Canvas,-17.52,CA
99842,9/29/2014,Art's Art Supplies,-12.27,CA
99842,9/29/2014,Ashley's Craft Store,-23.47,CA
99842,9/29/2014,Art's Art Supplies,-28.38,CA
99842,9/29/2014,Amazon Order - Paint Bushes,-9.55,CA
99842,9/29/2014,Restaurant - Chinese,-13.74,CA
99842,9/30/2014,Amazon Order - Paint Canvas,-39.86,CA
99842,10/2/2014,Paycheck,2879,CA
99842,10/2/2014,Housing Rent,-975,CA
99842,10/2/2014,Water & Sewer,-53,CA
99842,10/2/2014,Gas & Electric,-32,CA
99842,10/2/2014,Time Warner Cable,-25,CA
99842,10/2/2014,ACS - Student Loans,-135,CA
99842,10/2/2014,Credit Card Payment,-154,CA
99842,10/2/2014,Navient - Student Loans,-197,CA
99842,10/2/2014,Public Transportation - Bus Pass,-72.41,CA
99842,10/3/2014,Art's Art Supplies,-11.52,CA
99842,10/3/2014,Ashley's Craft Store,-26.19,CA
99842,10/4/2014,Michael's Crafts,-38.54,CA
99842,10/5/2014,Public Transportation - Train Pass,-40.56,CA
99842,10/5/2014,Michael's Crafts,-36.74,CA
99842,10/5/2014,Painting Course Fees,-38.97,CA
99842,10/6/2014,Guitar Center,-4.37,CA
99842,10/7/2014,Guitar Center,-19.39,CA
99842,10/8/2014,Public Transportation - Train Pass,-113.82,CA
99842,10/8/2014,Public Transportation - Bus Pass,-27.03,CA
99842,10/8/2014,Music Lessons - Piano,-26.25,CA
99842,10/9/2014,Michael's Crafts,-28.81,CA
99842,10/9/2014,Restaurant - Chinese,-35.5,CA
99842,10/9/2014,Art Auction,-57.69,CA
99842,10/9/2014,Music Lessons - Piano,-8.95,CA
99842,10/9/2014,Amazon Order - Paint Canvas,-5.85,CA
99842,10/9/2014,Ralph's Grocery Store,-67.58,CA
99842,10/9/2014,Michael's Crafts,-8.85,CA
99842,10/10/2014,Michael's Crafts,-55.94,CA
99842,10/10/2014,Uber,-4.7,CA
99842,10/10/2014,Michael's Crafts,-23.81,CA
99842,10/11/2014,Guitar Center,-20.15,CA
99842,10/11/2014,Art Auction,-6.05,CA
99842,10/11/2014,Art's Art Supplies,-21.63,CA
99842,10/11/2014,Public Transportation - Train Pass,-8.08,CA
99842,10/11/2014,Ashley's Craft Store,-26.08,CA
99842,10/11/2014,Restaurant - Steakhouse,-37.81,CA
99842,10/11/2014,Music Lessons - Piano,-20.78,CA
99842,10/12/2014,Painting Course Fees,-6.62,CA
99842,10/13/2014,Music Lessons - Piano,-38.41,CA
99842,10/13/2014,Amazon Order - Paint Canvas,-11.53,CA
99842,10/13/2014,Painting Course Fees,-39.26,CA
99842,10/13/2014,Public Transportation - Train Pass,-33.9,CA
99842,10/13/2014,Ralph's Grocery Store,-38.2,CA
99842,10/14/2014,Von's Groceries,-29.81,CA
99842,10/15/2014,Guitar Center,-9.41,CA
99842,10/16/2014,Art Auction,-14.39,CA
99842,10/17/2014,Amazon Order - Paint Canvas,-72.19,CA
99842,10/17/2014,Art Auction,-114.44,CA
99842,10/18/2014,Guitar Center,-30.98,CA
99842,10/18/2014,Painting Course Fees,-4.33,CA
99842,10/19/2014,Amazon Order - Paint Bushes,-47.65,CA
99842,10/20/2014,Lyft,-10.54,CA
99842,10/21/2014,Taxi,-2.85,CA
99842,10/22/2014,Ralph's Grocery Store,-11.2,CA
99842,10/22/2014,Amazon Order - Paint Bushes,-26.79,CA
99842,10/22/2014,Amazon Order - Paint Canvas,-37.4,CA
99842,10/22/2014,Art's Art Supplies,-0.45,CA
99842,10/22/2014,Starbucks Coffee,-35.09,CA
99842,10/22/2014,Amazon Order - Paint Bushes,-18.25,CA
99842,10/22/2014,Guitar Center,-93.63,CA
99842,10/22/2014,Ashley's Craft Store,-39.01,CA
99842,10/22/2014,Music Lessons - Piano,-29.77,CA
99842,10/22/2014,Food Delivery - GrubHub,-12.21,CA
99842,10/22/2014,Restaurant - Steakhouse,-60.52,CA
99842,10/22/2014,Guitar Center,-11.09,CA
99842,10/22/2014,Amazon Order - Paint Canvas,-8.18,CA
99842,10/22/2014,Public Transportation - Bus Pass,-15.02,CA
99842,10/23/2014,Lyft,-33.56,CA
99842,10/23/2014,Amazon Order - Paint Canvas,-13.47,CA
99842,10/23/2014,Amazon Order - Paint Canvas,-26.46,CA
99842,10/23/2014,Music Lessons - Piano,-23.25,CA
99842,10/23/2014,Whole Foods,-12.07,CA
99842,10/23/2014,Sprouts Market,-26.07,CA
99842,10/23/2014,Von's Groceries,-4.85,CA
99842,10/23/2014,Ralph's Grocery Store,-13.86,CA
99842,10/23/2014,Guitar Center,-99.37,CA
99842,10/23/2014,Food Delivery - GrubHub,-21.68,CA
99842,10/24/2014,Restaurant - Steakhouse,-2.96,CA
99842,10/25/2014,Lyft,-40.72,CA
99842,10/25/2014,Painting Course Fees,-39.68,CA
99842,10/26/2014,Painting Course Fees,-18.95,CA
99842,10/27/2014,Guitar Center,-21.9,CA
99842,10/27/2014,Taxi,-7.74,CA
99842,10/28/2014,Music Lessons - Piano,-19.77,CA
99842,10/29/2014,Art Auction,-46.77,CA
99842,10/29/2014,Restaurant - Pizza,-5.69,CA
99842,10/30/2014,Ralph's Grocery Store,-10.31,CA
99842,10/30/2014,Uber,-1.02,CA
99842,11/2/2014,Paycheck,2879,CA
99842,11/2/2014,Housing Rent,-1178,CA
99842,11/2/2014,Water & Sewer,-53,CA
99842,11/2/2014,Gas & Electric,-32,CA
99842,11/2/2014,Time Warner Cable,-25,CA
99842,11/2/2014,ACS - Student Loans,-135,CA
99842,11/2/2014,Credit Card Payment,-154,CA
99842,11/2/2014,Navient - Student Loans,-197,CA
99842,11/2/2014,Whole Foods,-12.17,CA
99842,11/3/2014,Taxi,-9.98,CA
99842,11/3/2014,Art Auction,-33.26,CA
99842,11/3/2014,Art Auction,-24.6,CA
99842,11/4/2014,Sprouts Market,-26.42,CA
99842,11/4/2014,Ashley's Craft Store,-33.64,CA
99842,11/4/2014,Guitar Center,-51.73,CA
99842,11/4/2014,Ashley's Craft Store,-110.81,CA
99842,11/4/2014,Amazon Order - Paint Bushes,-98.93,CA
99842,11/4/2014,Art's Art Supplies,-15.33,CA
99842,11/4/2014,Amazon Order - Paint Bushes,-12.05,CA
99842,11/4/2014,Michael's Crafts,-66.61,CA
99842,11/4/2014,Taxi,-37.13,CA
99842,11/4/2014,Painting Course Fees,-29,CA
99842,11/5/2014,Guitar Center,-68.43,CA
99842,11/6/2014,Restaurant - Steakhouse,-4.98,CA
99842,11/6/2014,Art Auction,-23.56,CA
99842,11/6/2014,Ralph's Grocery Store,-26.87,CA
99842,11/6/2014,Restaurant - Chinese,-24.4,CA
99842,11/6/2014,Painting Course Fees,-38.72,CA
99842,11/7/2014,Art's Art Supplies,-23,CA
99842,11/7/2014,Amazon Order - Paint Bushes,-99.09,CA
99842,11/7/2014,Art's Art Supplies,-12.68,CA
99842,11/8/2014,Amazon Order - Paint Bushes,-109.74,CA
99842,11/8/2014,Amazon Order - Paint Bushes,-41.93,CA
99842,11/8/2014,Guitar Center,-39.02,CA
99842,11/8/2014,Restaurant - Burgers,-27.9,CA
99842,11/8/2014,Public Transportation - Train Pass,-29.41,CA
99842,11/9/2014,Guitar Center,-56.38,CA
99842,11/10/2014,Michael's Crafts,-22.08,CA
99842,11/10/2014,Ralph's Grocery Store,-34.86,CA
99842,11/10/2014,Food Delivery - GrubHub,-1.35,CA
99842,11/10/2014,Restaurant - Chinese,-9.27,CA
99842,11/10/2014,Public Transportation - Bus Pass,-38.32,CA
99842,11/11/2014,Food Delivery - GrubHub,-18.21,CA
99842,11/12/2014,Art's Art Supplies,-5.29,CA
99842,11/13/2014,Painting Course Fees,-16.08,CA
99842,11/14/2014,Starbucks Coffee,-70.16,CA
99842,11/14/2014,Public Transportation - Train Pass,-39.46,CA
99842,11/15/2014,Art Auction,-27.66,CA
99842,11/15/2014,Taxi,-35.92,CA
99842,11/15/2014,Art's Art Supplies,-18.06,CA
99842,11/16/2014,Public Transportation - Train Pass,-31.18,CA
99842,11/16/2014,Michael's Crafts,-30.22,CA
99842,11/16/2014,Art's Art Supplies,-4.23,CA
99842,11/17/2014,Amazon Order - Paint Canvas,-22.36,CA
99842,11/18/2014,Michael's Crafts,-12.45,CA
99842,11/18/2014,Public Transportation - Bus Pass,-11.29,CA
99842,11/18/2014,Ashley's Craft Store,-6.93,CA
99842,11/18/2014,Ashley's Craft Store,-44.1,CA
99842,11/19/2014,Taxi,-44.15,CA
99842,11/20/2014,Lyft,-24.52,CA
99842,11/20/2014,Amazon Order - Paint Canvas,-28.33,CA
99842,11/20/2014,Art Auction,-98.81,CA
99842,11/20/2014,Uber,-4.15,CA
99842,11/20/2014,Whole Foods,-34.76,CA
99842,11/20/2014,Amazon Order - Paint Bushes,-15.21,CA
99842,11/21/2014,Amazon Order - Paint Canvas,-28.1,CA
99842,11/21/2014,Art Auction,-27,CA
99842,11/21/2014,Uber,-7.71,CA
99842,11/21/2014,Starbucks Coffee,-97.56,CA
99842,11/21/2014,Michael's Crafts,-4.65,CA
99842,11/21/2014,Ashley's Craft Store,-64.14,CA
99842,11/21/2014,Guitar Center,-97.55,CA
99842,11/22/2014,Taxi,-9.43,CA
99842,11/22/2014,Ashley's Craft Store,-28.66,CA
99842,11/23/2014,Whole Foods,-33.71,CA
99842,11/24/2014,Music Lessons - Piano,-10.72,CA
99842,11/25/2014,Ashley's Craft Store,-36.79,CA
99842,11/26/2014,Music Lessons - Piano,-115.63,CA
99842,11/27/2014,Art Auction,-70.03,CA
99842,11/27/2014,Art Auction,-19.64,CA
99842,11/27/2014,Public Transportation - Train Pass,-13.23,CA
99842,11/27/2014,Uber,-35.04,CA
99842,11/27/2014,Amazon Order - Paint Bushes,-36.21,CA
99842,11/28/2014,Art Auction,-32.21,CA
99842,11/29/2014,Von's Groceries,-8.47,CA
99842,11/29/2014,Uber,-26.33,CA
99842,11/29/2014,Lyft,-5.33,CA
99842,11/29/2014,Ralph's Grocery Store,-25.04,CA
99842,11/29/2014,Sprouts Market,-4.89,CA
99842,11/29/2014,Public Transportation - Train Pass,-7.43,CA
99842,11/29/2014,Uber,-10.89,CA
99842,11/29/2014,Public Transportation - Train Pass,-24.07,CA
99842,11/29/2014,Art's Art Supplies,-60.67,CA
99842,11/29/2014,Ralph's Grocery Store,-109.27,CA
99842,11/30/2014,Uber,-5.06,CA
99842,11/30/2014,Restaurant - Steakhouse,-37.95,CA
99842,11/30/2014,Public Transportation - Train Pass,-30.58,CA
99842,11/30/2014,Uber,-10.46,CA
99842,11/30/2014,Painting Course Fees,-36.88,CA
99842,11/30/2014,Amazon Order - Paint Bushes,-22.93,CA
99842,11/30/2014,Michael's Crafts,-29.78,CA
99842,11/30/2014,Restaurant - Steakhouse,-23.56,CA
99842,12/2/2014,Housing Rent,-1149,CA
99842,12/2/2014,Water & Sewer,-53,CA
99842,12/2/2014,Gas & Electric,-32,CA
99842,12/2/2014,Time Warner Cable,-25,CA
99842,12/2/2014,ACS - Student Loans,-135,CA
99842,12/2/2014,Credit Card Payment,-154,CA
99842,12/2/2014,Navient - Student Loans,-197,CA
99842,12/2/2014,Ralph's Grocery Store,-24.51,CA
99842,12/2/2014,Whole Foods,-32.67,CA
99842,12/2/2014,Ashley's Craft Store,-4.91,CA
99842,12/2/2014,Public Transportation - Bus Pass,-33.86,CA
99842,12/2/2014,Music Lessons - Piano,-6.86,CA
99842,12/2/2014,Restaurant - Burgers,-62.02,CA
99842,12/2/2014,Whole Foods,-42.23,CA
99842,12/2/2014,Public Transportation - Train Pass,-2.79,CA
99842,12/2/2014,Michael's Crafts,-24.19,CA
99842,12/3/2014,Amazon Order - Paint Bushes,-65.09,CA
99842,12/4/2014,Public Transportation - Bus Pass,-71.29,CA
99842,12/5/2014,Von's Groceries,-33.08,CA
99842,12/5/2014,Amazon Order - Paint Canvas,-38.99,CA
99842,12/5/2014,Amazon Order - Paint Bushes,-27.75,CA
99842,12/5/2014,Art's Art Supplies,-29.9,CA
99842,12/5/2014,Taxi,-15.6,CA
99842,12/6/2014,Painting Course Fees,-65.17,CA
99842,12/6/2014,Public Transportation - Train Pass,-30.3,CA
99842,12/6/2014,Restaurant - Pizza,-31.5,CA
99842,12/7/2014,Public Transportation - Bus Pass,-76.77,CA
99842,12/7/2014,Taxi,-32.53,CA
99842,12/7/2014,Guitar Center,-13.19,CA
99842,12/7/2014,Uber,-16.12,CA
99842,12/7/2014,Art's Art Supplies,-6.15,CA
99842,12/8/2014,Von's Groceries,-65.58,CA
99842,12/8/2014,Art's Art Supplies,-70.7,CA
99842,12/9/2014,Guitar Center,-37.39,CA
99842,12/9/2014,Restaurant - Burgers,-106.54,CA
99842,12/9/2014,Art's Art Supplies,-83.26,CA
99842,12/10/2014,Michael's Crafts,-23.93,CA
99842,12/11/2014,Starbucks Coffee,-17.6,CA
99842,12/12/2014,Painting Course Fees,-98.37,CA
99842,12/12/2014,Starbucks Coffee,-34.26,CA
99842,12/12/2014,Restaurant - Chinese,-22.7,CA
99842,12/12/2014,Art Auction,-17.18,CA
99842,12/12/2014,Amazon Order - Paint Bushes,-3.76,CA
99842,12/13/2014,Food Delivery - GrubHub,-8.14,CA
99842,12/13/2014,Art Auction,-93.38,CA
99842,12/14/2014,Michael's Crafts,-5.49,CA
99842,12/14/2014,Ashley's Craft Store,-37.74,CA
99842,12/15/2014,Music Lessons - Piano,-35.92,CA
99842,12/15/2014,Ralph's Grocery Store,-38.23,CA
99842,12/16/2014,Michael's Crafts,-2.14,CA
99842,12/16/2014,Restaurant - Steakhouse,-13.81,CA
99842,12/17/2014,Music Lessons - Piano,-17.94,CA
99842,12/18/2014,Amazon Order - Paint Canvas,-28.65,CA
99842,12/18/2014,Art Auction,-36.29,CA
99842,12/19/2014,Music Lessons - Piano,-36.91,CA
99842,12/19/2014,Painting Course Fees,-21.46,CA
99842,12/20/2014,Music Lessons - Piano,-19.53,CA
99842,12/20/2014,Amazon Order - Paint Bushes,-39.31,CA
99842,12/21/2014,Uber,-38.38,CA
99842,12/21/2014,Amazon Order - Paint Bushes,-33.08,CA
99842,12/22/2014,Amazon Order - Paint Bushes,-6.58,CA
99842,12/22/2014,Restaurant - Burgers,-20.68,CA
99842,12/23/2014,Michael's Crafts,-29.63,CA
99842,12/24/2014,Amazon Order - Paint Canvas,-8.13,CA
99842,12/24/2014,Art's Art Supplies,-29.92,CA
99842,12/25/2014,Music Lessons - Piano,-2.89,CA
99842,12/26/2014,Guitar Center,-32.02,CA
99842,12/27/2014,Amazon Order - Paint Bushes,-19.49,CA
99842,12/28/2014,Michael's Crafts,-64.9,CA
99842,12/28/2014,Ashley's Craft Store,-24.27,CA
99842,12/28/2014,Ashley's Craft Store,-35.17,CA
99842,12/29/2014,Ashley's Craft Store,-21.33,CA
99842,12/29/2014,Restaurant - Chinese,-87.71,CA
99842,12/30/2014,Taxi,-37.64,CA
99842,12/30/2014,Michael's Crafts,-38.12,CA
99842,12/30/2014,Music Lessons - Piano,-56.05,CA
99842,12/30/2014,Uber,-20.05,CA
99842,12/32/2014,Restaurant - Steakhouse,-7.99,CA
99842,12/32/2014,Music Lessons - Piano,-19.24,CA
