auth_id, Date, Vendor, Amount, Location 
18908,1/2/2013,Whole Foods,-13.5,CA
18908,1/2/2013,Lyft,-19.67,CA
18908,1/2/2013,Water & Sewer - Late Payment Penalty,-36.67,CA
18908,1/2/2013,On Demand Movie,-39.98,CA
18908,1/2/2013,Restaurant - Chinese,-37.13,CA
18908,1/3/2013,On Demand TV,-3.56,CA
18908,1/3/2013,Credit Card Overdraft Fee,-16.01,CA
18908,1/3/2013,Restaurant - Pizza,-13.69,CA
18908,1/4/2013,Food Delivery - GrubHub,-7.02,CA
18908,1/4/2013,Pet Supply - Cat Food,-16.44,CA
18908,1/4/2013,Restaurant - Chinese,-21.8,CA
18908,1/4/2013,Uber,-1.05,CA
18908,1/4/2013,Ralph's Grocery Store,-7.72,CA
18908,1/4/2013,PlayStation Membership,-19.75,CA
18908,1/4/2013,Wine Delivery,-39.67,CA
18908,1/5/2013,Starbucks Coffee,-52.39,CA
18908,1/6/2013,Wine Delivery,-1.7,CA
18908,1/6/2013,PlayStation Membership,-23.1,CA
18908,1/6/2013,Uber,-1.1,CA
18908,1/7/2013,Ralph's Grocery Store,-30.01,CA
18908,1/8/2013,On Demand Movie,-36.03,CA
18908,1/8/2013,Food Delivery - Uber Eats,-26.7,CA
18908,1/9/2013,Restaurant - Steakhouse,-5.88,CA
18908,1/9/2013,Restaurant - Pizza,-80.66,CA
18908,1/10/2013,Mark's Movers,-1.15,CA
18908,1/10/2013,FedEx Shipping,-45.62,CA
18908,1/10/2013,Jerome's Furniture,-42.96,CA
18908,1/10/2013,Home Depot,-5.85,CA
18908,1/10/2013,Refrigerator Depot,-19.61,CA
18908,1/10/2013,Hamilton Move & Storage,-0.47,CA
18908,1/11/2013,Von's Groceries,-71.34,CA
18908,1/12/2013,Podcast Subscription,-32.32,CA
18908,1/12/2013,Pet Smart,-45.71,CA
18908,1/13/2013,Red Box DVD Rental,-32.78,CA
18908,1/14/2013,Public Transportation - Train Pass,-12.63,CA
18908,1/15/2013,On Demand TV,-14.02,CA
18908,1/15/2013,On Demand TV,-27.33,CA
18908,1/16/2013,Pet Smart,-15.69,CA
18908,1/17/2013,Wine Delivery,-32.55,CA
18908,1/17/2013,Taxi,-39.94,CA
18908,1/17/2013,Restaurant - Burgers,-20.19,CA
18908,1/17/2013,Restaurant - Steakhouse,-26.1,CA
18908,1/17/2013,Food Delivery - GrubHub,-9.08,CA
18908,1/18/2013,Pet Supply - Cat Food,-15.07,CA
18908,1/18/2013,Public Transportation - Train Pass,-89.63,CA
18908,1/19/2013,Restaurant - Steakhouse,-28.24,CA
18908,1/20/2013,Food Delivery - GrubHub,-25.42,CA
18908,1/20/2013,Taxi,-25.74,CA
18908,1/20/2013,Food Delivery - Uber Eats,-67.33,CA
18908,1/20/2013,Pet Supply - Cat Food,-18.15,CA
18908,1/21/2013,Food Delivery - Uber Eats,-33.59,CA
18908,1/21/2013,Lyft,-34.24,CA
18908,1/22/2013,Food Delivery - Uber Eats,-12.52,CA
18908,1/22/2013,Red Box DVD Rental,-22.32,CA
18908,1/22/2013,Uber,-7.17,CA
18908,1/22/2013,Time Warne Cable - Late Payment Fee,-7.28,CA
18908,1/22/2013,Whole Foods,-0.39,CA
18908,1/22/2013,Whole Foods,-16.9,CA
18908,1/23/2013,PlayStation Membership,-26.39,CA
18908,1/23/2013,PlayStation Membership,-37.74,CA
18908,1/23/2013,Red Box DVD Rental,-55.6,CA
18908,1/24/2013,On Demand TV,-15.21,CA
18908,1/24/2013,Food Delivery - Uber Eats,-13.83,CA
18908,1/25/2013,PlayStation Membership,-90.09,CA
18908,1/26/2013,Lyft,-25.41,CA
18908,1/27/2013,Food Delivery - GrubHub,-17.47,CA
18908,1/27/2013,Restaurant - Pizza,-27.13,CA
18908,1/27/2013,Pet Smart,-29.78,CA
18908,1/28/2013,Restaurant - Chinese,-7.73,CA
18908,1/29/2013,PlayStation Membership,-22.32,CA
18908,1/30/2013,Wine Delivery,-105.13,CA
18908,1/30/2013,Food Delivery - GrubHub,-34.57,CA
18908,3/2/2013,Paycheck,3510,CA
18908,3/2/2013,Housing Rent,-960,CA
18908,3/2/2013,Water & Sewer,-53,CA
18908,3/2/2013,Credit Card Payment,-154,CA
18908,3/2/2013,ACS - Student Loans,-135,CA
18908,3/2/2013,Navient - Student Loans,-197,CA
18908,3/2/2013,Gas & Electric,-32,CA
18908,3/2/2013,Netflix Subscription,-4.99,CA
18908,3/2/2013,Pet Supply - Cat Food,-25.53,CA
18908,3/2/2013,Wine Delivery,-38.94,CA
18908,3/2/2013,On Demand TV,-19.1,CA
18908,3/2/2013,Uber,-23.95,CA
18908,3/2/2013,On Demand TV,-39.86,CA
18908,3/2/2013,Red Box DVD Rental,-79.67,CA
18908,3/2/2013,Food Delivery - Uber Eats,-57.56,CA
18908,3/2/2013,PlayStation Membership,-72.34,CA
18908,3/2/2013,On Demand Movie,-23.88,CA
18908,3/2/2013,Pet Supply - Cat Food,-24.66,CA
18908,3/2/2013,Lyft,-32.81,CA
18908,3/3/2013,Restaurant - Steakhouse,-10,CA
18908,3/4/2013,Podcast Subscription,-67.67,CA
18908,3/5/2013,Restaurant - Burgers,-4.07,CA
18908,3/5/2013,On Demand Movie,-35.33,CA
18908,3/6/2013,Wine Delivery,-34.3,CA
18908,3/6/2013,Whole Foods,-12.6,CA
18908,3/7/2013,Red Box DVD Rental,-9.44,CA
18908,3/7/2013,Podcast Subscription,-14.9,CA
18908,3/8/2013,Pet Supply - Cat Food,-87.56,CA
18908,3/8/2013,Lyft,-6.64,CA
18908,3/9/2013,Whole Foods,-36.56,CA
18908,3/10/2013,Taxi,-1.07,CA
18908,3/11/2013,Sprouts Market,-9.33,CA
18908,3/12/2013,Uber,-41.41,CA
18908,3/12/2013,Food Delivery - GrubHub,-11.93,CA
18908,3/12/2013,Wine Delivery,-22.29,CA
18908,3/12/2013,Food Delivery - GrubHub,-34.26,CA
18908,3/12/2013,Pet Supply - Cat Food,-87.23,CA
18908,3/12/2013,Red Box DVD Rental,-7.88,CA
18908,3/12/2013,On Demand TV,-33.66,CA
18908,3/12/2013,Lyft,-13.8,CA
18908,3/13/2013,Sprouts Market,-18.87,CA
18908,3/13/2013,Public Transportation - Bus Pass,-32.41,CA
18908,3/13/2013,Credit Card Overdraft Fee,-7.95,CA
18908,3/13/2013,Public Transportation - Bus Pass,-3.5,CA
18908,3/13/2013,Food Delivery - GrubHub,-53.38,CA
18908,3/13/2013,Von's Groceries,-7.43,CA
18908,3/13/2013,Food Delivery - Uber Eats,-20.47,CA
18908,3/13/2013,Pet Supply - Cat Food,-34.13,CA
18908,3/13/2013,Von's Groceries,-20.67,CA
18908,3/14/2013,Pet Supply - Cat Food,-25.62,CA
18908,3/14/2013,Public Transportation - Bus Pass,-26.4,CA
18908,3/14/2013,Uber,-10.78,CA
18908,3/14/2013,Wine Delivery,-33.69,CA
18908,3/14/2013,Podcast Subscription,-93.91,CA
18908,3/14/2013,Sprouts Market,-39.01,CA
18908,3/15/2013,Lyft,-19.59,CA
18908,3/16/2013,Ralph's Grocery Store,-9,CA
18908,3/17/2013,Food Delivery - Uber Eats,-2.18,CA
18908,3/17/2013,Pet Smart,-77.03,CA
18908,3/18/2013,Restaurant - Pizza,-69.21,CA
18908,3/18/2013,Taxi,-37.38,CA
18908,3/18/2013,On Demand TV,-25.68,CA
18908,3/18/2013,Restaurant - Pizza,-21.71,CA
18908,3/19/2013,Public Transportation - Bus Pass,-33.61,CA
18908,3/19/2013,Restaurant - Burgers,-20.32,CA
18908,3/19/2013,PlayStation Membership,-0.17,CA
18908,3/20/2013,Food Delivery - Uber Eats,-27.54,CA
18908,3/20/2013,Whole Foods,-53.76,CA
18908,3/20/2013,Red Box DVD Rental,-31.94,CA
18908,3/20/2013,Public Transportation - Train Pass,-7.7,CA
18908,3/20/2013,Red Box DVD Rental,-26.3,CA
18908,3/21/2013,Lyft,-9.98,CA
18908,3/22/2013,Pet Supply - Cat Food,-87.95,CA
18908,3/22/2013,Starbucks Coffee,-11.88,CA
18908,3/22/2013,Food Delivery - GrubHub,-33.76,CA
18908,3/22/2013,Food Delivery - GrubHub,-23.88,CA
18908,3/22/2013,Starbucks Coffee,-23.61,CA
18908,3/22/2013,Bank Fee - Negative Balance,-22.04,CA
18908,3/22/2013,Food Delivery - GrubHub,-4.99,CA
18908,3/22/2013,Ralph's Grocery Store,-105.33,CA
18908,3/23/2013,Podcast Subscription,-73.96,CA
18908,3/23/2013,Food Delivery - GrubHub,-4.83,CA
18908,3/23/2013,Red Box DVD Rental,-31.04,CA
18908,3/24/2013,Food Delivery - GrubHub,-12.78,CA
18908,3/24/2013,Uber,-18.37,CA
18908,3/24/2013,Restaurant - Burgers,-13.23,CA
18908,3/24/2013,Starbucks Coffee,-24.19,CA
18908,3/24/2013,On Demand TV,-33.01,CA
18908,3/24/2013,Starbucks Coffee,-12.76,CA
18908,3/24/2013,Podcast Subscription,-80.22,CA
18908,3/25/2013,Taxi,-30,CA
18908,3/25/2013,Von's Groceries,-42.57,CA
18908,3/25/2013,Red Box DVD Rental,-12.53,CA
18908,3/25/2013,Public Transportation - Bus Pass,-100.45,CA
18908,3/25/2013,Podcast Subscription,-10.92,CA
18908,3/26/2013,Pet Supply - Cat Food,-5.32,CA
18908,3/26/2013,Food Delivery - GrubHub,-33.76,CA
18908,3/26/2013,Credit Card Overdraft Fee,-32.27,CA
18908,3/26/2013,Pet Smart,-20.97,CA
18908,3/26/2013,Public Transportation - Bus Pass,-11.82,CA
18908,3/27/2013,Taxi,-6.79,CA
18908,3/27/2013,Food Delivery - GrubHub,-23.7,CA
18908,3/28/2013,PlayStation Membership,-5.23,CA
18908,3/29/2013,Food Delivery - GrubHub,-5.91,CA
18908,3/29/2013,Pet Smart,-32.47,CA
18908,3/30/2013,On Demand Movie,-93.11,CA
18908,4/2/2013,Paycheck,3510,CA
18908,4/2/2013,Housing Rent,-983,CA
18908,4/2/2013,Water & Sewer,-53,CA
18908,4/2/2013,Credit Card Payment,-154,CA
18908,4/2/2013,ACS - Student Loans,-135,CA
18908,4/2/2013,Navient - Student Loans,-197,CA
18908,4/2/2013,Gas & Electric,-32,CA
18908,4/2/2013,Netflix Subscription,-4.99,CA
18908,4/2/2013,Restaurant - Chinese,-22.9,CA
18908,4/2/2013,PlayStation Membership,-6.8,CA
18908,4/3/2013,Red Box DVD Rental,-25.12,CA
18908,4/4/2013,Taxi,-33.06,CA
18908,4/4/2013,PlayStation Membership,-89.65,CA
18908,4/4/2013,Lyft,-0.85,CA
18908,4/5/2013,On Demand TV,-28.01,CA
18908,4/6/2013,Pet Supply - Cat Food,-29.55,CA
18908,4/7/2013,Restaurant - Burgers,-27.99,CA
18908,4/8/2013,Pet Smart,-38.82,CA
18908,4/9/2013,Restaurant - Steakhouse,-24.25,CA
18908,4/9/2013,Starbucks Coffee,-36.46,CA
18908,4/9/2013,Podcast Subscription,-39.55,CA
18908,4/10/2013,On Demand Movie,-36.13,CA
18908,4/10/2013,PlayStation Membership,-4.45,CA
18908,4/11/2013,Red Box DVD Rental,-39.8,CA
18908,4/11/2013,Von's Groceries,-26.97,CA
18908,4/12/2013,Pet Smart,-26.83,CA
18908,4/12/2013,Housing Rent - Late Fee,-15.1,CA
18908,4/13/2013,Ralph's Grocery Store,-24.32,CA
18908,4/13/2013,PlayStation Membership,-6.82,CA
18908,4/13/2013,Food Delivery - GrubHub,-12.56,CA
18908,4/13/2013,Pet Supply - Cat Food,-1.82,CA
18908,4/14/2013,Bank Fee - Negative Balance,-84.32,CA
18908,4/14/2013,PlayStation Membership,-58.31,CA
18908,4/14/2013,Restaurant - Pizza,-24.11,CA
18908,4/15/2013,Pet Supply - Cat Food,-76.82,CA
18908,4/16/2013,Food Delivery - Uber Eats,-101.58,CA
18908,4/17/2013,Ralph's Grocery Store,-18.72,CA
18908,4/17/2013,Wine Delivery,-18.2,CA
18908,4/17/2013,PlayStation Membership,-51.48,CA
18908,4/18/2013,Time Warne Cable - Late Payment Fee,-8.37,CA
18908,4/18/2013,On Demand Movie,-13.62,CA
18908,4/18/2013,On Demand TV,-2.39,CA
18908,4/18/2013,PlayStation Membership,-38.19,CA
18908,4/18/2013,Taxi,-33.7,CA
18908,4/19/2013,Food Delivery - GrubHub,-13.81,CA
18908,4/19/2013,Taxi,-17.83,CA
18908,4/19/2013,PlayStation Membership,-8.58,CA
18908,4/19/2013,Pet Smart,-32.07,CA
18908,4/19/2013,PlayStation Membership,-84.8,CA
18908,4/19/2013,Podcast Subscription,-115.89,CA
18908,4/19/2013,Pet Smart,-17.19,CA
18908,4/19/2013,Starbucks Coffee,-25.5,CA
18908,4/19/2013,Restaurant - Burgers,-12.9,CA
18908,4/19/2013,Food Delivery - Uber Eats,-58.76,CA
18908,4/19/2013,Taxi,-24.13,CA
18908,4/19/2013,Public Transportation - Train Pass,-37.96,CA
18908,4/19/2013,Pet Supply - Cat Food,-97.61,CA
18908,4/19/2013,On Demand TV,-24.76,CA
18908,4/19/2013,Food Delivery - GrubHub,-6.82,CA
18908,4/20/2013,Pet Smart,-3.91,CA
18908,4/20/2013,Food Delivery - GrubHub,-12.06,CA
18908,4/21/2013,Red Box DVD Rental,-14.72,CA
18908,4/22/2013,Pet Smart,-109.93,CA
18908,4/22/2013,Podcast Subscription,-22.65,CA
18908,4/22/2013,On Demand Movie,-115.64,CA
18908,4/22/2013,Food Delivery - GrubHub,-11.55,CA
18908,4/22/2013,Wine Delivery,-13.54,CA
18908,4/22/2013,PlayStation Membership,-5.09,CA
18908,4/22/2013,On Demand TV,-5.72,CA
18908,4/23/2013,On Demand TV,-91.39,CA
18908,4/24/2013,Uber,-9.52,CA
18908,4/24/2013,Podcast Subscription,-22.8,CA
18908,4/24/2013,Red Box DVD Rental,-5.2,CA
18908,4/24/2013,Uber,-14.09,CA
18908,4/25/2013,Food Delivery - Uber Eats,-12.63,CA
18908,4/25/2013,Food Delivery - GrubHub,-26.66,CA
18908,4/25/2013,Taxi,-5.97,CA
18908,4/25/2013,Food Delivery - GrubHub,-5.89,CA
18908,4/25/2013,Food Delivery - GrubHub,-24.2,CA
18908,4/26/2013,Food Delivery - GrubHub,-36.25,CA
18908,4/27/2013,Von's Groceries,-21.39,CA
18908,4/27/2013,Restaurant - Pizza,-22.53,CA
18908,4/27/2013,Pet Supply - Cat Food,-36.61,CA
18908,4/27/2013,On Demand TV,-53.4,CA
18908,4/27/2013,Uber,-15.24,CA
18908,4/28/2013,Restaurant - Chinese,-19.11,CA
18908,4/29/2013,Uber,-14.17,CA
18908,4/29/2013,On Demand TV,-29.24,CA
18908,4/29/2013,Pet Smart,-29.04,CA
18908,4/30/2013,Pet Smart,-76.36,CA
18908,4/30/2013,Restaurant - Burgers,-22.82,CA
18908,4/30/2013,Pet Smart,-28.37,CA
18908,4/30/2013,Restaurant - Pizza,-3.09,CA
18908,4/30/2013,PlayStation Membership,-15.2,CA
18908,5/2/2013,Paycheck,3510,CA
18908,5/2/2013,Housing Rent,-1122,CA
18908,5/2/2013,Water & Sewer,-53,CA
18908,5/2/2013,Credit Card Payment,-154,CA
18908,5/2/2013,ACS - Student Loans,-135,CA
18908,5/2/2013,Navient - Student Loans,-197,CA
18908,5/2/2013,Gas & Electric,-32,CA
18908,5/2/2013,Netflix Subscription,-4.99,CA
18908,5/2/2013,On Demand Movie,-8.49,CA
18908,5/3/2013,Public Transportation - Train Pass,-5.84,CA
18908,5/3/2013,Von's Groceries,-0.99,CA
18908,5/4/2013,Podcast Subscription,-19.21,CA
18908,5/5/2013,Red Box DVD Rental,-32.99,CA
18908,5/5/2013,Red Box DVD Rental,-58.71,CA
18908,5/5/2013,Food Delivery - GrubHub,-25.32,CA
18908,5/5/2013,On Demand Movie,-2.35,CA
18908,5/6/2013,Lyft,-23.23,CA
18908,5/6/2013,Food Delivery - GrubHub,-83.83,CA
18908,5/7/2013,Lyft,-16.02,CA
18908,5/8/2013,Food Delivery - GrubHub,-26.95,CA
18908,5/9/2013,Pet Supply - Cat Food,-4.83,CA
18908,5/9/2013,Uber,-117.66,CA
18908,5/9/2013,Public Transportation - Train Pass,-20.85,CA
18908,5/9/2013,Food Delivery - Uber Eats,-37.5,CA
18908,5/9/2013,Public Transportation - Bus Pass,-5.71,CA
18908,5/9/2013,Von's Groceries,-3.76,CA
18908,5/9/2013,Food Delivery - GrubHub,-33.08,CA
18908,5/9/2013,Restaurant - Steakhouse,-21.95,CA
18908,5/9/2013,On Demand Movie,-10.97,CA
18908,5/9/2013,Food Delivery - GrubHub,-25.05,CA
18908,5/9/2013,Bank Fee - Negative Balance,-103.44,CA
18908,5/9/2013,Pet Smart,-35,CA
18908,5/9/2013,On Demand TV,-19.76,CA
18908,5/10/2013,Public Transportation - Bus Pass,-2.62,CA
18908,5/10/2013,Pet Smart,-25.18,CA
18908,5/10/2013,Whole Foods,-20.73,CA
18908,5/10/2013,Taxi,-82.47,CA
18908,5/10/2013,Pet Supply - Cat Food,-38.66,CA
18908,5/11/2013,Taxi,-11.31,CA
18908,5/12/2013,On Demand Movie,-28.5,CA
18908,5/12/2013,Taxi,-19.86,CA
18908,5/13/2013,PlayStation Membership,-1.01,CA
18908,5/14/2013,Food Delivery - Uber Eats,-35.05,CA
18908,5/15/2013,Restaurant - Pizza,-28.83,CA
18908,5/16/2013,Ralph's Grocery Store,-8.05,CA
18908,5/16/2013,Pet Supply - Cat Food,-30.84,CA
18908,5/16/2013,Food Delivery - GrubHub,-6.97,CA
18908,5/16/2013,Food Delivery - Uber Eats,-35.86,CA
18908,5/17/2013,Public Transportation - Train Pass,-62.99,CA
18908,5/17/2013,Time Warne Cable - Late Payment Fee,-38.96,CA
18908,5/17/2013,Uber,-27.4,CA
18908,5/17/2013,Taxi,-28.06,CA
18908,5/17/2013,Pet Smart,-0.92,CA
18908,5/17/2013,On Demand Movie,-3.18,CA
18908,5/17/2013,On Demand Movie,-21.85,CA
18908,5/17/2013,Taxi,-0.19,CA
18908,5/17/2013,Food Delivery - GrubHub,-19.92,CA
18908,5/18/2013,Red Box DVD Rental,-34.55,CA
18908,5/18/2013,Food Delivery - GrubHub,-26.26,CA
18908,5/18/2013,On Demand TV,-25.41,CA
18908,5/18/2013,On Demand TV,-19.61,CA
18908,5/18/2013,Food Delivery - GrubHub,-17.89,CA
18908,5/18/2013,Restaurant - Steakhouse,-6.72,CA
18908,5/18/2013,Lyft,-27.47,CA
18908,5/19/2013,Podcast Subscription,-37.52,CA
18908,5/20/2013,Wine Delivery,-39.37,CA
18908,5/20/2013,Pet Supply - Cat Food,-20.32,CA
18908,5/20/2013,Restaurant - Steakhouse,-98.82,CA
18908,5/21/2013,Lyft,-1,CA
18908,5/21/2013,Wine Delivery,-7.75,CA
18908,5/21/2013,Uber,-96.55,CA
18908,5/21/2013,Wine Delivery,-6.61,CA
18908,5/21/2013,Housing Rent - Late Fee,-89.76,CA
18908,5/21/2013,PlayStation Membership,-21.64,CA
18908,5/22/2013,Food Delivery - GrubHub,-7.37,CA
18908,5/22/2013,Public Transportation - Bus Pass,-10.35,CA
18908,5/22/2013,Uber,-69.04,CA
18908,5/22/2013,Whole Foods,-71.53,CA
18908,5/22/2013,On Demand TV,-11.82,CA
18908,5/23/2013,Restaurant - Chinese,-12.56,CA
18908,5/24/2013,Food Delivery - Uber Eats,-30.8,CA
18908,5/24/2013,Starbucks Coffee,-39.92,CA
18908,5/24/2013,Credit Card Overdraft Fee,-25.6,CA
18908,5/24/2013,Credit Card Overdraft Fee,-64.39,CA
18908,5/25/2013,On Demand Movie,-26.21,CA
18908,5/26/2013,Food Delivery - GrubHub,-16.86,CA
18908,5/26/2013,Sprouts Market,-24.44,CA
18908,5/27/2013,Wine Delivery,-22.57,CA
18908,5/28/2013,Food Delivery - GrubHub,-93.16,CA
18908,5/28/2013,Food Delivery - GrubHub,-33.8,CA
18908,5/28/2013,Wine Delivery,-4.25,CA
18908,5/29/2013,Uber,-29.54,CA
18908,5/29/2013,Food Delivery - Uber Eats,-17.32,CA
18908,5/29/2013,On Demand Movie,-14.04,CA
18908,5/29/2013,Lyft,-106.17,CA
18908,5/29/2013,Restaurant - Chinese,-44.72,CA
18908,5/29/2013,On Demand Movie,-8.42,CA
18908,5/29/2013,Food Delivery - GrubHub,-9.02,CA
18908,5/29/2013,Restaurant - Steakhouse,-33.14,CA
18908,5/29/2013,Food Delivery - GrubHub,-26.93,CA
18908,5/29/2013,Food Delivery - Uber Eats,-4.84,CA
18908,5/30/2013,Starbucks Coffee,-14.25,CA
18908,6/2/2013,Paycheck,3510,CA
18908,6/2/2013,Housing Rent,-1284,CA
18908,6/2/2013,Water & Sewer,-53,CA
18908,6/2/2013,Credit Card Payment,-154,CA
18908,6/2/2013,ACS - Student Loans,-135,CA
18908,6/2/2013,Navient - Student Loans,-197,CA
18908,6/2/2013,Gas & Electric,-32,CA
18908,6/2/2013,Netflix Subscription,-4.99,CA
18908,6/2/2013,Uber,-20.52,CA
18908,6/2/2013,On Demand TV,-23,CA
18908,6/2/2013,Podcast Subscription,-34.12,CA
18908,6/2/2013,Podcast Subscription,-75.83,CA
18908,6/3/2013,On Demand TV,-33.89,CA
18908,6/3/2013,On Demand TV,-39.74,CA
18908,6/3/2013,On Demand TV,-57.46,CA
18908,6/3/2013,Uber,-17.66,CA
18908,6/3/2013,Restaurant - Pizza,-25.76,CA
18908,6/3/2013,Restaurant - Burgers,-5.84,CA
18908,6/4/2013,Restaurant - Steakhouse,-36.62,CA
18908,6/5/2013,Pet Smart,-24.34,CA
18908,6/6/2013,On Demand TV,-39.29,CA
18908,6/7/2013,Food Delivery - GrubHub,-19.41,CA
18908,6/8/2013,Podcast Subscription,-38.35,CA
18908,6/9/2013,On Demand Movie,-8.81,CA
18908,6/10/2013,Whole Foods,-1.69,CA
18908,6/10/2013,Public Transportation - Bus Pass,-19.64,CA
18908,6/10/2013,On Demand Movie,-13.12,CA
18908,6/11/2013,Red Box DVD Rental,-9.85,CA
18908,6/12/2013,Public Transportation - Train Pass,-4.65,CA
18908,6/13/2013,Sprouts Market,-13.58,CA
18908,6/14/2013,Ralph's Grocery Store,-14.89,CA
18908,6/15/2013,PlayStation Membership,-31.66,CA
18908,6/15/2013,Pet Supply - Cat Food,-0.46,CA
18908,6/16/2013,Credit Card Overdraft Fee,-5.84,CA
18908,6/16/2013,Taxi,-27.8,CA
18908,6/16/2013,Food Delivery - Uber Eats,-84.76,CA
18908,6/16/2013,Food Delivery - Uber Eats,-11.13,CA
18908,6/16/2013,Podcast Subscription,-28.39,CA
18908,6/16/2013,Podcast Subscription,-19.94,CA
18908,6/16/2013,Food Delivery - Uber Eats,-35.6,CA
18908,6/16/2013,Wine Delivery,-19.26,CA
18908,6/17/2013,Restaurant - Steakhouse,-28.84,CA
18908,6/17/2013,On Demand TV,-37.64,CA
18908,6/17/2013,On Demand TV,-22.86,CA
18908,6/17/2013,Lyft,-8.75,CA
18908,6/17/2013,On Demand Movie,-61.33,CA
18908,6/18/2013,Food Delivery - Uber Eats,-25.7,CA
18908,6/18/2013,Pet Smart,-5.47,CA
18908,6/19/2013,Restaurant - Pizza,-73.06,CA
18908,6/20/2013,On Demand Movie,-20.46,CA
18908,6/21/2013,Podcast Subscription,-24.31,CA
18908,6/21/2013,Pet Supply - Cat Food,-25.64,CA
18908,6/21/2013,Restaurant - Pizza,-26.59,CA
18908,6/21/2013,Sprouts Market,-4.35,CA
18908,6/21/2013,Starbucks Coffee,-23.19,CA
18908,6/21/2013,Food Delivery - Uber Eats,-19.62,CA
18908,6/21/2013,On Demand TV,-53.41,CA
18908,6/21/2013,Lyft,-14.18,CA
18908,6/21/2013,Wine Delivery,-32.57,CA
18908,6/21/2013,On Demand TV,-29.82,CA
18908,6/21/2013,Uber,-18.18,CA
18908,6/22/2013,On Demand TV,-20.23,CA
18908,6/22/2013,Uber,-9.44,CA
18908,6/22/2013,Pet Supply - Cat Food,-0.46,CA
18908,6/23/2013,Restaurant - Pizza,-25.24,CA
18908,6/23/2013,Von's Groceries,-18.52,CA
18908,6/23/2013,Wine Delivery,-8.79,CA
18908,6/24/2013,On Demand TV,-15.83,CA
18908,6/25/2013,Taxi,-19.05,CA
18908,6/25/2013,Restaurant - Pizza,-35.34,CA
18908,6/26/2013,Public Transportation - Train Pass,-37.71,CA
18908,6/26/2013,Pet Smart,-0.55,CA
18908,6/26/2013,Pet Smart,-18.47,CA
18908,6/27/2013,Ralph's Grocery Store,-33.81,CA
18908,6/27/2013,Wine Delivery,-32.45,CA
18908,6/27/2013,Food Delivery - GrubHub,-31,CA
18908,6/28/2013,On Demand Movie,-27.46,CA
18908,6/29/2013,Ralph's Grocery Store,-18.32,CA
18908,6/30/2013,On Demand TV,-24.74,CA
18908,6/30/2013,Public Transportation - Train Pass,-112.94,CA
18908,6/30/2013,Public Transportation - Train Pass,-2.71,CA
18908,6/30/2013,Ralph's Grocery Store,-12.73,CA
18908,7/2/2013,Paycheck,3510,CA
18908,7/2/2013,Housing Rent,-883,CA
18908,7/2/2013,Water & Sewer,-53,CA
18908,7/2/2013,Credit Card Payment,-154,CA
18908,7/2/2013,ACS - Student Loans,-135,CA
18908,7/2/2013,Navient - Student Loans,-197,CA
18908,7/2/2013,Gas & Electric,-32,CA
18908,7/2/2013,Netflix Subscription,-4.99,CA
18908,7/2/2013,Food Delivery - Uber Eats,-12.52,CA
18908,7/2/2013,Restaurant - Burgers,-29.54,CA
18908,7/2/2013,Von's Groceries,-23.28,CA
18908,7/2/2013,Pet Supply - Cat Food,-13.4,CA
18908,7/2/2013,Restaurant - Burgers,-106.94,CA
18908,7/3/2013,Public Transportation - Bus Pass,-39.67,CA
18908,7/3/2013,Bank Fee - Negative Balance,-2.58,CA
18908,7/3/2013,PlayStation Membership,-0.01,CA
18908,7/3/2013,Public Transportation - Bus Pass,-22.67,CA
18908,7/3/2013,Podcast Subscription,-26.5,CA
18908,7/4/2013,Public Transportation - Bus Pass,-5.12,CA
18908,7/4/2013,Lyft,-95.03,CA
18908,7/4/2013,Food Delivery - GrubHub,-15.29,CA
18908,7/4/2013,Taxi,-13.6,CA
18908,7/5/2013,PlayStation Membership,-108.33,CA
18908,7/6/2013,Pet Smart,-3.63,CA
18908,7/7/2013,Food Delivery - GrubHub,-1.97,CA
18908,7/8/2013,Starbucks Coffee,-3.63,CA
18908,7/8/2013,Food Delivery - GrubHub,-35.56,CA
18908,7/9/2013,Time Warne Cable - Late Payment Fee,-1.73,CA
18908,7/9/2013,Lyft,-14.36,CA
18908,7/9/2013,Pet Smart,-17.18,CA
18908,7/9/2013,Restaurant - Chinese,-84.39,CA
18908,7/9/2013,Uber,-98.09,CA
18908,7/10/2013,Podcast Subscription,-28.54,CA
18908,7/11/2013,On Demand Movie,-34.93,CA
18908,7/12/2013,Time Warne Cable - Late Payment Fee,-25.09,CA
18908,7/12/2013,PlayStation Membership,-74.28,CA
18908,7/13/2013,Pet Smart,-38.6,CA
18908,7/13/2013,Food Delivery - Uber Eats,-33.27,CA
18908,7/14/2013,On Demand TV,-60.59,CA
18908,7/14/2013,Restaurant - Steakhouse,-16.98,CA
18908,7/14/2013,Time Warne Cable - Late Payment Fee,-2.48,CA
18908,7/14/2013,PlayStation Membership,-20.39,CA
18908,7/14/2013,Red Box DVD Rental,-72.82,CA
18908,7/14/2013,Uber,-32.23,CA
18908,7/14/2013,Taxi,-11.54,CA
18908,7/15/2013,Wine Delivery,-37.09,CA
18908,7/15/2013,Restaurant - Burgers,-14.66,CA
18908,7/15/2013,Pet Smart,-17.7,CA
18908,7/15/2013,Housing Rent - Late Fee,-91.43,CA
18908,7/16/2013,On Demand TV,-12.75,CA
18908,7/16/2013,Starbucks Coffee,-17.89,CA
18908,7/17/2013,Pet Supply - Cat Food,-26.7,CA
18908,7/17/2013,Starbucks Coffee,-27.04,CA
18908,7/17/2013,Pet Supply - Cat Food,-8.29,CA
18908,7/17/2013,Credit Card Overdraft Fee,-22.78,CA
18908,7/18/2013,Pet Supply - Cat Food,-66.06,CA
18908,7/19/2013,Ralph's Grocery Store,-17.06,CA
18908,7/20/2013,Wine Delivery,-5.03,CA
18908,7/20/2013,Podcast Subscription,-35.28,CA
18908,7/20/2013,Food Delivery - GrubHub,-33.7,CA
18908,7/20/2013,Restaurant - Chinese,-1.33,CA
18908,7/20/2013,Food Delivery - GrubHub,-47.34,CA
18908,7/20/2013,Uber,-36.66,CA
18908,7/21/2013,Red Box DVD Rental,-6.76,CA
18908,7/21/2013,Podcast Subscription,-5.36,CA
18908,7/21/2013,Time Warne Cable - Late Payment Fee,-38.27,CA
18908,7/22/2013,Red Box DVD Rental,-83.96,CA
18908,7/22/2013,On Demand Movie,-14.61,CA
18908,7/22/2013,Public Transportation - Bus Pass,-101,CA
18908,7/22/2013,Food Delivery - GrubHub,-9.45,CA
18908,7/22/2013,Public Transportation - Train Pass,-15.94,CA
18908,7/22/2013,Time Warne Cable - Late Payment Fee,-24.73,CA
18908,7/22/2013,Restaurant - Steakhouse,-29.82,CA
18908,7/23/2013,Starbucks Coffee,-3.15,CA
18908,7/23/2013,Taxi,-36.66,CA
18908,7/23/2013,Credit Card Overdraft Fee,-116.43,CA
18908,7/24/2013,Starbucks Coffee,-23.16,CA
18908,7/24/2013,Restaurant - Pizza,-104.16,CA
18908,7/24/2013,Taxi,-4.96,CA
18908,7/25/2013,Water & Sewer - Late Payment Penalty,-10.57,CA
18908,7/25/2013,Uber,-10.88,CA
18908,7/25/2013,PlayStation Membership,-2.53,CA
18908,7/25/2013,Pet Smart,-4.65,CA
18908,7/26/2013,Restaurant - Chinese,-17.67,CA
18908,7/26/2013,Taxi,-64.56,CA
18908,7/26/2013,Public Transportation - Bus Pass,-23.52,CA
18908,7/26/2013,Food Delivery - GrubHub,-10.7,CA
18908,7/26/2013,Pet Smart,-11.95,CA
18908,7/27/2013,Food Delivery - GrubHub,-28.47,CA
18908,7/27/2013,Uber,-22.56,CA
18908,7/28/2013,On Demand Movie,-9.66,CA
18908,7/29/2013,Ralph's Grocery Store,-15.25,CA
18908,7/29/2013,Restaurant - Burgers,-90.78,CA
18908,7/29/2013,Public Transportation - Train Pass,-92.95,CA
18908,7/29/2013,Wine Delivery,-22.35,CA
18908,7/29/2013,Pet Smart,-37.82,CA
18908,7/30/2013,Podcast Subscription,-25.09,CA
18908,7/30/2013,Von's Groceries,-56.46,CA
18908,8/2/2013,Paycheck,3510,CA
18908,8/2/2013,Housing Rent,-1242,CA
18908,8/2/2013,Water & Sewer,-53,CA
18908,8/2/2013,Credit Card Payment,-154,CA
18908,8/2/2013,ACS - Student Loans,-135,CA
18908,8/2/2013,Navient - Student Loans,-197,CA
18908,8/2/2013,Gas & Electric,-32,CA
18908,8/2/2013,Netflix Subscription,-4.99,CA
18908,8/2/2013,Von's Groceries,-22.2,CA
18908,8/2/2013,Lyft,-24.42,CA
18908,8/2/2013,PlayStation Membership,-12.7,CA
18908,8/3/2013,Lyft,-38.14,CA
18908,8/3/2013,Von's Groceries,-37.65,CA
18908,8/4/2013,Food Delivery - Uber Eats,-37.87,CA
18908,8/4/2013,Starbucks Coffee,-20.52,CA
18908,8/4/2013,Podcast Subscription,-103.97,CA
18908,8/5/2013,On Demand TV,-8.18,CA
18908,8/6/2013,On Demand TV,-39.63,CA
18908,8/6/2013,Food Delivery - GrubHub,-39.32,CA
18908,8/6/2013,Whole Foods,-28.61,CA
18908,8/6/2013,Restaurant - Burgers,-22.44,CA
18908,8/6/2013,Red Box DVD Rental,-34.29,CA
18908,8/7/2013,On Demand Movie,-33.91,CA
18908,8/7/2013,On Demand Movie,-7.49,CA
18908,8/8/2013,Food Delivery - Uber Eats,-30.72,CA
18908,8/8/2013,On Demand Movie,-30.36,CA
18908,8/9/2013,Food Delivery - Uber Eats,-17.24,CA
18908,8/10/2013,Red Box DVD Rental,-8.66,CA
18908,8/11/2013,Red Box DVD Rental,-16.77,CA
18908,8/11/2013,Podcast Subscription,-0.03,CA
18908,8/11/2013,Wine Delivery,-7.63,CA
18908,8/11/2013,Public Transportation - Bus Pass,-7.48,CA
18908,8/11/2013,Pet Supply - Cat Food,-0.05,CA
18908,8/12/2013,Wine Delivery,-97.66,CA
18908,8/13/2013,Public Transportation - Bus Pass,-25.31,CA
18908,8/14/2013,Food Delivery - GrubHub,-27,CA
18908,8/14/2013,Uber,-23.54,CA
18908,8/15/2013,Uber,-13.03,CA
18908,8/16/2013,Wine Delivery,-28.32,CA
18908,8/16/2013,Food Delivery - Uber Eats,-108.14,CA
18908,8/16/2013,Restaurant - Burgers,-9.54,CA
18908,8/16/2013,Restaurant - Burgers,-5.8,CA
18908,8/17/2013,Restaurant - Pizza,-32.05,CA
18908,8/18/2013,Food Delivery - GrubHub,-29.33,CA
18908,8/19/2013,Red Box DVD Rental,-5.25,CA
18908,8/19/2013,Starbucks Coffee,-5.52,CA
18908,8/19/2013,On Demand Movie,-22.39,CA
18908,8/19/2013,Pet Smart,-91.15,CA
18908,8/19/2013,PlayStation Membership,-28.05,CA
18908,8/19/2013,Taxi,-28.58,CA
18908,8/19/2013,Food Delivery - GrubHub,-1.55,CA
18908,8/19/2013,Von's Groceries,-27.99,CA
18908,8/20/2013,Pet Smart,-21.71,CA
18908,8/20/2013,Starbucks Coffee,-100.32,CA
18908,8/20/2013,Lyft,-13.02,CA
18908,8/21/2013,Whole Foods,-9.12,CA
18908,8/21/2013,On Demand TV,-7.31,CA
18908,8/21/2013,Restaurant - Pizza,-119.67,CA
18908,8/21/2013,On Demand TV,-26.74,CA
18908,8/21/2013,Taxi,-18.47,CA
18908,8/21/2013,On Demand TV,-60.13,CA
18908,8/21/2013,On Demand TV,-119.98,CA
18908,8/21/2013,Pet Smart,-28.06,CA
18908,8/21/2013,Food Delivery - GrubHub,-10.36,CA
18908,8/21/2013,Public Transportation - Train Pass,-36.97,CA
18908,8/22/2013,Uber,-10.07,CA
18908,8/23/2013,Restaurant - Chinese,-36.63,CA
18908,8/23/2013,Uber,-14.67,CA
18908,8/23/2013,Podcast Subscription,-32.8,CA
18908,8/23/2013,On Demand TV,-26.22,CA
18908,8/23/2013,Red Box DVD Rental,-38.42,CA
18908,8/23/2013,Red Box DVD Rental,-7.5,CA
18908,8/23/2013,Taxi,-12.13,CA
18908,8/23/2013,Pet Supply - Cat Food,-18.49,CA
18908,8/24/2013,Pet Supply - Cat Food,-105.69,CA
18908,8/24/2013,Restaurant - Chinese,-2.08,CA
18908,8/24/2013,Podcast Subscription,-37.95,CA
18908,8/24/2013,On Demand TV,-116.57,CA
18908,8/25/2013,Food Delivery - GrubHub,-1.39,CA
18908,8/26/2013,Taxi,-116.63,CA
18908,8/27/2013,PlayStation Membership,-34.78,CA
18908,8/28/2013,On Demand TV,-34.24,CA
18908,8/28/2013,On Demand TV,-44.86,CA
18908,8/28/2013,Uber,-72.26,CA
18908,8/28/2013,Credit Card Overdraft Fee,-36.99,CA
18908,8/28/2013,Public Transportation - Bus Pass,-100.74,CA
18908,8/28/2013,Wine Delivery,-7.01,CA
18908,8/28/2013,Credit Card Overdraft Fee,-36.74,CA
18908,8/28/2013,Pet Smart,-14.71,CA
18908,8/28/2013,Food Delivery - GrubHub,-68.11,CA
18908,8/29/2013,Podcast Subscription,-33.58,CA
18908,8/29/2013,On Demand Movie,-52.61,CA
18908,8/29/2013,Podcast Subscription,-38.98,CA
18908,8/29/2013,On Demand Movie,-20.73,CA
18908,8/30/2013,PlayStation Membership,-22.4,CA
18908,8/30/2013,Uber,-39.13,CA
18908,8/30/2013,Uber,-66.32,CA
18908,9/2/2013,Paycheck,3510,CA
18908,9/2/2013,Housing Rent,-782,CA
18908,9/2/2013,Water & Sewer,-53,CA
18908,9/2/2013,Credit Card Payment,-154,CA
18908,9/2/2013,ACS - Student Loans,-135,CA
18908,9/2/2013,Navient - Student Loans,-197,CA
18908,9/2/2013,Gas & Electric,-32,CA
18908,9/2/2013,Netflix Subscription,-4.99,CA
18908,9/2/2013,On Demand TV,-17.94,CA
18908,9/2/2013,Red Box DVD Rental,-29.34,CA
18908,9/2/2013,Food Delivery - GrubHub,-25.97,CA
18908,9/2/2013,Podcast Subscription,-40.74,CA
18908,9/3/2013,Red Box DVD Rental,-0.28,CA
18908,9/3/2013,Red Box DVD Rental,-7.26,CA
18908,9/4/2013,Starbucks Coffee,-25.14,CA
18908,9/4/2013,Pet Smart,-35.05,CA
18908,9/4/2013,Pet Supply - Cat Food,-13.97,CA
18908,9/4/2013,Pet Smart,-33.44,CA
18908,9/4/2013,Public Transportation - Train Pass,-8.01,CA
18908,9/5/2013,Public Transportation - Bus Pass,-7.19,CA
18908,9/5/2013,Public Transportation - Bus Pass,-22.3,CA
18908,9/6/2013,Wine Delivery,-0.04,CA
18908,9/6/2013,Food Delivery - Uber Eats,-52.72,CA
18908,9/6/2013,Uber,-38.43,CA
18908,9/6/2013,Lyft,-10.93,CA
18908,9/6/2013,Podcast Subscription,-27.28,CA
18908,9/6/2013,Food Delivery - GrubHub,-73.33,CA
18908,9/7/2013,On Demand Movie,-19.11,CA
18908,9/7/2013,Credit Card Overdraft Fee,-62.91,CA
18908,9/8/2013,Restaurant - Pizza,-32.37,CA
18908,9/8/2013,Sprouts Market,-5.96,CA
18908,9/8/2013,Pet Smart,-1.75,CA
18908,9/8/2013,Pet Smart,-36.14,CA
18908,9/9/2013,Sprouts Market,-85.46,CA
18908,9/9/2013,Pet Smart,-106.68,CA
18908,9/9/2013,Whole Foods,-23.31,CA
18908,9/10/2013,On Demand TV,-21.96,CA
18908,9/10/2013,Pet Smart,-36.17,CA
18908,9/11/2013,Wine Delivery,-17.47,CA
18908,9/11/2013,Taxi,-8.07,CA
18908,9/11/2013,Food Delivery - Uber Eats,-6.6,CA
18908,9/12/2013,Food Delivery - GrubHub,-10.84,CA
18908,9/12/2013,PlayStation Membership,-35.66,CA
18908,9/13/2013,Von's Groceries,-71.04,CA
18908,9/13/2013,Food Delivery - Uber Eats,-11.2,CA
18908,9/14/2013,Podcast Subscription,-7.28,CA
18908,9/15/2013,Lyft,-109.74,CA
18908,9/15/2013,Uber,-1.76,CA
18908,9/16/2013,On Demand TV,-29,CA
18908,9/16/2013,Public Transportation - Train Pass,-31.5,CA
18908,9/17/2013,Restaurant - Pizza,-36.49,CA
18908,9/17/2013,Pet Smart,-12.81,CA
18908,9/17/2013,Pet Smart,-75.88,CA
18908,9/18/2013,Food Delivery - Uber Eats,-10.5,CA
18908,9/19/2013,Food Delivery - GrubHub,-4.71,CA
18908,9/19/2013,Wine Delivery,-7.19,CA
18908,9/19/2013,Whole Foods,-13.27,CA
18908,9/19/2013,Podcast Subscription,-14.29,CA
18908,9/19/2013,Wine Delivery,-17.71,CA
18908,9/19/2013,Sprouts Market,-20.13,CA
18908,9/19/2013,Ralph's Grocery Store,-13.52,CA
18908,9/19/2013,Food Delivery - GrubHub,-9.85,CA
18908,9/19/2013,Pet Supply - Cat Food,-35.66,CA
18908,9/19/2013,Public Transportation - Bus Pass,-8.1,CA
18908,9/20/2013,Uber,-26.71,CA
18908,9/20/2013,Pet Smart,-9.98,CA
18908,9/20/2013,Restaurant - Burgers,-19.37,CA
18908,9/20/2013,Public Transportation - Bus Pass,-30.36,CA
18908,9/20/2013,Credit Card Overdraft Fee,-19.53,CA
18908,9/20/2013,Wine Delivery,-19.17,CA
18908,9/20/2013,Starbucks Coffee,-8.3,CA
18908,9/20/2013,Red Box DVD Rental,-9.65,CA
18908,9/20/2013,Food Delivery - GrubHub,-21.47,CA
18908,9/20/2013,Podcast Subscription,-54.16,CA
18908,9/20/2013,Credit Card Overdraft Fee,-8.96,CA
18908,9/20/2013,Pet Supply - Cat Food,-32.77,CA
18908,9/21/2013,Starbucks Coffee,-14.67,CA
18908,9/21/2013,Public Transportation - Bus Pass,-8.6,CA
18908,9/21/2013,Pet Supply - Cat Food,-13.9,CA
18908,9/21/2013,Uber,-39.39,CA
18908,9/21/2013,Food Delivery - GrubHub,-1.89,CA
18908,9/21/2013,Taxi,-28.78,CA
18908,9/22/2013,Podcast Subscription,-20.11,CA
18908,9/22/2013,Von's Groceries,-64.47,CA
18908,9/23/2013,On Demand TV,-5.09,CA
18908,9/23/2013,Food Delivery - GrubHub,-5.76,CA
18908,9/23/2013,Von's Groceries,-28.87,CA
18908,9/23/2013,Food Delivery - Uber Eats,-115.83,CA
18908,9/23/2013,On Demand Movie,-34.81,CA
18908,9/23/2013,On Demand Movie,-28.35,CA
18908,9/23/2013,Bank Fee - Negative Balance,-39.05,CA
18908,9/23/2013,PlayStation Membership,-67.05,CA
18908,9/23/2013,Restaurant - Pizza,-16.51,CA
18908,9/24/2013,Food Delivery - GrubHub,-1.84,CA
18908,9/24/2013,Podcast Subscription,-32.37,CA
18908,9/25/2013,Food Delivery - GrubHub,-8.58,CA
18908,9/26/2013,On Demand Movie,-17.28,CA
18908,9/26/2013,Lyft,-11.87,CA
18908,9/26/2013,Public Transportation - Train Pass,-12.62,CA
18908,9/26/2013,On Demand Movie,-108.32,CA
18908,9/26/2013,Sprouts Market,-14.62,CA
18908,9/27/2013,Red Box DVD Rental,-24.72,CA
18908,9/27/2013,Von's Groceries,-13.29,CA
18908,9/27/2013,Restaurant - Burgers,-6.51,CA
18908,9/27/2013,Time Warne Cable - Late Payment Fee,-65.37,CA
18908,9/27/2013,Sprouts Market,-15.4,CA
18908,9/27/2013,Taxi,-33.15,CA
18908,9/28/2013,Podcast Subscription,-24.79,CA
18908,9/28/2013,Taxi,-26.36,CA
18908,9/28/2013,Pet Smart,-88.46,CA
18908,9/29/2013,Whole Foods,-114.66,CA
18908,9/30/2013,Ralph's Grocery Store,-21.72,CA
18908,9/30/2013,Food Delivery - Uber Eats,-77.76,CA
18908,9/30/2013,Red Box DVD Rental,-13.48,CA
18908,9/30/2013,PlayStation Membership,-23.77,CA
18908,9/30/2013,Von's Groceries,-26.07,CA
18908,9/30/2013,Podcast Subscription,-12.6,CA
18908,9/30/2013,Ralph's Grocery Store,-7.13,CA
18908,10/2/2013,Paycheck,3510,CA
18908,10/2/2013,Housing Rent,-821,CA
18908,10/2/2013,Water & Sewer,-53,CA
18908,10/2/2013,Credit Card Payment,-154,CA
18908,10/2/2013,ACS - Student Loans,-135,CA
18908,10/2/2013,Navient - Student Loans,-197,CA
18908,10/2/2013,Gas & Electric,-32,CA
18908,10/2/2013,Netflix Subscription,-4.99,CA
18908,10/2/2013,PlayStation Membership,-39.48,CA
18908,10/3/2013,Taxi,-0.37,CA
18908,10/3/2013,Sprouts Market,-21.94,CA
18908,10/4/2013,Pet Smart,-18.17,CA
18908,10/4/2013,Food Delivery - GrubHub,-7.1,CA
18908,10/4/2013,Ralph's Grocery Store,-38.32,CA
18908,10/4/2013,Food Delivery - GrubHub,-40.52,CA
18908,10/5/2013,On Demand TV,-34.94,CA
18908,10/5/2013,Credit Card Overdraft Fee,-35.5,CA
18908,10/5/2013,Food Delivery - GrubHub,-36.78,CA
18908,10/5/2013,Restaurant - Pizza,-35.91,CA
18908,10/6/2013,Podcast Subscription,-5.36,CA
18908,10/6/2013,Food Delivery - Uber Eats,-37.29,CA
18908,10/6/2013,Restaurant - Pizza,-13.44,CA
18908,10/7/2013,Taxi,-31.13,CA
18908,10/7/2013,Food Delivery - Uber Eats,-117.48,CA
18908,10/7/2013,Pet Smart,-74.52,CA
18908,10/7/2013,On Demand Movie,-11.92,CA
18908,10/7/2013,Food Delivery - GrubHub,-12.59,CA
18908,10/8/2013,Starbucks Coffee,-32.92,CA
18908,10/9/2013,Uber,-23.86,CA
18908,10/9/2013,Public Transportation - Bus Pass,-8.82,CA
18908,10/9/2013,On Demand TV,-87.88,CA
18908,10/9/2013,Lyft,-6.62,CA
18908,10/9/2013,On Demand Movie,-33.11,CA
18908,10/9/2013,Taxi,-24.33,CA
18908,10/10/2013,Food Delivery - Uber Eats,-33.07,CA
18908,10/10/2013,Ralph's Grocery Store,-3.64,CA
18908,10/11/2013,Public Transportation - Train Pass,-25.26,CA
18908,10/11/2013,Pet Smart,-20.34,CA
18908,10/12/2013,Public Transportation - Bus Pass,-9.25,CA
18908,10/12/2013,Food Delivery - Uber Eats,-38.16,CA
18908,10/12/2013,Public Transportation - Bus Pass,-39.15,CA
18908,10/12/2013,On Demand TV,-10.01,CA
18908,10/12/2013,Restaurant - Chinese,-81.11,CA
18908,10/13/2013,Food Delivery - Uber Eats,-23.34,CA
18908,10/14/2013,Public Transportation - Train Pass,-113.45,CA
18908,10/14/2013,Wine Delivery,-101.33,CA
18908,10/15/2013,Food Delivery - GrubHub,-34.78,CA
18908,10/15/2013,Public Transportation - Bus Pass,-8.39,CA
18908,10/15/2013,Food Delivery - GrubHub,-35.44,CA
18908,10/16/2013,Food Delivery - Uber Eats,-2.72,CA
18908,10/17/2013,Wine Delivery,-15.18,CA
18908,10/17/2013,Restaurant - Steakhouse,-32.91,CA
18908,10/17/2013,Public Transportation - Bus Pass,-1.27,CA
18908,10/17/2013,Food Delivery - GrubHub,-29.6,CA
18908,10/17/2013,Pet Supply - Cat Food,-90.7,CA
18908,10/18/2013,Public Transportation - Train Pass,-25.23,CA
18908,10/18/2013,Red Box DVD Rental,-2.95,CA
18908,10/18/2013,Food Delivery - GrubHub,-27.63,CA
18908,10/18/2013,Restaurant - Steakhouse,-106.39,CA
18908,10/18/2013,Red Box DVD Rental,-25.83,CA
18908,10/19/2013,Food Delivery - Uber Eats,-35.12,CA
18908,10/20/2013,On Demand TV,-7.26,CA
18908,10/20/2013,Taxi,-12.74,CA
18908,10/20/2013,Red Box DVD Rental,-47.77,CA
18908,10/20/2013,Lyft,-107.55,CA
18908,10/20/2013,Podcast Subscription,-10.65,CA
18908,10/21/2013,Restaurant - Steakhouse,-3.01,CA
18908,10/22/2013,Food Delivery - Uber Eats,-0.33,CA
18908,10/23/2013,Podcast Subscription,-11.42,CA
18908,10/24/2013,Food Delivery - Uber Eats,-19.25,CA
18908,10/24/2013,Pet Supply - Cat Food,-24.72,CA
18908,10/24/2013,Pet Supply - Cat Food,-5.62,CA
18908,10/25/2013,Wine Delivery,-2.12,CA
18908,10/25/2013,Lyft,-105.24,CA
18908,10/25/2013,Uber,-27.64,CA
18908,10/25/2013,Food Delivery - Uber Eats,-33.8,CA
18908,10/26/2013,Water & Sewer - Late Payment Penalty,-103.2,CA
18908,10/26/2013,Public Transportation - Train Pass,-0.73,CA
18908,10/26/2013,Red Box DVD Rental,-15.93,CA
18908,10/26/2013,Food Delivery - Uber Eats,-4.05,CA
18908,10/26/2013,On Demand TV,-30.35,CA
18908,10/26/2013,Restaurant - Chinese,-3.34,CA
18908,10/26/2013,On Demand Movie,-34.1,CA
18908,10/26/2013,Food Delivery - Uber Eats,-9.64,CA
18908,10/26/2013,Lyft,-10.88,CA
18908,10/27/2013,On Demand Movie,-19.42,CA
18908,10/27/2013,Lyft,-34.69,CA
18908,10/27/2013,Sprouts Market,-32.33,CA
18908,10/28/2013,Podcast Subscription,-83.41,CA
18908,10/29/2013,Uber,-13.24,CA
18908,10/29/2013,Food Delivery - GrubHub,-20.5,CA
18908,10/29/2013,Red Box DVD Rental,-4.04,CA
18908,10/29/2013,Food Delivery - Uber Eats,-13.16,CA
18908,10/29/2013,Pet Supply - Cat Food,-36.18,CA
18908,10/29/2013,Pet Supply - Cat Food,-98.87,CA
18908,10/29/2013,Taxi,-10.47,CA
18908,10/30/2013,Pet Smart,-12.86,CA
18908,10/30/2013,Lyft,-25.8,CA
18908,11/2/2013,Paycheck,3510,CA
18908,11/2/2013,Housing Rent,-965,CA
18908,11/2/2013,Water & Sewer,-53,CA
18908,11/2/2013,Credit Card Payment,-154,CA
18908,11/2/2013,ACS - Student Loans,-135,CA
18908,11/2/2013,Navient - Student Loans,-197,CA
18908,11/2/2013,Gas & Electric,-32,CA
18908,11/2/2013,Netflix Subscription,-4.99,CA
18908,11/2/2013,Pet Smart,-7.4,CA
18908,11/3/2013,Podcast Subscription,-3.07,CA
18908,11/4/2013,Von's Groceries,-7.35,CA
18908,11/5/2013,Red Box DVD Rental,-0.18,CA
18908,11/6/2013,Wine Delivery,-62.33,CA
18908,11/6/2013,Food Delivery - GrubHub,-8.41,CA
18908,11/7/2013,Podcast Subscription,-37.34,CA
18908,11/7/2013,Sprouts Market,-9.51,CA
18908,11/7/2013,Credit Card Overdraft Fee,-4.5,CA
18908,11/7/2013,Food Delivery - GrubHub,-24.54,CA
18908,11/7/2013,Food Delivery - GrubHub,-34.31,CA
18908,11/7/2013,Pet Smart,-30.91,CA
18908,11/7/2013,Public Transportation - Bus Pass,-37.63,CA
18908,11/7/2013,Public Transportation - Bus Pass,-24.31,CA
18908,11/7/2013,Uber,-20.96,CA
18908,11/7/2013,Podcast Subscription,-10.73,CA
18908,11/7/2013,PlayStation Membership,-2.39,CA
18908,11/8/2013,Public Transportation - Bus Pass,-17.06,CA
18908,11/8/2013,Lyft,-13.12,CA
18908,11/9/2013,Public Transportation - Train Pass,-15.05,CA
18908,11/9/2013,Podcast Subscription,-4.13,CA
18908,11/9/2013,On Demand TV,-9.93,CA
18908,11/9/2013,Food Delivery - Uber Eats,-30.17,CA
18908,11/10/2013,Restaurant - Pizza,-4.64,CA
18908,11/10/2013,Lyft,-48.23,CA
18908,11/10/2013,Sprouts Market,-39.28,CA
18908,11/11/2013,Von's Groceries,-3.98,CA
18908,11/12/2013,Food Delivery - GrubHub,-24.45,CA
18908,11/13/2013,On Demand Movie,-75.45,CA
18908,11/13/2013,Podcast Subscription,-10.52,CA
18908,11/13/2013,Taxi,-4.62,CA
18908,11/14/2013,Podcast Subscription,-39.39,CA
18908,11/15/2013,Sprouts Market,-26.14,CA
18908,11/16/2013,On Demand Movie,-38.87,CA
18908,11/16/2013,On Demand TV,-0.2,CA
18908,11/17/2013,PlayStation Membership,-35.66,CA
18908,11/17/2013,Pet Supply - Cat Food,-24.72,CA
18908,11/17/2013,Starbucks Coffee,-20.78,CA
18908,11/17/2013,Restaurant - Burgers,-8.23,CA
18908,11/18/2013,On Demand TV,-32.19,CA
18908,11/18/2013,Restaurant - Pizza,-36.63,CA
18908,11/19/2013,Housing Rent - Late Fee,-16.79,CA
18908,11/19/2013,On Demand TV,-1.09,CA
18908,11/19/2013,Podcast Subscription,-8.08,CA
18908,11/20/2013,Uber,-13.03,CA
18908,11/20/2013,Restaurant - Steakhouse,-90.04,CA
18908,11/20/2013,Wine Delivery,-39.01,CA
18908,11/20/2013,Podcast Subscription,-69.07,CA
18908,11/21/2013,Food Delivery - Uber Eats,-54.89,CA
18908,11/21/2013,Credit Card Overdraft Fee,-15.16,CA
18908,11/21/2013,Starbucks Coffee,-3.42,CA
18908,11/21/2013,On Demand TV,-104.74,CA
18908,11/21/2013,Podcast Subscription,-25.66,CA
18908,11/21/2013,Taxi,-17.71,CA
18908,11/22/2013,Wine Delivery,-22.5,CA
18908,11/23/2013,Restaurant - Steakhouse,-2.92,CA
18908,11/24/2013,Pet Smart,-2.2,CA
18908,11/24/2013,Public Transportation - Train Pass,-11.26,CA
18908,11/24/2013,Public Transportation - Train Pass,-32.71,CA
18908,11/24/2013,Taxi,-36.77,CA
18908,11/24/2013,Restaurant - Pizza,-19.36,CA
18908,11/25/2013,Bank Fee - Negative Balance,-7.93,CA
18908,11/25/2013,Public Transportation - Bus Pass,-18.65,CA
18908,11/26/2013,Restaurant - Burgers,-25.36,CA
18908,11/27/2013,Restaurant - Pizza,-27.81,CA
18908,11/27/2013,Food Delivery - GrubHub,-35.75,CA
18908,11/28/2013,Taxi,-0.35,CA
18908,11/28/2013,Wine Delivery,-0.35,CA
18908,11/29/2013,Starbucks Coffee,-87.54,CA
18908,11/29/2013,Restaurant - Burgers,-11.58,CA
18908,11/29/2013,Lyft,-4.89,CA
18908,11/29/2013,Food Delivery - Uber Eats,-22.06,CA
18908,11/29/2013,On Demand Movie,-4.14,CA
18908,11/29/2013,Food Delivery - GrubHub,-3.61,CA
18908,11/29/2013,Lyft,-12.97,CA
18908,11/30/2013,Public Transportation - Train Pass,-0.3,CA
18908,11/30/2013,Pet Supply - Cat Food,-5.54,CA
18908,11/30/2013,Food Delivery - Uber Eats,-3.28,CA
18908,12/2/2013,Paycheck,3510,CA
18908,12/2/2013,Housing Rent,-952,CA
18908,12/2/2013,Water & Sewer,-53,CA
18908,12/2/2013,Credit Card Payment,-154,CA
18908,12/2/2013,ACS - Student Loans,-135,CA
18908,12/2/2013,Navient - Student Loans,-197,CA
18908,12/2/2013,Gas & Electric,-32,CA
18908,12/2/2013,Netflix Subscription,-4.99,CA
18908,12/2/2013,Whole Foods,-37.45,CA
18908,12/2/2013,PlayStation Membership,-70.51,CA
18908,12/2/2013,Podcast Subscription,-1.4,CA
18908,12/2/2013,On Demand Movie,-0.23,CA
18908,12/3/2013,On Demand Movie,-39.45,CA
18908,12/4/2013,Pet Supply - Cat Food,-30.14,CA
18908,12/4/2013,Food Delivery - Uber Eats,-3.84,CA
18908,12/5/2013,Kay Jewelry,-14.14,CA
18908,12/5/2013,Wedding Planner,-33.6,CA
18908,12/5/2013,Southwest Flights - Cancun,-20.38,CA
18908,12/5/2013,Cancun Beach Resort,-1.36,CA
18908,12/5/2013,Pet Supply - Cat Food,-1.69,CA
18908,12/5/2013,Food Delivery - GrubHub,-4.92,CA
18908,12/5/2013,Whole Foods,-16.72,CA
18908,12/5/2013,Starbucks Coffee,-9.21,CA
18908,12/6/2013,Public Transportation - Bus Pass,-32.63,CA
18908,12/6/2013,On Demand TV,-30.87,CA
18908,12/6/2013,Taxi,-0.75,CA
18908,12/6/2013,Whole Foods,-12.74,CA
18908,12/7/2013,Red Box DVD Rental,-0.28,CA
18908,12/7/2013,Lyft,-25.99,CA
18908,12/7/2013,On Demand TV,-9.12,CA
18908,12/7/2013,On Demand Movie,-39.85,CA
18908,12/8/2013,Lyft,-30.73,CA
18908,12/8/2013,Taxi,-26.89,CA
18908,12/8/2013,Food Delivery - GrubHub,-37.35,CA
18908,12/9/2013,Pet Smart,-7.69,CA
18908,12/10/2013,Public Transportation - Train Pass,-23.76,CA
18908,12/10/2013,Whole Foods,-22.3,CA
18908,12/10/2013,On Demand TV,-27.3,CA
18908,12/10/2013,PlayStation Membership,-33.43,CA
18908,12/10/2013,Food Delivery - GrubHub,-9.99,CA
18908,12/10/2013,Uber,-15.08,CA
18908,12/11/2013,Pet Smart,-18.4,CA
18908,12/11/2013,Restaurant - Pizza,-16.88,CA
18908,12/11/2013,PlayStation Membership,-25.86,CA
18908,12/12/2013,Restaurant - Chinese,-10.45,CA
18908,12/13/2013,Starbucks Coffee,-20.34,CA
18908,12/13/2013,Restaurant - Pizza,-25.58,CA
18908,12/13/2013,PlayStation Membership,-11.65,CA
18908,12/14/2013,Food Delivery - Uber Eats,-23.49,CA
18908,12/14/2013,Pet Supply - Cat Food,-24.24,CA
18908,12/14/2013,Lyft,-2.48,CA
18908,12/15/2013,Red Box DVD Rental,-10.28,CA
18908,12/15/2013,Podcast Subscription,-3.44,CA
18908,12/15/2013,Lyft,-118.29,CA
18908,12/15/2013,Uber,-8.21,CA
18908,12/15/2013,Taxi,-36.41,CA
18908,12/15/2013,On Demand Movie,-115.66,CA
18908,12/15/2013,Pet Supply - Cat Food,-11.59,CA
18908,12/15/2013,Uber,-52.18,CA
18908,12/15/2013,Restaurant - Pizza,-0.69,CA
18908,12/16/2013,On Demand TV,-35.59,CA
18908,12/17/2013,Restaurant - Chinese,-28.31,CA
18908,12/17/2013,Red Box DVD Rental,-20.66,CA
18908,12/17/2013,Public Transportation - Train Pass,-30.95,CA
18908,12/17/2013,On Demand Movie,-43.86,CA
18908,12/17/2013,Von's Groceries,-4.35,CA
18908,12/17/2013,Podcast Subscription,-36.55,CA
18908,12/17/2013,Public Transportation - Bus Pass,-32.84,CA
18908,12/18/2013,Lyft,-10.6,CA
18908,12/18/2013,Podcast Subscription,-38.55,CA
18908,12/18/2013,Ralph's Grocery Store,-56.65,CA
18908,12/19/2013,Taxi,-20.17,CA
18908,12/20/2013,Credit Card Overdraft Fee,-8.46,CA
18908,12/20/2013,Restaurant - Chinese,-51.1,CA
18908,12/21/2013,On Demand TV,-60.64,CA
18908,12/21/2013,Time Warne Cable - Late Payment Fee,-3.65,CA
18908,12/21/2013,Housing Rent - Late Fee,-108.74,CA
18908,12/21/2013,Food Delivery - Uber Eats,-17.69,CA
18908,12/21/2013,Pet Supply - Cat Food,-30.25,CA
18908,12/21/2013,Taxi,-106.2,CA
18908,12/21/2013,Water & Sewer - Late Payment Penalty,-31.53,CA
18908,12/21/2013,Von's Groceries,-28.32,CA
18908,12/22/2013,Wine Delivery,-28.19,CA
18908,12/22/2013,Food Delivery - GrubHub,-47.73,CA
18908,12/22/2013,On Demand TV,-69.36,CA
18908,12/22/2013,Time Warne Cable - Late Payment Fee,-10.21,CA
18908,12/22/2013,Public Transportation - Train Pass,-72.22,CA
18908,12/22/2013,Public Transportation - Bus Pass,-0.79,CA
18908,12/22/2013,Restaurant - Chinese,-27.43,CA
18908,12/22/2013,Starbucks Coffee,-20.38,CA
18908,12/23/2013,Water & Sewer - Late Payment Penalty,-28.12,CA
18908,12/23/2013,Taxi,-7.59,CA
18908,12/23/2013,Credit Card Overdraft Fee,-67.13,CA
18908,12/24/2013,Taxi,-8.85,CA
18908,12/24/2013,Pet Supply - Cat Food,-10.67,CA
18908,12/24/2013,PlayStation Membership,-20.44,CA
18908,12/24/2013,Credit Card Overdraft Fee,-9.39,CA
18908,12/25/2013,Pet Supply - Cat Food,-30.68,CA
18908,12/26/2013,Red Box DVD Rental,-35.18,CA
18908,12/27/2013,Starbucks Coffee,-32.53,CA
18908,12/27/2013,Public Transportation - Train Pass,-14.63,CA
18908,12/27/2013,Uber,-2.86,CA
18908,12/27/2013,Restaurant - Steakhouse,-85.37,CA
18908,12/27/2013,Whole Foods,-68.9,CA
18908,12/27/2013,Sprouts Market,-0.18,CA
18908,12/27/2013,Von's Groceries,-33.06,CA
18908,12/27/2013,Food Delivery - GrubHub,-3.27,CA
18908,12/28/2013,Podcast Subscription,-5.75,CA
18908,12/29/2013,Food Delivery - Uber Eats,-14.03,CA
18908,12/29/2013,Podcast Subscription,-34.37,CA
18908,12/29/2013,Uber,-22.72,CA
18908,12/29/2013,Public Transportation - Train Pass,-11.22,CA
18908,12/30/2013,Wine Delivery,-16.53,CA
18908,12/32/2013,Pet Smart,-17.43,CA
18908,12/32/2013,On Demand Movie,-29.08,CA
18908,12/32/2013,Public Transportation - Train Pass,-28.52,CA
18908,12/32/2013,Ralph's Grocery Store,-27.09,CA
18908,1/2/2014,PlayStation Membership,-22.54,CA
18908,1/2/2014,Von's Groceries,-8.31,CA
18908,1/2/2014,Starbucks Coffee,-20.02,CA
18908,1/3/2014,Taxi,-31.46,CA
18908,1/3/2014,Wine Delivery,-18.36,CA
18908,1/3/2014,Starbucks Coffee,-99.12,CA
18908,1/4/2014,Bank Fee - Negative Balance,-112.88,CA
18908,1/4/2014,Pet Supply - Cat Food,-15.15,CA
18908,1/5/2014,On Demand TV,-27.81,CA
18908,1/6/2014,Food Delivery - GrubHub,-21.46,CA
18908,1/6/2014,Uber,-93.03,CA
18908,1/6/2014,On Demand TV,-28.63,CA
18908,1/6/2014,Taxi,-25.21,CA
18908,1/6/2014,Credit Card Overdraft Fee,-18.73,CA
18908,1/7/2014,Food Delivery - GrubHub,-40.44,CA
18908,1/7/2014,On Demand Movie,-96.38,CA
18908,1/7/2014,PlayStation Membership,-18.2,CA
18908,1/7/2014,Public Transportation - Train Pass,-33.77,CA
18908,1/7/2014,Restaurant - Pizza,-27.58,CA
18908,1/8/2014,Podcast Subscription,-9.3,CA
18908,1/9/2014,Red Box DVD Rental,-97.69,CA
18908,1/9/2014,Whole Foods,-31.16,CA
18908,1/10/2014,On Demand TV,-12.83,CA
18908,1/10/2014,Red Box DVD Rental,-45.55,CA
18908,1/10/2014,Taxi,-112.56,CA
18908,1/10/2014,Red Box DVD Rental,-97.68,CA
18908,1/10/2014,Restaurant - Burgers,-46.46,CA
18908,1/10/2014,Pet Supply - Cat Food,-7.39,CA
18908,1/10/2014,Ralph's Grocery Store,-2.35,CA
18908,1/10/2014,Housing Rent - Late Fee,-20.52,CA
18908,1/10/2014,Sprouts Market,-15.77,CA
18908,1/10/2014,Pet Smart,-33.65,CA
18908,1/10/2014,Pet Supply - Cat Food,-24.31,CA
18908,1/10/2014,Pet Supply - Cat Food,-35.25,CA
18908,1/10/2014,On Demand TV,-24.96,CA
18908,1/10/2014,On Demand TV,-30.94,CA
18908,1/11/2014,Public Transportation - Train Pass,-96.13,CA
18908,1/11/2014,PlayStation Membership,-34.82,CA
18908,1/11/2014,Food Delivery - GrubHub,-3.72,CA
18908,1/11/2014,Food Delivery - GrubHub,-26.6,CA
18908,1/11/2014,Wine Delivery,-60.39,CA
18908,1/12/2014,Food Delivery - Uber Eats,-1.76,CA
18908,1/12/2014,Red Box DVD Rental,-6.79,CA
18908,1/12/2014,Taxi,-13.74,CA
18908,1/12/2014,Food Delivery - GrubHub,-2.27,CA
18908,1/12/2014,Taxi,-34.72,CA
18908,1/12/2014,Podcast Subscription,-8.6,CA
18908,1/12/2014,Wine Delivery,-45.74,CA
18908,1/12/2014,Red Box DVD Rental,-17.78,CA
18908,1/13/2014,Public Transportation - Train Pass,-25.03,CA
18908,1/13/2014,Taxi,-117.37,CA
18908,1/14/2014,Food Delivery - Uber Eats,-22.49,CA
18908,1/14/2014,Food Delivery - GrubHub,-29.02,CA
18908,1/15/2014,On Demand Movie,-18.38,CA
18908,1/15/2014,Housing Rent - Late Fee,-25.98,CA
18908,1/16/2014,On Demand Movie,-42.56,CA
18908,1/16/2014,Taxi,-34.26,CA
18908,1/16/2014,PlayStation Membership,-9.42,CA
18908,1/16/2014,PlayStation Membership,-11.25,CA
18908,1/17/2014,Restaurant - Burgers,-27.64,CA
18908,1/18/2014,Restaurant - Chinese,-63.57,CA
18908,1/18/2014,On Demand Movie,-9.19,CA
18908,1/18/2014,Food Delivery - GrubHub,-17.25,CA
18908,1/19/2014,On Demand Movie,-24.38,CA
18908,1/19/2014,Restaurant - Pizza,-85.64,CA
18908,1/19/2014,Podcast Subscription,-33.91,CA
18908,1/20/2014,Restaurant - Pizza,-6.32,CA
18908,1/20/2014,Podcast Subscription,-29.06,CA
18908,1/20/2014,Red Box DVD Rental,-34.91,CA
18908,1/21/2014,Von's Groceries,-68.49,CA
18908,1/21/2014,Public Transportation - Train Pass,-27.44,CA
18908,1/21/2014,Wine Delivery,-34.01,CA
18908,1/21/2014,Public Transportation - Train Pass,-18.19,CA
18908,1/21/2014,Pet Supply - Cat Food,-9.83,CA
18908,1/21/2014,On Demand Movie,-17.01,CA
18908,1/22/2014,On Demand Movie,-23.58,CA
18908,1/22/2014,Pet Smart,-2.21,CA
18908,1/23/2014,Public Transportation - Bus Pass,-0.07,CA
18908,1/23/2014,Podcast Subscription,-1.92,CA
18908,1/23/2014,Food Delivery - GrubHub,-46.9,CA
18908,1/23/2014,Restaurant - Steakhouse,-29.66,CA
18908,1/23/2014,Pet Smart,-8.01,CA
18908,1/23/2014,Taxi,-3.56,CA
18908,1/23/2014,PlayStation Membership,-10.41,CA
18908,1/23/2014,Lyft,-33.3,CA
18908,1/23/2014,Wine Delivery,-3.75,CA
18908,1/23/2014,Public Transportation - Bus Pass,-8.22,CA
18908,1/24/2014,Food Delivery - Uber Eats,-5.05,CA
18908,1/25/2014,Food Delivery - GrubHub,-24.44,CA
18908,1/25/2014,Starbucks Coffee,-38.82,CA
18908,1/25/2014,Von's Groceries,-37.4,CA
18908,1/25/2014,Lyft,-26.35,CA
18908,1/26/2014,Uber,-7.48,CA
18908,1/27/2014,Food Delivery - GrubHub,-79.87,CA
18908,1/28/2014,Food Delivery - GrubHub,-15.98,CA
18908,1/28/2014,Water & Sewer - Late Payment Penalty,-46.9,CA
18908,1/28/2014,Pet Smart,-36.03,CA
18908,1/29/2014,Wine Delivery,-38.8,CA
18908,1/30/2014,Food Delivery - GrubHub,-12.75,CA
18908,1/30/2014,Food Delivery - Uber Eats,-33.41,CA
18908,3/2/2014,Housing Rent,-936,CA
18908,3/2/2014,Water & Sewer,-53,CA
18908,3/2/2014,Credit Card Payment,-154,CA
18908,3/2/2014,ACS - Student Loans,-135,CA
18908,3/2/2014,Navient - Student Loans,-197,CA
18908,3/2/2014,Gas & Electric,-32,CA
18908,3/2/2014,Netflix Subscription,-4.99,CA
18908,3/2/2014,Pet Smart,-8.37,CA
18908,3/3/2014,Wine Delivery,-48.2,CA
18908,3/3/2014,Podcast Subscription,-33.76,CA
18908,3/4/2014,Restaurant - Chinese,-21.16,CA
18908,3/4/2014,PlayStation Membership,-36.64,CA
18908,3/5/2014,Restaurant - Chinese,-12.27,CA
18908,3/6/2014,Red Box DVD Rental,-33.94,CA
18908,3/6/2014,Pet Supply - Cat Food,-21.24,CA
18908,3/7/2014,Taxi,-18.36,CA
18908,3/7/2014,Pet Supply - Cat Food,-39.85,CA
18908,3/7/2014,Food Delivery - GrubHub,-5.83,CA
18908,3/7/2014,On Demand Movie,-13.65,CA
18908,3/7/2014,PlayStation Membership,-19.92,CA
18908,3/7/2014,Pet Supply - Cat Food,-37.3,CA
18908,3/7/2014,Restaurant - Pizza,-34.82,CA
18908,3/7/2014,Ralph's Grocery Store,-92.04,CA
18908,3/8/2014,Lyft,-11.33,CA
18908,3/8/2014,Wine Delivery,-29.36,CA
18908,3/8/2014,On Demand Movie,-27.2,CA
18908,3/8/2014,Lyft,-16.89,CA
18908,3/9/2014,Restaurant - Chinese,-30.29,CA
18908,3/9/2014,Lyft,-0.27,CA
18908,3/9/2014,Podcast Subscription,-90.93,CA
18908,3/9/2014,Lyft,-16.98,CA
18908,3/9/2014,Lyft,-69.39,CA
18908,3/9/2014,Restaurant - Steakhouse,-21.79,CA
18908,3/9/2014,Red Box DVD Rental,-12.07,CA
18908,3/10/2014,Taxi,-26.2,CA
18908,3/10/2014,Pet Supply - Cat Food,-96.11,CA
18908,3/10/2014,On Demand Movie,-12.9,CA
18908,3/10/2014,Lyft,-28.08,CA
18908,3/10/2014,Uber,-32.09,CA
18908,3/11/2014,Restaurant - Chinese,-15.9,CA
18908,3/12/2014,Taxi,-92.45,CA
18908,3/12/2014,Von's Groceries,-23.34,CA
18908,3/12/2014,Von's Groceries,-8.64,CA
18908,3/12/2014,Taxi,-16.15,CA
18908,3/13/2014,On Demand Movie,-102.32,CA
18908,3/13/2014,Red Box DVD Rental,-11.84,CA
18908,3/14/2014,PlayStation Membership,-9.95,CA
18908,3/15/2014,Time Warne Cable - Late Payment Fee,-71.28,CA
18908,3/15/2014,On Demand TV,-18.62,CA
18908,3/15/2014,Uber,-9.05,CA
18908,3/16/2014,Time Warne Cable - Late Payment Fee,-4.58,CA
18908,3/17/2014,On Demand Movie,-27.03,CA
18908,3/17/2014,Food Delivery - GrubHub,-34.71,CA
18908,3/17/2014,Lyft,-38.35,CA
18908,3/17/2014,Public Transportation - Bus Pass,-5.54,CA
18908,3/17/2014,Restaurant - Burgers,-24.13,CA
18908,3/17/2014,Lyft,-13.62,CA
18908,3/17/2014,Taxi,-3.7,CA
18908,3/17/2014,Restaurant - Pizza,-24.37,CA
18908,3/18/2014,Uber,-6.68,CA
18908,3/19/2014,Bank Fee - Negative Balance,-34.34,CA
18908,3/20/2014,On Demand TV,-1.47,CA
18908,3/20/2014,Podcast Subscription,-4.36,CA
18908,3/20/2014,Food Delivery - Uber Eats,-32.03,CA
18908,3/20/2014,PlayStation Membership,-19.37,CA
18908,3/20/2014,Whole Foods,-32.11,CA
18908,3/20/2014,Pet Supply - Cat Food,-26.14,CA
18908,3/21/2014,Wine Delivery,-27.91,CA
18908,3/21/2014,Taxi,-16.67,CA
18908,3/21/2014,Restaurant - Burgers,-6.46,CA
18908,3/22/2014,On Demand Movie,-3.66,CA
18908,3/22/2014,Food Delivery - Uber Eats,-21.36,CA
18908,3/23/2014,Red Box DVD Rental,-22.09,CA
18908,3/24/2014,Lyft,-30.05,CA
18908,3/24/2014,Restaurant - Pizza,-18.51,CA
18908,3/24/2014,Pet Smart,-9.96,CA
18908,3/24/2014,Food Delivery - GrubHub,-104.26,CA
18908,3/25/2014,Food Delivery - Uber Eats,-14.85,CA
18908,3/26/2014,Pet Supply - Cat Food,-96.94,CA
18908,3/26/2014,Bank Fee - Negative Balance,-29.4,CA
18908,3/26/2014,On Demand TV,-35.23,CA
18908,3/27/2014,Food Delivery - GrubHub,-1.91,CA
18908,3/27/2014,Starbucks Coffee,-37.98,CA
18908,3/28/2014,On Demand TV,-16.32,CA
18908,3/29/2014,Food Delivery - GrubHub,-18.36,CA
18908,3/29/2014,Von's Groceries,-35.01,CA
18908,3/29/2014,Food Delivery - Uber Eats,-53.52,CA
18908,3/29/2014,Food Delivery - GrubHub,-50.98,CA
18908,3/29/2014,Pet Supply - Cat Food,-37.02,CA
18908,3/29/2014,Podcast Subscription,-108.88,CA
18908,3/30/2014,Taxi,-16.82,CA
18908,3/30/2014,Wine Delivery,-17.63,CA
18908,3/30/2014,Food Delivery - GrubHub,-101.16,CA
18908,3/30/2014,Sprouts Market,-18.47,CA
18908,3/30/2014,Lyft,-90.97,CA
18908,3/30/2014,Water & Sewer - Late Payment Penalty,-5.06,CA
18908,3/30/2014,Restaurant - Pizza,-6.71,CA
18908,3/30/2014,Restaurant - Chinese,-107.56,CA
18908,4/2/2014,Paycheck,3124,CA
18908,4/2/2014,Housing Rent,-1001,CA
18908,4/2/2014,Water & Sewer,-53,CA
18908,4/2/2014,Credit Card Payment,-154,CA
18908,4/2/2014,ACS - Student Loans,-135,CA
18908,4/2/2014,Navient - Student Loans,-197,CA
18908,4/2/2014,Gas & Electric,-32,CA
18908,4/2/2014,Netflix Subscription,-4.99,CA
18908,4/2/2014,Lyft,-33.96,CA
18908,4/3/2014,On Demand Movie,-108.37,CA
18908,4/3/2014,Red Box DVD Rental,-6.36,CA
18908,4/3/2014,Von's Groceries,-55.3,CA
18908,4/4/2014,Restaurant - Pizza,-2.49,CA
18908,4/5/2014,Public Transportation - Train Pass,-86.84,CA
18908,4/5/2014,Ralph's Grocery Store,-24.6,CA
18908,4/6/2014,On Demand Movie,-39.99,CA
18908,4/7/2014,Pet Supply - Cat Food,-33.27,CA
18908,4/7/2014,PlayStation Membership,-16.16,CA
18908,4/7/2014,Podcast Subscription,-35.63,CA
18908,4/7/2014,Podcast Subscription,-108.52,CA
18908,4/7/2014,Time Warne Cable - Late Payment Fee,-13.07,CA
18908,4/8/2014,Food Delivery - GrubHub,-3.53,CA
18908,4/8/2014,On Demand Movie,-48.82,CA
18908,4/8/2014,Podcast Subscription,-22.41,CA
18908,4/8/2014,Wine Delivery,-10.8,CA
18908,4/8/2014,Food Delivery - Uber Eats,-25,CA
18908,4/8/2014,Public Transportation - Bus Pass,-27.04,CA
18908,4/8/2014,Public Transportation - Train Pass,-35.32,CA
18908,4/8/2014,Housing Rent - Late Fee,-64.32,CA
18908,4/8/2014,Lyft,-38.94,CA
18908,4/8/2014,Podcast Subscription,-6.01,CA
18908,4/8/2014,Food Delivery - GrubHub,-19.1,CA
18908,4/9/2014,Food Delivery - GrubHub,-25.07,CA
18908,4/9/2014,Time Warne Cable - Late Payment Fee,-13.04,CA
18908,4/9/2014,Housing Rent - Late Fee,-28.1,CA
18908,4/9/2014,Wine Delivery,-1.71,CA
18908,4/10/2014,Pet Supply - Cat Food,-20.54,CA
18908,4/10/2014,Food Delivery - Uber Eats,-13.09,CA
18908,4/11/2014,Lyft,-28.48,CA
18908,4/11/2014,On Demand Movie,-6.62,CA
18908,4/12/2014,Whole Foods,-32.1,CA
18908,4/13/2014,Housing Rent - Late Fee,-19.63,CA
18908,4/13/2014,On Demand TV,-2.07,CA
18908,4/13/2014,Whole Foods,-36.83,CA
18908,4/14/2014,Food Delivery - GrubHub,-71.41,CA
18908,4/15/2014,Starbucks Coffee,-68.85,CA
18908,4/15/2014,Red Box DVD Rental,-22.26,CA
18908,4/15/2014,Wine Delivery,-25.07,CA
18908,4/15/2014,On Demand Movie,-104.77,CA
18908,4/15/2014,Red Box DVD Rental,-35.55,CA
18908,4/15/2014,On Demand Movie,-18.4,CA
18908,4/16/2014,Sprouts Market,-28.49,CA
18908,4/16/2014,On Demand TV,-13.45,CA
18908,4/17/2014,Pet Supply - Cat Food,-12.08,CA
18908,4/18/2014,Water & Sewer - Late Payment Penalty,-5.59,CA
18908,4/18/2014,Ralph's Grocery Store,-36.02,CA
18908,4/18/2014,Red Box DVD Rental,-109.53,CA
18908,4/19/2014,Taxi,-21.2,CA
18908,4/19/2014,Restaurant - Steakhouse,-0.41,CA
18908,4/19/2014,On Demand TV,-85.4,CA
18908,4/20/2014,Wine Delivery,-4.09,CA
18908,4/20/2014,Taxi,-59.44,CA
18908,4/20/2014,Public Transportation - Bus Pass,-39.36,CA
18908,4/20/2014,Lyft,-34.69,CA
18908,4/21/2014,Red Box DVD Rental,-31.45,CA
18908,4/22/2014,PlayStation Membership,-27.43,CA
18908,4/22/2014,Restaurant - Steakhouse,-19.71,CA
18908,4/22/2014,On Demand TV,-1.25,CA
18908,4/22/2014,On Demand TV,-28.76,CA
18908,4/22/2014,Red Box DVD Rental,-25.34,CA
18908,4/22/2014,Podcast Subscription,-107.76,CA
18908,4/22/2014,Whole Foods,-28.57,CA
18908,4/22/2014,Food Delivery - GrubHub,-33.93,CA
18908,4/22/2014,Lyft,-18.75,CA
18908,4/23/2014,Pet Supply - Cat Food,-26.87,CA
18908,4/23/2014,Pet Smart,-25.28,CA
18908,4/23/2014,Restaurant - Burgers,-30.64,CA
18908,4/24/2014,Podcast Subscription,-12.91,CA
18908,4/25/2014,Restaurant - Pizza,-23.34,CA
18908,4/25/2014,Wine Delivery,-1.5,CA
18908,4/25/2014,Taxi,-37.23,CA
18908,4/26/2014,Taxi,-13.41,CA
18908,4/26/2014,Food Delivery - Uber Eats,-106.49,CA
18908,4/27/2014,On Demand Movie,-26.54,CA
18908,4/28/2014,Food Delivery - GrubHub,-30.39,CA
18908,4/28/2014,Public Transportation - Bus Pass,-12.73,CA
18908,4/28/2014,Food Delivery - GrubHub,-12.03,CA
18908,4/28/2014,Pet Supply - Cat Food,-13.82,CA
18908,4/29/2014,Red Box DVD Rental,-3.81,CA
18908,4/29/2014,Pet Smart,-5.49,CA
18908,4/30/2014,Von's Groceries,-6.16,CA
18908,4/30/2014,Food Delivery - GrubHub,-54.89,CA
18908,4/30/2014,Sprouts Market,-39.31,CA
18908,5/2/2014,Housing Rent,-792,CA
18908,5/2/2014,Water & Sewer,-53,CA
18908,5/2/2014,Credit Card Payment,-154,CA
18908,5/2/2014,ACS - Student Loans,-135,CA
18908,5/2/2014,Navient - Student Loans,-197,CA
18908,5/2/2014,Gas & Electric,-32,CA
18908,5/2/2014,Netflix Subscription,-4.99,CA
18908,5/2/2014,Public Transportation - Train Pass,-10.2,CA
18908,5/3/2014,Whole Foods,-3.07,CA
18908,5/3/2014,Public Transportation - Train Pass,-15.52,CA
18908,5/4/2014,Housing Rent - Late Fee,-30.64,CA
18908,5/4/2014,On Demand TV,-35.35,CA
18908,5/4/2014,Taxi,-57.39,CA
18908,5/4/2014,Pet Smart,-0.03,CA
18908,5/4/2014,Taxi,-2.94,CA
18908,5/4/2014,Wine Delivery,-10.35,CA
18908,5/4/2014,On Demand Movie,-31.24,CA
18908,5/5/2014,Food Delivery - GrubHub,-31.92,CA
18908,5/5/2014,Podcast Subscription,-12.6,CA
18908,5/6/2014,On Demand Movie,-32.95,CA
18908,5/6/2014,Ralph's Grocery Store,-36.47,CA
18908,5/6/2014,Wine Delivery,-15.13,CA
18908,5/6/2014,Red Box DVD Rental,-16.78,CA
18908,5/7/2014,Podcast Subscription,-52.25,CA
18908,5/8/2014,Wine Delivery,-30.77,CA
18908,5/8/2014,PlayStation Membership,-18.09,CA
18908,5/9/2014,Food Delivery - GrubHub,-37.07,CA
18908,5/10/2014,On Demand Movie,-2.07,CA
18908,5/11/2014,On Demand TV,-35.83,CA
18908,5/11/2014,PlayStation Membership,-29.15,CA
18908,5/11/2014,Restaurant - Pizza,-14.18,CA
18908,5/11/2014,Public Transportation - Train Pass,-49.21,CA
18908,5/11/2014,Bank Fee - Negative Balance,-3.3,CA
18908,5/11/2014,Public Transportation - Train Pass,-46.11,CA
18908,5/12/2014,Pet Supply - Cat Food,-108.12,CA
18908,5/12/2014,Pet Smart,-45.78,CA
18908,5/12/2014,Wine Delivery,-31.4,CA
18908,5/12/2014,Food Delivery - GrubHub,-73.84,CA
18908,5/12/2014,Red Box DVD Rental,-37.73,CA
18908,5/13/2014,Restaurant - Burgers,-34.24,CA
18908,5/13/2014,Ralph's Grocery Store,-10.63,CA
18908,5/13/2014,Red Box DVD Rental,-29.85,CA
18908,5/13/2014,Food Delivery - Uber Eats,-9.64,CA
18908,5/14/2014,Wine Delivery,-106.69,CA
18908,5/14/2014,On Demand Movie,-14.56,CA
18908,5/14/2014,PlayStation Membership,-25.66,CA
18908,5/14/2014,Taxi,-22.26,CA
18908,5/15/2014,Public Transportation - Train Pass,-31.42,CA
18908,5/15/2014,Restaurant - Pizza,-18.63,CA
18908,5/15/2014,Restaurant - Burgers,-33.96,CA
18908,5/15/2014,Credit Card Overdraft Fee,-7.53,CA
18908,5/15/2014,Lyft,-21.87,CA
18908,5/16/2014,Sprouts Market,-13.88,CA
18908,5/17/2014,Water & Sewer - Late Payment Penalty,-10.76,CA
18908,5/17/2014,Water & Sewer - Late Payment Penalty,-55.51,CA
18908,5/17/2014,On Demand TV,-65.48,CA
18908,5/18/2014,Wine Delivery,-28.78,CA
18908,5/18/2014,Housing Rent - Late Fee,-81.21,CA
18908,5/19/2014,Restaurant - Pizza,-28.71,CA
18908,5/19/2014,On Demand TV,-35.24,CA
18908,5/19/2014,Public Transportation - Train Pass,-65.39,CA
18908,5/20/2014,Wine Delivery,-31.26,CA
18908,5/21/2014,Pet Supply - Cat Food,-22.12,CA
18908,5/21/2014,Uber,-20.57,CA
18908,5/21/2014,Sprouts Market,-33.14,CA
18908,5/21/2014,Food Delivery - GrubHub,-16.88,CA
18908,5/21/2014,Whole Foods,-11.98,CA
18908,5/21/2014,Podcast Subscription,-24.26,CA
18908,5/21/2014,Food Delivery - GrubHub,-0.64,CA
18908,5/21/2014,On Demand Movie,-7.82,CA
18908,5/21/2014,Pet Smart,-3.28,CA
18908,5/21/2014,Food Delivery - Uber Eats,-16.44,CA
18908,5/21/2014,On Demand TV,-36.12,CA
18908,5/22/2014,On Demand Movie,-30.75,CA
18908,5/22/2014,Von's Groceries,-7.93,CA
18908,5/23/2014,Food Delivery - GrubHub,-11.33,CA
18908,5/24/2014,On Demand TV,-5.12,CA
18908,5/24/2014,Podcast Subscription,-26.63,CA
18908,5/24/2014,Restaurant - Pizza,-62.41,CA
18908,5/25/2014,Wine Delivery,-23.68,CA
18908,5/25/2014,Podcast Subscription,-49.5,CA
18908,5/25/2014,Lyft,-114.03,CA
18908,5/25/2014,Food Delivery - GrubHub,-24.58,CA
18908,5/25/2014,Food Delivery - Uber Eats,-19.64,CA
18908,5/25/2014,On Demand Movie,-0.42,CA
18908,5/25/2014,Wine Delivery,-35.92,CA
18908,5/26/2014,Public Transportation - Bus Pass,-56.98,CA
18908,5/26/2014,Podcast Subscription,-36.44,CA
18908,5/26/2014,On Demand TV,-101.71,CA
18908,5/26/2014,On Demand Movie,-21.61,CA
18908,5/26/2014,Podcast Subscription,-33.64,CA
18908,5/26/2014,Taxi,-109.08,CA
18908,5/27/2014,On Demand Movie,-3.94,CA
18908,5/27/2014,Red Box DVD Rental,-3.12,CA
18908,5/27/2014,PlayStation Membership,-6.79,CA
18908,5/27/2014,Pet Supply - Cat Food,-3.64,CA
18908,5/27/2014,Ralph's Grocery Store,-56.83,CA
18908,5/27/2014,On Demand TV,-11.02,CA
18908,5/27/2014,Wine Delivery,-8.16,CA
18908,5/28/2014,Podcast Subscription,-6.88,CA
18908,5/28/2014,Taxi,-21.93,CA
18908,5/29/2014,Food Delivery - GrubHub,-31.65,CA
18908,5/29/2014,Restaurant - Burgers,-49.64,CA
18908,5/29/2014,Taxi,-28.22,CA
18908,5/30/2014,Public Transportation - Bus Pass,-11.26,CA
18908,5/30/2014,Red Box DVD Rental,-4.79,CA
18908,5/30/2014,Starbucks Coffee,-119.84,CA
18908,5/30/2014,Public Transportation - Train Pass,-31.45,CA
18908,5/30/2014,On Demand TV,-12.58,CA
18908,6/2/2014,Housing Rent,-836,CA
18908,6/2/2014,Water & Sewer,-53,CA
18908,6/2/2014,Credit Card Payment,-154,CA
18908,6/2/2014,ACS - Student Loans,-135,CA
18908,6/2/2014,Navient - Student Loans,-197,CA
18908,6/2/2014,Gas & Electric,-32,CA
18908,6/2/2014,Netflix Subscription,-4.99,CA
18908,6/2/2014,Starbucks Coffee,-20.28,CA
18908,6/2/2014,Taxi,-0.38,CA
18908,6/2/2014,Von's Groceries,-43.34,CA
18908,6/2/2014,Bank Fee - Negative Balance,-25.12,CA
18908,6/2/2014,Food Delivery - GrubHub,-29.36,CA
18908,6/2/2014,Food Delivery - GrubHub,-31.54,CA
18908,6/3/2014,Public Transportation - Train Pass,-37.66,CA
18908,6/4/2014,On Demand TV,-0.68,CA
18908,6/5/2014,Public Transportation - Train Pass,-90.65,CA
18908,6/5/2014,PlayStation Membership,-53.57,CA
18908,6/6/2014,Wine Delivery,-63.87,CA
18908,6/6/2014,Food Delivery - GrubHub,-8.4,CA
18908,6/6/2014,Credit Card Overdraft Fee,-4.93,CA
18908,6/7/2014,Pet Smart,-15.94,CA
18908,6/8/2014,Food Delivery - Uber Eats,-6.66,CA
18908,6/8/2014,Wine Delivery,-23.65,CA
18908,6/8/2014,Restaurant - Burgers,-3.15,CA
18908,6/8/2014,On Demand TV,-110.8,CA
18908,6/8/2014,Restaurant - Pizza,-35.06,CA
18908,6/8/2014,Public Transportation - Train Pass,-15.39,CA
18908,6/9/2014,Public Transportation - Train Pass,-19.12,CA
18908,6/10/2014,Taxi,-0.04,CA
18908,6/10/2014,Pet Supply - Cat Food,-86.93,CA
18908,6/10/2014,Pet Supply - Cat Food,-76.29,CA
18908,6/11/2014,Wine Delivery,-39.6,CA
18908,6/12/2014,Restaurant - Burgers,-31.52,CA
18908,6/12/2014,On Demand TV,-14.97,CA
18908,6/12/2014,Food Delivery - Uber Eats,-72.77,CA
18908,6/12/2014,On Demand TV,-9.61,CA
18908,6/13/2014,Whole Foods,-18.52,CA
18908,6/13/2014,Whole Foods,-36.22,CA
18908,6/14/2014,Sprouts Market,-117.68,CA
18908,6/15/2014,On Demand Movie,-9.56,CA
18908,6/15/2014,Public Transportation - Bus Pass,-14.21,CA
18908,6/15/2014,Pet Supply - Cat Food,-20.3,CA
18908,6/16/2014,Sprouts Market,-39.39,CA
18908,6/16/2014,Food Delivery - Uber Eats,-27.58,CA
18908,6/16/2014,Sprouts Market,-17.55,CA
18908,6/16/2014,Public Transportation - Bus Pass,-102.8,CA
18908,6/16/2014,Lyft,-3.51,CA
18908,6/16/2014,Pet Smart,-22.74,CA
18908,6/16/2014,Food Delivery - GrubHub,-41.62,CA
18908,6/17/2014,Uber,-17.55,CA
18908,6/17/2014,Wine Delivery,-9.89,CA
18908,6/17/2014,Food Delivery - GrubHub,-8.8,CA
18908,6/17/2014,Restaurant - Steakhouse,-11.99,CA
18908,6/17/2014,PlayStation Membership,-14.14,CA
18908,6/18/2014,Restaurant - Chinese,-15.11,CA
18908,6/18/2014,On Demand TV,-37.02,CA
18908,6/18/2014,Red Box DVD Rental,-4.89,CA
18908,6/18/2014,Wine Delivery,-117.4,CA
18908,6/18/2014,On Demand Movie,-3.11,CA
18908,6/19/2014,Podcast Subscription,-60.8,CA
18908,6/19/2014,Food Delivery - GrubHub,-31.88,CA
18908,6/20/2014,Public Transportation - Train Pass,-28.09,CA
18908,6/20/2014,Restaurant - Pizza,-1.92,CA
18908,6/21/2014,On Demand Movie,-19.88,CA
18908,6/22/2014,Sprouts Market,-113.42,CA
18908,6/23/2014,Red Box DVD Rental,-11.22,CA
18908,6/23/2014,Public Transportation - Train Pass,-26.4,CA
18908,6/24/2014,Taxi,-11.65,CA
18908,6/24/2014,On Demand Movie,-7.18,CA
18908,6/25/2014,Uber,-4.65,CA
18908,6/25/2014,PlayStation Membership,-35.33,CA
18908,6/25/2014,Lyft,-1.19,CA
18908,6/25/2014,Taxi,-91.32,CA
18908,6/25/2014,Podcast Subscription,-39.83,CA
18908,6/26/2014,Restaurant - Pizza,-2.6,CA
18908,6/26/2014,Public Transportation - Train Pass,-78.38,CA
18908,6/26/2014,Restaurant - Steakhouse,-71.1,CA
18908,6/27/2014,Uber,-17.57,CA
18908,6/27/2014,On Demand TV,-18.83,CA
18908,6/28/2014,Uber,-24.59,CA
18908,6/28/2014,Wine Delivery,-43.15,CA
18908,6/28/2014,Housing Rent - Late Fee,-16.33,CA
18908,6/28/2014,Credit Card Overdraft Fee,-25.62,CA
18908,6/28/2014,Taxi,-98.43,CA
18908,6/29/2014,Food Delivery - Uber Eats,-23.1,CA
18908,6/29/2014,PlayStation Membership,-39.72,CA
18908,6/29/2014,Public Transportation - Bus Pass,-24.42,CA
18908,6/29/2014,Food Delivery - GrubHub,-9.46,CA
18908,6/30/2014,Public Transportation - Train Pass,-44.11,CA
18908,7/2/2014,Housing Rent,-1115,CA
18908,7/2/2014,Water & Sewer,-53,CA
18908,7/2/2014,Credit Card Payment,-154,CA
18908,7/2/2014,ACS - Student Loans,-135,CA
18908,7/2/2014,Navient - Student Loans,-197,CA
18908,7/2/2014,Gas & Electric,-32,CA
18908,7/2/2014,Netflix Subscription,-4.99,CA
18908,7/2/2014,Food Delivery - Uber Eats,-2.15,CA
18908,7/3/2014,Food Delivery - Uber Eats,-32.33,CA
18908,7/3/2014,On Demand TV,-14.91,CA
18908,7/3/2014,Restaurant - Steakhouse,-11.53,CA
18908,7/3/2014,Pet Supply - Cat Food,-14.33,CA
18908,7/4/2014,Ralph's Grocery Store,-9.96,CA
18908,7/4/2014,Podcast Subscription,-16.06,CA
18908,7/4/2014,Pet Smart,-5.24,CA
18908,7/4/2014,On Demand TV,-16.24,CA
18908,7/5/2014,On Demand TV,-31.35,CA
18908,7/6/2014,Pet Smart,-32.79,CA
18908,7/7/2014,Wine Delivery,-50.37,CA
18908,7/7/2014,On Demand Movie,-12.24,CA
18908,7/8/2014,Podcast Subscription,-14.19,CA
18908,7/8/2014,Lyft,-56.36,CA
18908,7/9/2014,Food Delivery - GrubHub,-31.86,CA
18908,7/10/2014,Restaurant - Burgers,-34.42,CA
18908,7/11/2014,Pet Supply - Cat Food,-32.46,CA
18908,7/11/2014,Starbucks Coffee,-12.08,CA
18908,7/11/2014,Wine Delivery,-30.05,CA
18908,7/12/2014,PlayStation Membership,-18.43,CA
18908,7/12/2014,Public Transportation - Bus Pass,-24.33,CA
18908,7/12/2014,Credit Card Overdraft Fee,-22.32,CA
18908,7/12/2014,Food Delivery - Uber Eats,-20.79,CA
18908,7/12/2014,Lyft,-73.18,CA
18908,7/12/2014,Red Box DVD Rental,-23.84,CA
18908,7/12/2014,Podcast Subscription,-10.66,CA
18908,7/13/2014,Pet Supply - Cat Food,-48.55,CA
18908,7/14/2014,Credit Card Overdraft Fee,-23.08,CA
18908,7/15/2014,Pet Smart,-33.16,CA
18908,7/15/2014,Lyft,-24.54,CA
18908,7/15/2014,Pet Supply - Cat Food,-22.84,CA
18908,7/15/2014,On Demand TV,-8.12,CA
18908,7/15/2014,Lyft,-2.26,CA
18908,7/15/2014,PlayStation Membership,-17.35,CA
18908,7/16/2014,Wine Delivery,-16.28,CA
18908,7/16/2014,Podcast Subscription,-78.24,CA
18908,7/16/2014,Wine Delivery,-10.56,CA
18908,7/17/2014,Public Transportation - Train Pass,-30.1,CA
18908,7/17/2014,PlayStation Membership,-95.5,CA
18908,7/17/2014,Taxi,-56.71,CA
18908,7/17/2014,Restaurant - Pizza,-24.32,CA
18908,7/17/2014,Food Delivery - Uber Eats,-3.84,CA
18908,7/18/2014,Starbucks Coffee,-38.98,CA
18908,7/18/2014,PlayStation Membership,-32.79,CA
18908,7/19/2014,Pet Smart,-38.91,CA
18908,7/19/2014,Pet Supply - Cat Food,-22.14,CA
18908,7/20/2014,Pet Smart,-18.03,CA
18908,7/21/2014,Wine Delivery,-61.21,CA
18908,7/21/2014,Podcast Subscription,-17.26,CA
18908,7/22/2014,Red Box DVD Rental,-14.49,CA
18908,7/22/2014,Bank Fee - Negative Balance,-16.48,CA
18908,7/22/2014,Pet Smart,-9.96,CA
18908,7/22/2014,On Demand Movie,-32.81,CA
18908,7/22/2014,Pet Smart,-39.11,CA
18908,7/22/2014,Taxi,-9.64,CA
18908,7/22/2014,Restaurant - Chinese,-14.03,CA
18908,7/23/2014,Taxi,-33.31,CA
18908,7/24/2014,Public Transportation - Train Pass,-26.88,CA
18908,7/24/2014,Public Transportation - Bus Pass,-29.44,CA
18908,7/24/2014,Whole Foods,-12.87,CA
18908,7/24/2014,Pet Supply - Cat Food,-69.91,CA
18908,7/25/2014,Wine Delivery,-92.53,CA
18908,7/25/2014,Food Delivery - GrubHub,-26.48,CA
18908,7/25/2014,Food Delivery - GrubHub,-12.69,CA
18908,7/26/2014,On Demand Movie,-31.33,CA
18908,7/27/2014,PlayStation Membership,-87.93,CA
18908,7/27/2014,PlayStation Membership,-104.07,CA
18908,7/28/2014,Wine Delivery,-18.7,CA
18908,7/29/2014,Wine Delivery,-4.06,CA
18908,7/30/2014,Food Delivery - Uber Eats,-15.37,CA
18908,7/30/2014,Von's Groceries,-5.87,CA
18908,7/30/2014,Pet Supply - Cat Food,-30.42,CA
18908,7/30/2014,Lyft,-97.59,CA
18908,7/30/2014,On Demand Movie,-36.12,CA
18908,8/2/2014,Housing Rent,-1233,CA
18908,8/2/2014,Water & Sewer,-53,CA
18908,8/2/2014,Credit Card Payment,-154,CA
18908,8/2/2014,ACS - Student Loans,-135,CA
18908,8/2/2014,Navient - Student Loans,-197,CA
18908,8/2/2014,Gas & Electric,-32,CA
18908,8/2/2014,Netflix Subscription,-4.99,CA
18908,8/2/2014,Ralph's Grocery Store,-63.78,CA
18908,8/3/2014,Food Delivery - GrubHub,-9.87,CA
18908,8/3/2014,Pet Supply - Cat Food,-21,CA
18908,8/3/2014,Red Box DVD Rental,-1.71,CA
18908,8/3/2014,Podcast Subscription,-13.52,CA
18908,8/3/2014,Red Box DVD Rental,-12.58,CA
18908,8/3/2014,Public Transportation - Bus Pass,-103.81,CA
18908,8/3/2014,Public Transportation - Bus Pass,-14.13,CA
18908,8/4/2014,Wine Delivery,-22.66,CA
18908,8/4/2014,Restaurant - Burgers,-14.32,CA
18908,8/4/2014,Food Delivery - GrubHub,-117.52,CA
18908,8/4/2014,Podcast Subscription,-20.27,CA
18908,8/4/2014,On Demand Movie,-18.13,CA
18908,8/4/2014,Pet Smart,-23.6,CA
18908,8/4/2014,Housing Rent - Late Fee,-0.02,CA
18908,8/4/2014,Ralph's Grocery Store,-34.04,CA
18908,8/5/2014,Restaurant - Chinese,-32.68,CA
18908,8/6/2014,Food Delivery - Uber Eats,-8.77,CA
18908,8/7/2014,Credit Card Overdraft Fee,-115.42,CA
18908,8/7/2014,Food Delivery - GrubHub,-34.7,CA
18908,8/7/2014,Pet Smart,-23.77,CA
18908,8/7/2014,Podcast Subscription,-37.27,CA
18908,8/7/2014,Credit Card Overdraft Fee,-29.79,CA
18908,8/8/2014,Von's Groceries,-38.87,CA
18908,8/9/2014,Restaurant - Chinese,-32.43,CA
18908,8/9/2014,Lyft,-73.27,CA
18908,8/9/2014,Red Box DVD Rental,-32.27,CA
18908,8/10/2014,Food Delivery - GrubHub,-8.52,CA
18908,8/10/2014,Uber,-19.89,CA
18908,8/10/2014,Starbucks Coffee,-38.29,CA
18908,8/10/2014,Podcast Subscription,-14.06,CA
18908,8/10/2014,Starbucks Coffee,-30.3,CA
18908,8/10/2014,Time Warne Cable - Late Payment Fee,-39.53,CA
18908,8/10/2014,Pet Smart,-26.88,CA
18908,8/10/2014,Restaurant - Chinese,-35.37,CA
18908,8/11/2014,Public Transportation - Bus Pass,-9.38,CA
18908,8/11/2014,Red Box DVD Rental,-10.37,CA
18908,8/11/2014,Restaurant - Chinese,-113.81,CA
18908,8/11/2014,Red Box DVD Rental,-108.21,CA
18908,8/12/2014,Public Transportation - Train Pass,-97.49,CA
18908,8/12/2014,Red Box DVD Rental,-18.74,CA
18908,8/13/2014,Wine Delivery,-36.98,CA
18908,8/13/2014,Food Delivery - GrubHub,-21.92,CA
18908,8/13/2014,Podcast Subscription,-39.72,CA
18908,8/13/2014,Restaurant - Burgers,-13.21,CA
18908,8/13/2014,Bank Fee - Negative Balance,-17.18,CA
18908,8/13/2014,Podcast Subscription,-25.3,CA
18908,8/13/2014,PlayStation Membership,-23.28,CA
18908,8/13/2014,Food Delivery - GrubHub,-37.53,CA
18908,8/13/2014,Restaurant - Chinese,-83.03,CA
18908,8/13/2014,Food Delivery - GrubHub,-4.9,CA
18908,8/13/2014,Pet Supply - Cat Food,-90.77,CA
18908,8/13/2014,Lyft,-15.06,CA
18908,8/13/2014,Uber,-35.92,CA
18908,8/13/2014,Taxi,-33.99,CA
18908,8/13/2014,Lyft,-11.28,CA
18908,8/14/2014,On Demand Movie,-25,CA
18908,8/14/2014,On Demand TV,-98.4,CA
18908,8/14/2014,Food Delivery - Uber Eats,-14.13,CA
18908,8/14/2014,Pet Smart,-0.01,CA
18908,8/14/2014,Food Delivery - GrubHub,-94.76,CA
18908,8/14/2014,Credit Card Overdraft Fee,-10.91,CA
18908,8/14/2014,Food Delivery - Uber Eats,-17.02,CA
18908,8/15/2014,Food Delivery - Uber Eats,-31.95,CA
18908,8/15/2014,Food Delivery - Uber Eats,-23.66,CA
18908,8/15/2014,Pet Smart,-22.71,CA
18908,8/15/2014,Taxi,-28.36,CA
18908,8/15/2014,Food Delivery - GrubHub,-24.79,CA
18908,8/16/2014,Ralph's Grocery Store,-7.42,CA
18908,8/16/2014,Whole Foods,-69.76,CA
18908,8/16/2014,Lyft,-52.08,CA
18908,8/16/2014,Wine Delivery,-17.41,CA
18908,8/16/2014,Von's Groceries,-47.63,CA
18908,8/16/2014,Whole Foods,-32.44,CA
18908,8/16/2014,On Demand TV,-118.82,CA
18908,8/16/2014,Ralph's Grocery Store,-23.74,CA
18908,8/16/2014,Red Box DVD Rental,-19.89,CA
18908,8/16/2014,Wine Delivery,-10.26,CA
18908,8/16/2014,Lyft,-21.87,CA
18908,8/17/2014,On Demand TV,-3.78,CA
18908,8/17/2014,Whole Foods,-16.3,CA
18908,8/17/2014,Food Delivery - Uber Eats,-116.48,CA
18908,8/18/2014,Von's Groceries,-8.47,CA
18908,8/18/2014,On Demand TV,-28.8,CA
18908,8/19/2014,Red Box DVD Rental,-6.76,CA
18908,8/19/2014,Credit Card Overdraft Fee,-13.44,CA
18908,8/19/2014,PlayStation Membership,-18.55,CA
18908,8/19/2014,Public Transportation - Train Pass,-18.15,CA
18908,8/19/2014,Lyft,-28.93,CA
18908,8/20/2014,Lyft,-34.28,CA
18908,8/20/2014,Taxi,-22.45,CA
18908,8/21/2014,Pet Supply - Cat Food,-17.76,CA
18908,8/22/2014,Restaurant - Pizza,-14.92,CA
18908,8/22/2014,Ralph's Grocery Store,-33.43,CA
18908,8/22/2014,Lyft,-111.35,CA
18908,8/22/2014,Water & Sewer - Late Payment Penalty,-23.85,CA
18908,8/23/2014,Food Delivery - GrubHub,-9.96,CA
18908,8/23/2014,Red Box DVD Rental,-29.84,CA
18908,8/23/2014,Starbucks Coffee,-11.34,CA
18908,8/23/2014,Pet Smart,-4.29,CA
18908,8/23/2014,Red Box DVD Rental,-27.34,CA
18908,8/24/2014,Podcast Subscription,-22.39,CA
18908,8/25/2014,Lyft,-32,CA
18908,8/25/2014,Lyft,-0.08,CA
18908,8/25/2014,Uber,-20.13,CA
18908,8/25/2014,Restaurant - Burgers,-35.95,CA
18908,8/25/2014,Credit Card Overdraft Fee,-31.57,CA
18908,8/26/2014,Uber,-105.94,CA
18908,8/26/2014,Pet Supply - Cat Food,-33.57,CA
18908,8/26/2014,Credit Card Overdraft Fee,-37.45,CA
18908,8/26/2014,Public Transportation - Train Pass,-33.6,CA
18908,8/27/2014,Restaurant - Pizza,-22.61,CA
18908,8/27/2014,Von's Groceries,-8.43,CA
18908,8/28/2014,Pet Smart,-27.3,CA
18908,8/28/2014,Lyft,-21.53,CA
18908,8/28/2014,Lyft,-84.04,CA
18908,8/28/2014,PlayStation Membership,-31.12,CA
18908,8/28/2014,Starbucks Coffee,-5.6,CA
18908,8/28/2014,Pet Smart,-86.41,CA
18908,8/28/2014,Podcast Subscription,-4.74,CA
18908,8/28/2014,Taxi,-38.29,CA
18908,8/28/2014,Public Transportation - Bus Pass,-21.09,CA
18908,8/29/2014,Taxi,-7.5,CA
18908,8/30/2014,Public Transportation - Train Pass,-4.07,CA
18908,9/2/2014,Housing Rent,-1176,CA
18908,9/2/2014,Water & Sewer,-53,CA
18908,9/2/2014,Credit Card Payment,-154,CA
18908,9/2/2014,ACS - Student Loans,-135,CA
18908,9/2/2014,Navient - Student Loans,-197,CA
18908,9/2/2014,Gas & Electric,-32,CA
18908,9/2/2014,Netflix Subscription,-4.99,CA
18908,9/2/2014,Credit Card Overdraft Fee,-13.75,CA
18908,9/3/2014,Public Transportation - Train Pass,-85.84,CA
18908,9/4/2014,Food Delivery - GrubHub,-10.22,CA
18908,9/5/2014,Food Delivery - GrubHub,-11.98,CA
18908,9/5/2014,Food Delivery - Uber Eats,-35.02,CA
18908,9/6/2014,Public Transportation - Train Pass,-13.64,CA
18908,9/6/2014,Food Delivery - Uber Eats,-21.66,CA
18908,9/7/2014,Pet Smart,-6.47,CA
18908,9/7/2014,Wine Delivery,-85.15,CA
18908,9/7/2014,Uber,-7.71,CA
18908,9/7/2014,On Demand TV,-31.29,CA
18908,9/7/2014,Restaurant - Steakhouse,-18.83,CA
18908,9/8/2014,Taxi,-37.66,CA
18908,9/8/2014,Uber,-23.32,CA
18908,9/8/2014,Food Delivery - GrubHub,-23.91,CA
18908,9/8/2014,Food Delivery - Uber Eats,-23.36,CA
18908,9/8/2014,Public Transportation - Train Pass,-13.91,CA
18908,9/9/2014,On Demand TV,-17.83,CA
18908,9/9/2014,Pet Supply - Cat Food,-1.83,CA
18908,9/10/2014,Uber,-12.78,CA
18908,9/10/2014,PlayStation Membership,-12.17,CA
18908,9/10/2014,Wine Delivery,-30.68,CA
18908,9/10/2014,On Demand TV,-20.52,CA
18908,9/10/2014,PlayStation Membership,-3.97,CA
18908,9/11/2014,Wine Delivery,-25.53,CA
18908,9/12/2014,Restaurant - Steakhouse,-25.01,CA
18908,9/13/2014,Pet Smart,-16.09,CA
18908,9/13/2014,Restaurant - Steakhouse,-92.22,CA
18908,9/14/2014,Taxi,-34.96,CA
18908,9/15/2014,Lyft,-24.25,CA
18908,9/15/2014,Pet Supply - Cat Food,-33.94,CA
18908,9/15/2014,Taxi,-87.13,CA
18908,9/15/2014,On Demand TV,-36.2,CA
18908,9/15/2014,Public Transportation - Train Pass,-29.66,CA
18908,9/16/2014,Restaurant - Chinese,-6.93,CA
18908,9/16/2014,On Demand TV,-115.23,CA
18908,9/16/2014,Ralph's Grocery Store,-9.99,CA
18908,9/17/2014,On Demand Movie,-10.95,CA
18908,9/17/2014,Lyft,-14.9,CA
18908,9/17/2014,Podcast Subscription,-98.2,CA
18908,9/17/2014,PlayStation Membership,-19.75,CA
18908,9/18/2014,Food Delivery - GrubHub,-51.54,CA
18908,9/19/2014,Time Warne Cable - Late Payment Fee,-19.22,CA
18908,9/20/2014,Food Delivery - Uber Eats,-38.92,CA
18908,9/21/2014,Wine Delivery,-25.99,CA
18908,9/22/2014,Food Delivery - GrubHub,-37.05,CA
18908,9/22/2014,Food Delivery - GrubHub,-18.23,CA
18908,9/22/2014,On Demand TV,-23.52,CA
18908,9/23/2014,Podcast Subscription,-14.85,CA
18908,9/24/2014,Pet Supply - Cat Food,-8.86,CA
18908,9/24/2014,Lyft,-59.66,CA
18908,9/24/2014,Taxi,-37.04,CA
18908,9/24/2014,On Demand TV,-25.12,CA
18908,9/25/2014,Von's Groceries,-37.66,CA
18908,9/25/2014,On Demand Movie,-9.2,CA
18908,9/25/2014,Pet Supply - Cat Food,-7.56,CA
18908,9/25/2014,Wine Delivery,-37.4,CA
18908,9/26/2014,Restaurant - Pizza,-27.99,CA
18908,9/26/2014,Food Delivery - Uber Eats,-29.97,CA
18908,9/27/2014,PlayStation Membership,-41.95,CA
18908,9/27/2014,Food Delivery - Uber Eats,-114.13,CA
18908,9/27/2014,Food Delivery - Uber Eats,-19.95,CA
18908,9/27/2014,Pet Smart,-25.67,CA
18908,9/27/2014,Sprouts Market,-3.33,CA
18908,9/27/2014,Uber,-31.06,CA
18908,9/27/2014,Food Delivery - Uber Eats,-3.01,CA
18908,9/28/2014,On Demand Movie,-86.04,CA
18908,9/28/2014,Pet Supply - Cat Food,-76.59,CA
18908,9/28/2014,Food Delivery - Uber Eats,-79.04,CA
18908,9/29/2014,Taxi,-28.7,CA
18908,9/30/2014,Wine Delivery,-23.41,CA
18908,10/2/2014,Housing Rent,-701,CA
18908,10/2/2014,Water & Sewer,-53,CA
18908,10/2/2014,Credit Card Payment,-154,CA
18908,10/2/2014,ACS - Student Loans,-135,CA
18908,10/2/2014,Navient - Student Loans,-197,CA
18908,10/2/2014,Gas & Electric,-32,CA
18908,10/2/2014,Netflix Subscription,-4.99,CA
18908,10/2/2014,Food Delivery - GrubHub,-23.9,CA
18908,10/2/2014,On Demand Movie,-3.12,CA
18908,10/3/2014,PlayStation Membership,-71.95,CA
18908,10/3/2014,Sprouts Market,-12.38,CA
18908,10/3/2014,On Demand TV,-28.2,CA
18908,10/4/2014,Red Box DVD Rental,-2.71,CA
18908,10/4/2014,On Demand TV,-3.85,CA
18908,10/4/2014,Pet Smart,-0.75,CA
18908,10/4/2014,Uber,-94.28,CA
18908,10/4/2014,Pet Smart,-14.47,CA
18908,10/4/2014,Podcast Subscription,-36.57,CA
18908,10/5/2014,Wine Delivery,-77.13,CA
18908,10/5/2014,Uber,-25.54,CA
18908,10/5/2014,Uber,-36.45,CA
18908,10/5/2014,PlayStation Membership,-4.86,CA
18908,10/5/2014,Food Delivery - Uber Eats,-20.17,CA
18908,10/6/2014,PlayStation Membership,-3.89,CA
18908,10/7/2014,Water & Sewer - Late Payment Penalty,-25.24,CA
18908,10/7/2014,Podcast Subscription,-1.37,CA
18908,10/7/2014,Public Transportation - Train Pass,-48.5,CA
18908,10/8/2014,Public Transportation - Bus Pass,-87.58,CA
18908,10/8/2014,Whole Foods,-32.36,CA
18908,10/8/2014,Pet Supply - Cat Food,-90.03,CA
18908,10/8/2014,Red Box DVD Rental,-26.57,CA
18908,10/9/2014,Public Transportation - Bus Pass,-96.41,CA
18908,10/10/2014,Pet Supply - Cat Food,-67.32,CA
18908,10/10/2014,Food Delivery - GrubHub,-0.47,CA
18908,10/10/2014,Restaurant - Burgers,-29.76,CA
18908,10/11/2014,Housing Rent - Late Fee,-0.5,CA
18908,10/11/2014,Bank Fee - Negative Balance,-19.89,CA
18908,10/11/2014,Podcast Subscription,-13.44,CA
18908,10/11/2014,Public Transportation - Bus Pass,-25.25,CA
18908,10/11/2014,Pet Supply - Cat Food,-8.31,CA
18908,10/11/2014,Housing Rent - Late Fee,-16.17,CA
18908,10/11/2014,Ralph's Grocery Store,-17.71,CA
18908,10/12/2014,Food Delivery - GrubHub,-23.35,CA
18908,10/13/2014,On Demand Movie,-15.91,CA
18908,10/13/2014,Starbucks Coffee,-21.47,CA
18908,10/14/2014,Whole Foods,-77.77,CA
18908,10/15/2014,Restaurant - Pizza,-4.24,CA
18908,10/15/2014,Starbucks Coffee,-37.58,CA
18908,10/16/2014,PlayStation Membership,-76.92,CA
18908,10/16/2014,Lyft,-8.41,CA
18908,10/16/2014,Podcast Subscription,-37.09,CA
18908,10/16/2014,Restaurant - Burgers,-36.48,CA
18908,10/16/2014,PlayStation Membership,-13.42,CA
18908,10/16/2014,On Demand TV,-38.85,CA
18908,10/16/2014,Food Delivery - GrubHub,-26.87,CA
18908,10/16/2014,On Demand TV,-30.5,CA
18908,10/16/2014,PlayStation Membership,-41.21,CA
18908,10/16/2014,Whole Foods,-0.05,CA
18908,10/16/2014,Von's Groceries,-31.58,CA
18908,10/16/2014,Restaurant - Burgers,-11.67,CA
18908,10/16/2014,Restaurant - Chinese,-34.14,CA
18908,10/16/2014,Bank Fee - Negative Balance,-58,CA
18908,10/16/2014,Restaurant - Pizza,-89.83,CA
18908,10/17/2014,Restaurant - Chinese,-116.18,CA
18908,10/17/2014,PlayStation Membership,-24.47,CA
18908,10/17/2014,On Demand TV,-1.92,CA
18908,10/18/2014,Credit Card Overdraft Fee,-37.36,CA
18908,10/18/2014,Lyft,-13.37,CA
18908,10/18/2014,Restaurant - Steakhouse,-7.49,CA
18908,10/18/2014,On Demand TV,-37.45,CA
18908,10/18/2014,Taxi,-38.25,CA
18908,10/18/2014,Restaurant - Steakhouse,-35.02,CA
18908,10/18/2014,Restaurant - Burgers,-100.02,CA
18908,10/18/2014,Wine Delivery,-26.72,CA
18908,10/18/2014,Pet Smart,-3.52,CA
18908,10/18/2014,Restaurant - Pizza,-21.27,CA
18908,10/18/2014,On Demand Movie,-5.69,CA
18908,10/18/2014,Restaurant - Chinese,-12.07,CA
18908,10/18/2014,Wine Delivery,-1.63,CA
18908,10/18/2014,Pet Supply - Cat Food,-14.69,CA
18908,10/19/2014,Pet Supply - Cat Food,-119.63,CA
18908,10/20/2014,Restaurant - Burgers,-1.16,CA
18908,10/21/2014,Pet Supply - Cat Food,-31.43,CA
18908,10/21/2014,Ralph's Grocery Store,-116.4,CA
18908,10/21/2014,Red Box DVD Rental,-1.34,CA
18908,10/22/2014,Housing Rent - Late Fee,-0.68,CA
18908,10/22/2014,Wine Delivery,-3.46,CA
18908,10/22/2014,Red Box DVD Rental,-36.16,CA
18908,10/22/2014,Restaurant - Pizza,-21.03,CA
18908,10/22/2014,On Demand TV,-13.75,CA
18908,10/22/2014,Public Transportation - Bus Pass,-0.47,CA
18908,10/22/2014,Restaurant - Steakhouse,-25.53,CA
18908,10/23/2014,Restaurant - Pizza,-26.05,CA
18908,10/23/2014,Restaurant - Pizza,-16.01,CA
18908,10/24/2014,Podcast Subscription,-32.26,CA
18908,10/24/2014,Ralph's Grocery Store,-18.02,CA
18908,10/24/2014,Public Transportation - Bus Pass,-101.73,CA
18908,10/24/2014,On Demand TV,-9,CA
18908,10/25/2014,Wine Delivery,-34.57,CA
18908,10/25/2014,Wine Delivery,-11.67,CA
18908,10/25/2014,On Demand TV,-3.35,CA
18908,10/25/2014,Restaurant - Burgers,-6.61,CA
18908,10/25/2014,Podcast Subscription,-28.16,CA
18908,10/25/2014,Food Delivery - Uber Eats,-22.63,CA
18908,10/25/2014,Sprouts Market,-31.16,CA
18908,10/25/2014,Uber,-30.9,CA
18908,10/26/2014,Bank Fee - Negative Balance,-20.63,CA
18908,10/26/2014,Starbucks Coffee,-15.54,CA
18908,10/26/2014,PlayStation Membership,-37.36,CA
18908,10/26/2014,Uber,-22.05,CA
18908,10/26/2014,Von's Groceries,-6.09,CA
18908,10/26/2014,On Demand Movie,-11.04,CA
18908,10/26/2014,Food Delivery - Uber Eats,-29.15,CA
18908,10/26/2014,Von's Groceries,-70.77,CA
18908,10/27/2014,Public Transportation - Train Pass,-24.59,CA
18908,10/27/2014,Ralph's Grocery Store,-85.66,CA
18908,10/27/2014,Lyft,-15.1,CA
18908,10/27/2014,PlayStation Membership,-23.77,CA
18908,10/28/2014,Podcast Subscription,-1.06,CA
18908,10/28/2014,Housing Rent - Late Fee,-4.28,CA
18908,10/28/2014,Food Delivery - GrubHub,-25.1,CA
18908,10/28/2014,Wine Delivery,-19.7,CA
18908,10/28/2014,Pet Smart,-15.48,CA
18908,10/29/2014,Red Box DVD Rental,-10.82,CA
18908,10/30/2014,Podcast Subscription,-3.39,CA
18908,11/2/2014,Housing Rent,-917,CA
18908,11/2/2014,Water & Sewer,-53,CA
18908,11/2/2014,Credit Card Payment,-154,CA
18908,11/2/2014,ACS - Student Loans,-135,CA
18908,11/2/2014,Navient - Student Loans,-197,CA
18908,11/2/2014,Gas & Electric,-32,CA
18908,11/2/2014,Netflix Subscription,-4.99,CA
18908,11/2/2014,Uber,-33.74,CA
18908,11/3/2014,Restaurant - Pizza,-28.37,CA
18908,11/3/2014,On Demand Movie,-12.04,CA
18908,11/3/2014,Food Delivery - GrubHub,-21.18,CA
18908,11/3/2014,Restaurant - Pizza,-39.17,CA
18908,11/4/2014,Water & Sewer - Late Payment Penalty,-93.99,CA
18908,11/4/2014,Podcast Subscription,-14.04,CA
18908,11/4/2014,On Demand TV,-106.74,CA
18908,11/4/2014,Taxi,-16.88,CA
18908,11/4/2014,On Demand Movie,-22.2,CA
18908,11/4/2014,Food Delivery - Uber Eats,-20.96,CA
18908,11/4/2014,Food Delivery - Uber Eats,-37.31,CA
18908,11/5/2014,Red Box DVD Rental,-5.66,CA
18908,11/5/2014,Wine Delivery,-14.24,CA
18908,11/6/2014,Lyft,-27.82,CA
18908,11/7/2014,Wine Delivery,-6.23,CA
18908,11/7/2014,Restaurant - Pizza,-104.76,CA
18908,11/7/2014,Restaurant - Chinese,-6.6,CA
18908,11/7/2014,Bank Fee - Negative Balance,-3.72,CA
18908,11/7/2014,Public Transportation - Bus Pass,-29.16,CA
18908,11/7/2014,Pet Supply - Cat Food,-103.99,CA
18908,11/8/2014,Credit Card Overdraft Fee,-34.86,CA
18908,11/8/2014,Pet Supply - Cat Food,-34.38,CA
18908,11/8/2014,Lyft,-9.26,CA
18908,11/8/2014,Public Transportation - Train Pass,-39.54,CA
18908,11/8/2014,Pet Smart,-31.06,CA
18908,11/9/2014,Food Delivery - GrubHub,-21.89,CA
18908,11/10/2014,Credit Card Overdraft Fee,-40.12,CA
18908,11/11/2014,Housing Rent - Late Fee,-9.42,CA
18908,11/11/2014,Public Transportation - Bus Pass,-9.43,CA
18908,11/12/2014,Food Delivery - GrubHub,-18.97,CA
18908,11/12/2014,PlayStation Membership,-12.96,CA
18908,11/13/2014,Food Delivery - GrubHub,-50.54,CA
18908,11/14/2014,On Demand TV,-15.15,CA
18908,11/14/2014,Pet Smart,-36.53,CA
18908,11/15/2014,Starbucks Coffee,-29.35,CA
18908,11/15/2014,On Demand Movie,-7.81,CA
18908,11/16/2014,Taxi,-11.52,CA
18908,11/16/2014,Von's Groceries,-20.69,CA
18908,11/17/2014,Sprouts Market,-10.68,CA
18908,11/17/2014,PlayStation Membership,-36.7,CA
18908,11/18/2014,Food Delivery - GrubHub,-97.93,CA
18908,11/18/2014,PlayStation Membership,-2.25,CA
18908,11/18/2014,Food Delivery - Uber Eats,-5.39,CA
18908,11/18/2014,Pet Supply - Cat Food,-33.6,CA
18908,11/18/2014,Starbucks Coffee,-27.79,CA
18908,11/18/2014,Red Box DVD Rental,-94.19,CA
18908,11/18/2014,Food Delivery - Uber Eats,-16.43,CA
18908,11/19/2014,On Demand Movie,-34.92,CA
18908,11/19/2014,Food Delivery - Uber Eats,-45.54,CA
18908,11/20/2014,Time Warne Cable - Late Payment Fee,-39.23,CA
18908,11/20/2014,Restaurant - Pizza,-13.91,CA
18908,11/20/2014,Wine Delivery,-26.22,CA
18908,11/20/2014,Lyft,-24.95,CA
18908,11/20/2014,On Demand Movie,-17.96,CA
18908,11/20/2014,Restaurant - Burgers,-63.48,CA
18908,11/20/2014,Red Box DVD Rental,-26.48,CA
18908,11/20/2014,Lyft,-11.81,CA
18908,11/20/2014,Bank Fee - Negative Balance,-61.23,CA
18908,11/20/2014,Pet Smart,-87.31,CA
18908,11/21/2014,Podcast Subscription,-35.61,CA
18908,11/21/2014,Food Delivery - GrubHub,-76.24,CA
18908,11/21/2014,On Demand TV,-13.84,CA
18908,11/22/2014,Restaurant - Pizza,-33.76,CA
18908,11/22/2014,Public Transportation - Bus Pass,-111.03,CA
18908,11/22/2014,On Demand Movie,-23.05,CA
18908,11/22/2014,Water & Sewer - Late Payment Penalty,-37.63,CA
18908,11/22/2014,On Demand TV,-27.71,CA
18908,11/22/2014,Restaurant - Burgers,-36.75,CA
18908,11/23/2014,Uber,-23.51,CA
18908,11/23/2014,Lyft,-29.73,CA
18908,11/23/2014,Von's Groceries,-13.51,CA
18908,11/23/2014,Food Delivery - GrubHub,-30.13,CA
18908,11/24/2014,Restaurant - Pizza,-39.05,CA
18908,11/24/2014,Public Transportation - Bus Pass,-24.4,CA
18908,11/24/2014,Water & Sewer - Late Payment Penalty,-27.43,CA
18908,11/24/2014,Pet Smart,-30.7,CA
18908,11/25/2014,Sprouts Market,-10.11,CA
18908,11/26/2014,On Demand Movie,-26.83,CA
18908,11/26/2014,Credit Card Overdraft Fee,-12.12,CA
18908,11/26/2014,Food Delivery - GrubHub,-22.33,CA
18908,11/26/2014,Lyft,-16.97,CA
18908,11/26/2014,Public Transportation - Bus Pass,-97.9,CA
18908,11/26/2014,Wine Delivery,-89.11,CA
18908,11/26/2014,Bank Fee - Negative Balance,-31.43,CA
18908,11/26/2014,Uber,-1.58,CA
18908,11/27/2014,Food Delivery - Uber Eats,-19.2,CA
18908,11/27/2014,Restaurant - Burgers,-27.87,CA
18908,11/27/2014,Lyft,-10.2,CA
18908,11/27/2014,Restaurant - Steakhouse,-31.83,CA
18908,11/27/2014,Restaurant - Steakhouse,-8.43,CA
18908,11/27/2014,Food Delivery - GrubHub,-15.9,CA
18908,11/27/2014,Food Delivery - Uber Eats,-109.68,CA
18908,11/27/2014,PlayStation Membership,-37.56,CA
18908,11/27/2014,Credit Card Overdraft Fee,-19.11,CA
18908,11/28/2014,Wine Delivery,-20.12,CA
18908,11/28/2014,Restaurant - Chinese,-83.78,CA
18908,11/29/2014,Podcast Subscription,-35.79,CA
18908,11/30/2014,Pet Supply - Cat Food,-32.49,CA
18908,12/2/2014,Housing Rent,-1033,CA
18908,12/2/2014,Water & Sewer,-53,CA
18908,12/2/2014,Credit Card Payment,-154,CA
18908,12/2/2014,ACS - Student Loans,-135,CA
18908,12/2/2014,Navient - Student Loans,-197,CA
18908,12/2/2014,Gas & Electric,-32,CA
18908,12/2/2014,Netflix Subscription,-4.99,CA
18908,12/2/2014,Public Transportation - Train Pass,-39.7,CA
18908,12/2/2014,Public Transportation - Bus Pass,-97.17,CA
18908,12/2/2014,Pet Smart,-1.5,CA
18908,12/2/2014,Food Delivery - Uber Eats,-33.43,CA
18908,12/3/2014,On Demand Movie,-17.48,CA
18908,12/4/2014,On Demand Movie,-2.21,CA
18908,12/4/2014,Pet Smart,-29.48,CA
18908,12/4/2014,Food Delivery - Uber Eats,-9.67,CA
18908,12/4/2014,Red Box DVD Rental,-55.38,CA
18908,12/4/2014,Pet Supply - Cat Food,-11.98,CA
18908,12/5/2014,On Demand Movie,-17.82,CA
18908,12/5/2014,Food Delivery - Uber Eats,-21.62,CA
18908,12/6/2014,Pet Smart,-64.22,CA
18908,12/7/2014,On Demand Movie,-27.07,CA
18908,12/7/2014,Starbucks Coffee,-17.37,CA
18908,12/7/2014,Lyft,-3.33,CA
18908,12/8/2014,Podcast Subscription,-32.2,CA
18908,12/8/2014,Starbucks Coffee,-23.06,CA
18908,12/8/2014,Taxi,-98.47,CA
18908,12/9/2014,Wine Delivery,-110.11,CA
18908,12/10/2014,Sprouts Market,-110,CA
18908,12/10/2014,Food Delivery - GrubHub,-12.99,CA
18908,12/10/2014,Podcast Subscription,-27.41,CA
18908,12/10/2014,PlayStation Membership,-25.34,CA
18908,12/10/2014,Food Delivery - GrubHub,-19.41,CA
18908,12/10/2014,Food Delivery - Uber Eats,-39.11,CA
18908,12/10/2014,Lyft,-13.96,CA
18908,12/11/2014,Pet Smart,-32.44,CA
18908,12/12/2014,Pet Smart,-13.12,CA
18908,12/12/2014,Restaurant - Burgers,-32.19,CA
18908,12/12/2014,Red Box DVD Rental,-46.87,CA
18908,12/12/2014,Taxi,-33.39,CA
18908,12/12/2014,On Demand TV,-65.88,CA
18908,12/13/2014,Restaurant - Pizza,-114.81,CA
18908,12/13/2014,Restaurant - Steakhouse,-7.09,CA
18908,12/13/2014,Bank Fee - Negative Balance,-21.13,CA
18908,12/13/2014,Uber,-10.92,CA
18908,12/13/2014,Credit Card Overdraft Fee,-37.75,CA
18908,12/13/2014,Food Delivery - GrubHub,-0.5,CA
18908,12/14/2014,Restaurant - Steakhouse,-5.01,CA
18908,12/14/2014,Taxi,-20.68,CA
18908,12/15/2014,Food Delivery - GrubHub,-24.23,CA
18908,12/16/2014,Public Transportation - Train Pass,-38.6,CA
18908,12/17/2014,Public Transportation - Bus Pass,-27.95,CA
18908,12/17/2014,Red Box DVD Rental,-22.62,CA
18908,12/17/2014,Public Transportation - Bus Pass,-36.22,CA
18908,12/17/2014,Ralph's Grocery Store,-84.82,CA
18908,12/17/2014,Ralph's Grocery Store,-15.19,CA
18908,12/17/2014,Public Transportation - Train Pass,-22.53,CA
18908,12/17/2014,Public Transportation - Bus Pass,-4.87,CA
18908,12/18/2014,Wine Delivery,-33.98,CA
18908,12/19/2014,Pet Supply - Cat Food,-13.19,CA
18908,12/19/2014,Pet Smart,-11.53,CA
18908,12/19/2014,Water & Sewer - Late Payment Penalty,-33.1,CA
18908,12/19/2014,Podcast Subscription,-31.82,CA
18908,12/19/2014,Restaurant - Burgers,-7.08,CA
18908,12/20/2014,Sprouts Market,-22.42,CA
18908,12/20/2014,Public Transportation - Train Pass,-102.93,CA
18908,12/20/2014,On Demand Movie,-0.11,CA
18908,12/20/2014,Restaurant - Chinese,-1.12,CA
18908,12/21/2014,Whole Foods,-20.19,CA
18908,12/22/2014,On Demand TV,-106.23,CA
18908,12/23/2014,Food Delivery - GrubHub,-10.8,CA
18908,12/23/2014,Pet Smart,-108.73,CA
18908,12/23/2014,Time Warne Cable - Late Payment Fee,-31.89,CA
18908,12/23/2014,Pet Supply - Cat Food,-23.79,CA
18908,12/24/2014,Restaurant - Burgers,-26.42,CA
18908,12/24/2014,Food Delivery - GrubHub,-3.71,CA
18908,12/25/2014,Public Transportation - Train Pass,-17.18,CA
18908,12/25/2014,Wine Delivery,-16.26,CA
18908,12/26/2014,Restaurant - Burgers,-8.24,CA
18908,12/26/2014,Restaurant - Pizza,-30.82,CA
18908,12/26/2014,Starbucks Coffee,-15.8,CA
18908,12/26/2014,Lyft,-14.06,CA
18908,12/26/2014,Food Delivery - GrubHub,-87.25,CA
18908,12/26/2014,Food Delivery - GrubHub,-7.38,CA
18908,12/26/2014,Food Delivery - Uber Eats,-69.96,CA
18908,12/26/2014,Sprouts Market,-23.07,CA
18908,12/26/2014,Pet Supply - Cat Food,-22.41,CA
18908,12/26/2014,Restaurant - Chinese,-118.87,CA
18908,12/26/2014,On Demand Movie,-4.7,CA
18908,12/27/2014,PlayStation Membership,-3.22,CA
18908,12/27/2014,Credit Card Overdraft Fee,-50.84,CA
18908,12/27/2014,Starbucks Coffee,-97.55,CA
18908,12/28/2014,Credit Card Overdraft Fee,-21.19,CA
18908,12/28/2014,Ralph's Grocery Store,-28.09,CA
18908,12/28/2014,Restaurant - Pizza,-24.54,CA
18908,12/28/2014,Pet Supply - Cat Food,-10.42,CA
18908,12/29/2014,Taxi,-12.85,CA
18908,12/29/2014,Starbucks Coffee,-12.45,CA
18908,12/30/2014,Podcast Subscription,-35.4,CA
18908,12/32/2014,PlayStation Membership,-15.84,CA
