auth_id, Date, Vendor, Amount, Location 
96265,1/2/2013,Wine Bar,-95.65,CA
96265,1/2/2013,Seaside Bar,-11.91,CA
96265,1/3/2013,John's Bar & Restaurant,-4.97,CA
96265,1/4/2013,Sprouts Market,-99.78,CA
96265,1/4/2013,Ice Skating Rink,-109.48,CA
96265,1/5/2013,Bowling,-18.65,CA
96265,1/5/2013,Ice Skating Rink,-33.97,CA
96265,1/6/2013,Wine Bar,-24.49,CA
96265,1/6/2013,Lyft,-18.48,CA
96265,1/6/2013,Karaoke Bar,-19.09,CA
96265,1/7/2013,Lyft,-14.88,CA
96265,1/7/2013,Karaoke Bar,-34.86,CA
96265,1/7/2013,Restaurant - Steakhouse,-12.63,CA
96265,1/7/2013,Wine Bar,-8.79,CA
96265,1/8/2013,Taxi,-10.44,CA
96265,1/8/2013,Lyft,-37.05,CA
96265,1/8/2013,Green Flash Brewery,-25.94,CA
96265,1/8/2013,Lyft,-37.09,CA
96265,1/8/2013,John's Bar & Restaurant,-69.59,CA
96265,1/8/2013,Concert Ticket,-12.46,CA
96265,1/8/2013,Fisker Night Club,-16.87,CA
96265,1/9/2013,Restaurant - Chinese,-20.4,CA
96265,1/9/2013,Concert Ticket,-4.24,CA
96265,1/9/2013,Movie Ticket,-4.88,CA
96265,1/10/2013,Owl Night Club,-100.27,CA
96265,1/10/2013,Von's Groceries,-20.4,CA
96265,1/10/2013,Public Transportation - Train Pass,-8.42,CA
96265,1/11/2013,Wine Bar,-9.21,CA
96265,1/11/2013,Seaside Bar,-109.88,CA
96265,1/11/2013,Public Transportation - Train Pass,-17.31,CA
96265,1/11/2013,Public Transportation - Bus Pass,-17.79,CA
96265,1/11/2013,Concert Ticket,-21.4,CA
96265,1/11/2013,Fisker Night Club,-26.37,CA
96265,1/12/2013,Restaurant - Pizza,-29.14,CA
96265,1/12/2013,Uber,-22.19,CA
96265,1/12/2013,Starbucks Coffee,-30.55,CA
96265,1/12/2013,Taxi,-36.76,CA
96265,1/12/2013,Fisker Night Club,-6.72,CA
96265,1/12/2013,Restaurant - Steakhouse,-35.58,CA
96265,1/12/2013,Owl Night Club,-21.39,CA
96265,1/12/2013,Owl Night Club,-7.44,CA
96265,1/12/2013,Movie Ticket,-5.72,CA
96265,1/12/2013,Green Flash Brewery,-59.03,CA
96265,1/12/2013,Restaurant - Chinese,-2.96,CA
96265,1/13/2013,John's Bar & Restaurant,-29.49,CA
96265,1/13/2013,Ralph's Grocery Store,-117.53,CA
96265,1/14/2013,Movie Ticket,-22.62,CA
96265,1/15/2013,Wine Bar,-22.02,CA
96265,1/16/2013,Ice Skating Rink,-6.19,CA
96265,1/17/2013,Concert Ticket,-72.85,CA
96265,1/18/2013,Fisker Night Club,-39,CA
96265,1/19/2013,Movie Ticket,-94.3,CA
96265,1/19/2013,Restaurant - Burgers,-33.5,CA
96265,1/19/2013,Restaurant - Burgers,-16.91,CA
96265,1/19/2013,Concert Ticket,-13.72,CA
96265,1/20/2013,Movie Ticket,-6.55,CA
96265,1/20/2013,Karaoke Bar,-28.29,CA
96265,1/20/2013,Public Transportation - Train Pass,-112.71,CA
96265,1/20/2013,Wine Bar,-29.43,CA
96265,1/20/2013,Green Flash Brewery,-23.54,CA
96265,1/20/2013,Wine Bar,-20.18,CA
96265,1/20/2013,Rodriguez's Bar and Grill,-28.86,CA
96265,1/21/2013,Karaoke Bar,-25.6,CA
96265,1/22/2013,Lyft,-79.46,CA
96265,1/22/2013,Ralph's Grocery Store,-8.61,CA
96265,1/23/2013,Ralph's Grocery Store,-1.35,CA
96265,1/24/2013,Owl Night Club,-26.2,CA
96265,1/24/2013,Taxi,-27.3,CA
96265,1/24/2013,Restaurant - Chinese,-95.46,CA
96265,1/25/2013,Owl Night Club,-11.61,CA
96265,1/26/2013,Bowling,-1.8,CA
96265,1/26/2013,Bowling,-10.3,CA
96265,1/26/2013,Restaurant - Burgers,-23.16,CA
96265,1/26/2013,Owl Night Club,-64.76,CA
96265,1/27/2013,Ice Skating Rink,-25.38,CA
96265,1/27/2013,Seaside Bar,-23.73,CA
96265,1/27/2013,Seaside Bar,-90.96,CA
96265,1/28/2013,Ice Skating Rink,-10.1,CA
96265,1/29/2013,Lyft,-32.06,CA
96265,1/29/2013,Uber,-33.42,CA
96265,1/29/2013,Whole Foods,-20.07,CA
96265,1/29/2013,Restaurant - Pizza,-95.76,CA
96265,1/29/2013,Karaoke Bar,-23.82,CA
96265,1/30/2013,Public Transportation - Bus Pass,-40.59,CA
96265,3/2/2013,Paycheck,4478,CA
96265,3/2/2013,Housing Rent,-712,CA
96265,3/2/2013,Gas & Electric,-32,CA
96265,3/2/2013,ACS - Student Loans,-135,CA
96265,3/2/2013,Netflix Subscription,-4.99,CA
96265,3/2/2013,Water & Sewer,-53,CA
96265,3/2/2013,Credit Card Payment,-154,CA
96265,3/2/2013,Navient - Student Loans,-197,CA
96265,3/2/2013,Time Warner Cable,-25,CA
96265,3/2/2013,Rodriguez's Bar and Grill,-61.72,CA
96265,3/3/2013,Concert Ticket,-86.23,CA
96265,3/4/2013,John's Bar & Restaurant,-29.14,CA
96265,3/5/2013,Green Flash Brewery,-17.03,CA
96265,3/5/2013,Uber,-20.68,CA
96265,3/5/2013,John's Bar & Restaurant,-27.16,CA
96265,3/5/2013,Owl Night Club,-2.41,CA
96265,3/5/2013,John's Bar & Restaurant,-1.04,CA
96265,3/5/2013,Seaside Bar,-9.46,CA
96265,3/6/2013,Food Delivery - GrubHub,-33.46,CA
96265,3/7/2013,Ice Skating Rink,-6.88,CA
96265,3/8/2013,Taxi,-11.91,CA
96265,3/8/2013,Public Transportation - Train Pass,-19.45,CA
96265,3/9/2013,Concert Ticket,-0.34,CA
96265,3/10/2013,Public Transportation - Train Pass,-108.6,CA
96265,3/10/2013,Public Transportation - Bus Pass,-11.14,CA
96265,3/10/2013,Von's Groceries,-0.78,CA
96265,3/10/2013,Movie Ticket,-85.43,CA
96265,3/10/2013,Ice Skating Rink,-5.38,CA
96265,3/10/2013,Taxi,-74.38,CA
96265,3/10/2013,Seaside Bar,-15.16,CA
96265,3/11/2013,Restaurant - Steakhouse,-5.63,CA
96265,3/11/2013,Rodriguez's Bar and Grill,-76.89,CA
96265,3/12/2013,Public Transportation - Train Pass,-11.8,CA
96265,3/13/2013,Public Transportation - Bus Pass,-35.56,CA
96265,3/14/2013,Public Transportation - Train Pass,-113.64,CA
96265,3/15/2013,Concert Ticket,-35.51,CA
96265,3/15/2013,Sprouts Market,-41.25,CA
96265,3/16/2013,Concert Ticket,-67.43,CA
96265,3/17/2013,Bowling,-112.7,CA
96265,3/17/2013,Wine Bar,-38.96,CA
96265,3/18/2013,Lyft,-22.32,CA
96265,3/18/2013,Ice Skating Rink,-12.44,CA
96265,3/18/2013,Green Flash Brewery,-0.15,CA
96265,3/18/2013,Restaurant - Burgers,-113.15,CA
96265,3/18/2013,Rodriguez's Bar and Grill,-7.59,CA
96265,3/18/2013,Uber,-7.94,CA
96265,3/18/2013,Owl Night Club,-19.56,CA
96265,3/18/2013,Von's Groceries,-25.16,CA
96265,3/19/2013,John's Bar & Restaurant,-19.37,CA
96265,3/20/2013,Fisker Night Club,-23.7,CA
96265,3/21/2013,Seaside Bar,-42,CA
96265,3/21/2013,Owl Night Club,-0.03,CA
96265,3/22/2013,Owl Night Club,-23.57,CA
96265,3/22/2013,Restaurant - Burgers,-36.06,CA
96265,3/23/2013,Concert Ticket,-32.76,CA
96265,3/23/2013,Public Transportation - Train Pass,-34.11,CA
96265,3/24/2013,Bowling,-16.95,CA
96265,3/24/2013,Taxi,-31.3,CA
96265,3/24/2013,Lyft,-17.55,CA
96265,3/24/2013,Food Delivery - GrubHub,-14.63,CA
96265,3/25/2013,Von's Groceries,-36.01,CA
96265,3/25/2013,Owl Night Club,-22.66,CA
96265,3/25/2013,Restaurant - Chinese,-34.98,CA
96265,3/25/2013,Movie Ticket,-62.67,CA
96265,3/25/2013,Taxi,-32.47,CA
96265,3/25/2013,Starbucks Coffee,-19.91,CA
96265,3/26/2013,Owl Night Club,-33.58,CA
96265,3/26/2013,Owl Night Club,-19.46,CA
96265,3/26/2013,Food Delivery - GrubHub,-0.45,CA
96265,3/26/2013,Seaside Bar,-30.31,CA
96265,3/27/2013,Wine Bar,-26.85,CA
96265,3/27/2013,Green Flash Brewery,-37.72,CA
96265,3/27/2013,Ice Skating Rink,-39.55,CA
96265,3/27/2013,Ralph's Grocery Store,-17.09,CA
96265,3/27/2013,Movie Ticket,-15.94,CA
96265,3/28/2013,Bowling,-78.28,CA
96265,3/28/2013,Fisker Night Club,-60.55,CA
96265,3/28/2013,Green Flash Brewery,-57.3,CA
96265,3/28/2013,Rodriguez's Bar and Grill,-21.04,CA
96265,3/28/2013,Ralph's Grocery Store,-2.69,CA
96265,3/29/2013,Rodriguez's Bar and Grill,-63.26,CA
96265,3/29/2013,Seaside Bar,-39.1,CA
96265,3/30/2013,Green Flash Brewery,-12.53,CA
96265,4/2/2013,Paycheck,4478,CA
96265,4/2/2013,Housing Rent,-962,CA
96265,4/2/2013,Gas & Electric,-32,CA
96265,4/2/2013,ACS - Student Loans,-135,CA
96265,4/2/2013,Netflix Subscription,-4.99,CA
96265,4/2/2013,Water & Sewer,-53,CA
96265,4/2/2013,Credit Card Payment,-154,CA
96265,4/2/2013,Navient - Student Loans,-197,CA
96265,4/2/2013,Time Warner Cable,-25,CA
96265,4/2/2013,Bowling,-37.99,CA
96265,4/2/2013,Lyft,-13.95,CA
96265,4/2/2013,Wine Bar,-31.72,CA
96265,4/2/2013,Wine Bar,-12.28,CA
96265,4/2/2013,John's Bar & Restaurant,-38.87,CA
96265,4/3/2013,Green Flash Brewery,-55.97,CA
96265,4/4/2013,Green Flash Brewery,-33.61,CA
96265,4/4/2013,Fisker Night Club,-78.41,CA
96265,4/5/2013,Seaside Bar,-18.29,CA
96265,4/6/2013,Green Flash Brewery,-2.95,CA
96265,4/6/2013,Rodriguez's Bar and Grill,-15.88,CA
96265,4/6/2013,Ralph's Grocery Store,-20.95,CA
96265,4/7/2013,John's Bar & Restaurant,-18.91,CA
96265,4/7/2013,Fisker Night Club,-12.61,CA
96265,4/7/2013,Concert Ticket,-7.57,CA
96265,4/7/2013,Taxi,-3.5,CA
96265,4/7/2013,Public Transportation - Bus Pass,-31.03,CA
96265,4/7/2013,Bowling,-10.27,CA
96265,4/8/2013,Seaside Bar,-3.54,CA
96265,4/9/2013,Fisker Night Club,-39.07,CA
96265,4/10/2013,Sprouts Market,-18.9,CA
96265,4/10/2013,Movie Ticket,-36.85,CA
96265,4/11/2013,John's Bar & Restaurant,-1.36,CA
96265,4/11/2013,Lyft,-26.38,CA
96265,4/12/2013,Owl Night Club,-116.23,CA
96265,4/12/2013,Restaurant - Steakhouse,-9.22,CA
96265,4/12/2013,Taxi,-54.01,CA
96265,4/13/2013,Lyft,-15.31,CA
96265,4/13/2013,John's Bar & Restaurant,-10.21,CA
96265,4/13/2013,Ice Skating Rink,-22.12,CA
96265,4/13/2013,Restaurant - Steakhouse,-18.99,CA
96265,4/13/2013,Uber,-7.87,CA
96265,4/13/2013,Restaurant - Pizza,-90.99,CA
96265,4/13/2013,Concert Ticket,-29.41,CA
96265,4/13/2013,Fisker Night Club,-5.54,CA
96265,4/13/2013,Restaurant - Chinese,-15.04,CA
96265,4/13/2013,Public Transportation - Bus Pass,-15.62,CA
96265,4/13/2013,Rodriguez's Bar and Grill,-5.17,CA
96265,4/13/2013,Uber,-4.99,CA
96265,4/13/2013,Restaurant - Burgers,-28.75,CA
96265,4/14/2013,John's Bar & Restaurant,-28.19,CA
96265,4/14/2013,Green Flash Brewery,-26.99,CA
96265,4/14/2013,Green Flash Brewery,-33.23,CA
96265,4/15/2013,Ice Skating Rink,-23.41,CA
96265,4/16/2013,John's Bar & Restaurant,-101.92,CA
96265,4/17/2013,Taxi,-36.88,CA
96265,4/17/2013,Ice Skating Rink,-36.05,CA
96265,4/17/2013,Concert Ticket,-31.59,CA
96265,4/17/2013,Ice Skating Rink,-35.21,CA
96265,4/17/2013,Public Transportation - Bus Pass,-11.9,CA
96265,4/17/2013,Uber,-32.89,CA
96265,4/18/2013,Green Flash Brewery,-14.76,CA
96265,4/18/2013,Public Transportation - Bus Pass,-30.78,CA
96265,4/19/2013,Green Flash Brewery,-15.06,CA
96265,4/19/2013,Bowling,-4.94,CA
96265,4/19/2013,Starbucks Coffee,-106.23,CA
96265,4/20/2013,Uber,-14.95,CA
96265,4/21/2013,Concert Ticket,-3.68,CA
96265,4/21/2013,Ice Skating Rink,-7.26,CA
96265,4/22/2013,Rodriguez's Bar and Grill,-2.64,CA
96265,4/22/2013,Sprouts Market,-10.55,CA
96265,4/22/2013,Seaside Bar,-63.51,CA
96265,4/23/2013,Lyft,-12.68,CA
96265,4/23/2013,Uber,-19.65,CA
96265,4/23/2013,Wine Bar,-35.02,CA
96265,4/23/2013,Green Flash Brewery,-3,CA
96265,4/23/2013,Taxi,-16.59,CA
96265,4/24/2013,Concert Ticket,-7.63,CA
96265,4/24/2013,Bowling,-24.51,CA
96265,4/25/2013,Karaoke Bar,-38.5,CA
96265,4/25/2013,Taxi,-107.08,CA
96265,4/26/2013,John's Bar & Restaurant,-32.31,CA
96265,4/26/2013,Bowling,-30.98,CA
96265,4/27/2013,Karaoke Bar,-24.4,CA
96265,4/27/2013,Restaurant - Burgers,-10.7,CA
96265,4/27/2013,Ralph's Grocery Store,-30.04,CA
96265,4/27/2013,Restaurant - Steakhouse,-7.08,CA
96265,4/27/2013,John's Bar & Restaurant,-15.5,CA
96265,4/27/2013,Starbucks Coffee,-96.58,CA
96265,4/27/2013,Lyft,-38.04,CA
96265,4/27/2013,Public Transportation - Bus Pass,-39.22,CA
96265,4/27/2013,John's Bar & Restaurant,-38.86,CA
96265,4/27/2013,Seaside Bar,-31.15,CA
96265,4/28/2013,Green Flash Brewery,-51.81,CA
96265,4/29/2013,Public Transportation - Train Pass,-29.38,CA
96265,4/30/2013,Movie Ticket,-22.93,CA
96265,4/30/2013,Seaside Bar,-34.86,CA
96265,4/30/2013,Concert Ticket,-63,CA
96265,4/30/2013,Ice Skating Rink,-87.83,CA
96265,4/30/2013,Public Transportation - Bus Pass,-16.75,CA
96265,4/30/2013,Restaurant - Burgers,-118.24,CA
96265,4/30/2013,Wine Bar,-69.5,CA
96265,4/30/2013,Uber,-1.88,CA
96265,4/30/2013,Fisker Night Club,-28.66,CA
96265,4/30/2013,Wine Bar,-108.62,CA
96265,4/30/2013,Ice Skating Rink,-30.75,CA
96265,5/2/2013,Paycheck,4478,CA
96265,5/2/2013,Housing Rent,-928,CA
96265,5/2/2013,Gas & Electric,-32,CA
96265,5/2/2013,ACS - Student Loans,-135,CA
96265,5/2/2013,Netflix Subscription,-4.99,CA
96265,5/2/2013,Water & Sewer,-53,CA
96265,5/2/2013,Credit Card Payment,-154,CA
96265,5/2/2013,Navient - Student Loans,-197,CA
96265,5/2/2013,Time Warner Cable,-25,CA
96265,5/2/2013,Bowling,-93.48,CA
96265,5/3/2013,Ice Skating Rink,-10.78,CA
96265,5/3/2013,Bowling,-35.79,CA
96265,5/3/2013,Von's Groceries,-32.58,CA
96265,5/3/2013,Bowling,-16.2,CA
96265,5/3/2013,Ice Skating Rink,-31.69,CA
96265,5/3/2013,Uber,-14.56,CA
96265,5/3/2013,Restaurant - Burgers,-13.17,CA
96265,5/4/2013,Ice Skating Rink,-34.16,CA
96265,5/4/2013,Restaurant - Pizza,-8.56,CA
96265,5/4/2013,Bowling,-23.37,CA
96265,5/4/2013,Owl Night Club,-10.73,CA
96265,5/4/2013,Wine Bar,-34.89,CA
96265,5/4/2013,Wine Bar,-19.14,CA
96265,5/4/2013,Rodriguez's Bar and Grill,-46.28,CA
96265,5/4/2013,Rodriguez's Bar and Grill,-14.73,CA
96265,5/4/2013,John's Bar & Restaurant,-25.57,CA
96265,5/4/2013,Lyft,-18.59,CA
96265,5/4/2013,Rodriguez's Bar and Grill,-12.55,CA
96265,5/5/2013,Movie Ticket,-37.39,CA
96265,5/5/2013,Wine Bar,-28.59,CA
96265,5/5/2013,Whole Foods,-12.58,CA
96265,5/6/2013,Starbucks Coffee,-25.42,CA
96265,5/6/2013,Wine Bar,-22.7,CA
96265,5/6/2013,Green Flash Brewery,-3.53,CA
96265,5/7/2013,Uber,-2.46,CA
96265,5/7/2013,Bowling,-4.98,CA
96265,5/7/2013,Rodriguez's Bar and Grill,-6.23,CA
96265,5/7/2013,Uber,-29.96,CA
96265,5/7/2013,Restaurant - Pizza,-30.11,CA
96265,5/8/2013,Karaoke Bar,-11.58,CA
96265,5/8/2013,Concert Ticket,-36.38,CA
96265,5/9/2013,Seaside Bar,-13.03,CA
96265,5/10/2013,Green Flash Brewery,-8.59,CA
96265,5/11/2013,Uber,-3.1,CA
96265,5/12/2013,Restaurant - Chinese,-1.14,CA
96265,5/13/2013,Fisker Night Club,-10.6,CA
96265,5/14/2013,Food Delivery - GrubHub,-37.7,CA
96265,5/15/2013,Concert Ticket,-14.34,CA
96265,5/15/2013,Rodriguez's Bar and Grill,-9,CA
96265,5/15/2013,Ice Skating Rink,-57.99,CA
96265,5/15/2013,Wine Bar,-39.55,CA
96265,5/15/2013,Restaurant - Burgers,-24.8,CA
96265,5/16/2013,Von's Groceries,-17.34,CA
96265,5/17/2013,John's Bar & Restaurant,-39.83,CA
96265,5/17/2013,Starbucks Coffee,-7.09,CA
96265,5/17/2013,Restaurant - Steakhouse,-16.19,CA
96265,5/17/2013,Movie Ticket,-85.58,CA
96265,5/18/2013,Seaside Bar,-42.63,CA
96265,5/18/2013,Bowling,-15.88,CA
96265,5/18/2013,Lyft,-17.24,CA
96265,5/18/2013,Movie Ticket,-16.21,CA
96265,5/18/2013,Taxi,-19.53,CA
96265,5/18/2013,Movie Ticket,-13.17,CA
96265,5/18/2013,Fisker Night Club,-13.91,CA
96265,5/19/2013,Uber,-10.04,CA
96265,5/20/2013,Ralph's Grocery Store,-0.11,CA
96265,5/20/2013,Seaside Bar,-32.59,CA
96265,5/20/2013,Rodriguez's Bar and Grill,-3.16,CA
96265,5/21/2013,Public Transportation - Train Pass,-38.63,CA
96265,5/21/2013,Wine Bar,-3.42,CA
96265,5/21/2013,Movie Ticket,-38.17,CA
96265,5/22/2013,Taxi,-61.53,CA
96265,5/22/2013,Lyft,-11.19,CA
96265,5/22/2013,Uber,-4.15,CA
96265,5/23/2013,Green Flash Brewery,-38.53,CA
96265,5/23/2013,John's Bar & Restaurant,-12.71,CA
96265,5/23/2013,Karaoke Bar,-77.27,CA
96265,5/23/2013,Fisker Night Club,-15.12,CA
96265,5/23/2013,Public Transportation - Train Pass,-24.77,CA
96265,5/23/2013,Seaside Bar,-33.37,CA
96265,5/23/2013,Green Flash Brewery,-27.18,CA
96265,5/24/2013,Whole Foods,-8.87,CA
96265,5/24/2013,Seaside Bar,-13.48,CA
96265,5/24/2013,Green Flash Brewery,-14.41,CA
96265,5/24/2013,Wine Bar,-15.07,CA
96265,5/24/2013,Concert Ticket,-44.28,CA
96265,5/24/2013,Public Transportation - Bus Pass,-16.17,CA
96265,5/25/2013,Public Transportation - Bus Pass,-25.4,CA
96265,5/26/2013,Rodriguez's Bar and Grill,-18.69,CA
96265,5/26/2013,Von's Groceries,-13.79,CA
96265,5/26/2013,Von's Groceries,-22.88,CA
96265,5/26/2013,Wine Bar,-38.77,CA
96265,5/26/2013,Starbucks Coffee,-4.56,CA
96265,5/26/2013,Concert Ticket,-33.02,CA
96265,5/26/2013,Uber,-38.54,CA
96265,5/26/2013,Food Delivery - GrubHub,-5.41,CA
96265,5/27/2013,John's Bar & Restaurant,-33.31,CA
96265,5/28/2013,Seaside Bar,-32.79,CA
96265,5/28/2013,Ralph's Grocery Store,-64.8,CA
96265,5/28/2013,Uber,-19.7,CA
96265,5/28/2013,Restaurant - Pizza,-28.49,CA
96265,5/29/2013,Wine Bar,-29.77,CA
96265,5/30/2013,Seaside Bar,-24.61,CA
96265,5/30/2013,Taxi,-4.81,CA
96265,5/30/2013,Lyft,-7.7,CA
96265,5/30/2013,Uber,-39.58,CA
96265,5/30/2013,Karaoke Bar,-7.6,CA
96265,5/30/2013,Owl Night Club,-16.08,CA
96265,5/30/2013,Seaside Bar,-7.14,CA
96265,5/30/2013,John's Bar & Restaurant,-35.43,CA
96265,5/30/2013,Sprouts Market,-11.48,CA
96265,5/30/2013,Restaurant - Pizza,-69.02,CA
96265,5/30/2013,John's Bar & Restaurant,-39.65,CA
96265,5/30/2013,Fisker Night Club,-2.61,CA
96265,5/30/2013,Public Transportation - Bus Pass,-33.29,CA
96265,6/2/2013,Paycheck,4478,CA
96265,6/2/2013,Housing Rent,-1311,CA
96265,6/2/2013,Gas & Electric,-32,CA
96265,6/2/2013,ACS - Student Loans,-135,CA
96265,6/2/2013,Netflix Subscription,-4.99,CA
96265,6/2/2013,Water & Sewer,-53,CA
96265,6/2/2013,Credit Card Payment,-154,CA
96265,6/2/2013,Navient - Student Loans,-197,CA
96265,6/2/2013,Time Warner Cable,-25,CA
96265,6/2/2013,John's Bar & Restaurant,-35.95,CA
96265,6/2/2013,Public Transportation - Train Pass,-8.21,CA
96265,6/2/2013,Von's Groceries,-26.96,CA
96265,6/3/2013,Karaoke Bar,-19.65,CA
96265,6/3/2013,Movie Ticket,-27.82,CA
96265,6/4/2013,Rodriguez's Bar and Grill,-2.61,CA
96265,6/4/2013,Uber,-1.39,CA
96265,6/4/2013,Fisker Night Club,-7.02,CA
96265,6/5/2013,Restaurant - Steakhouse,-16.56,CA
96265,6/6/2013,Owl Night Club,-111.3,CA
96265,6/6/2013,John's Bar & Restaurant,-114.14,CA
96265,6/6/2013,Seaside Bar,-31.13,CA
96265,6/6/2013,Concert Ticket,-9.84,CA
96265,6/6/2013,Starbucks Coffee,-23.42,CA
96265,6/6/2013,Von's Groceries,-2.46,CA
96265,6/6/2013,Ralph's Grocery Store,-34.05,CA
96265,6/6/2013,Concert Ticket,-31.22,CA
96265,6/6/2013,Wine Bar,-17.33,CA
96265,6/7/2013,Ice Skating Rink,-1.13,CA
96265,6/7/2013,Ralph's Grocery Store,-65.12,CA
96265,6/7/2013,Sprouts Market,-19.25,CA
96265,6/7/2013,Sprouts Market,-113.39,CA
96265,6/7/2013,Public Transportation - Bus Pass,-26.62,CA
96265,6/7/2013,Ice Skating Rink,-39.33,CA
96265,6/8/2013,John's Bar & Restaurant,-83,CA
96265,6/8/2013,Ralph's Grocery Store,-18.38,CA
96265,6/8/2013,Lyft,-39.02,CA
96265,6/9/2013,Public Transportation - Bus Pass,-47.09,CA
96265,6/9/2013,Seaside Bar,-64.03,CA
96265,6/9/2013,Taxi,-77.47,CA
96265,6/9/2013,Wine Bar,-3.06,CA
96265,6/9/2013,Ralph's Grocery Store,-11.64,CA
96265,6/9/2013,Public Transportation - Bus Pass,-29.45,CA
96265,6/10/2013,Sprouts Market,-8.75,CA
96265,6/10/2013,Fisker Night Club,-93.69,CA
96265,6/10/2013,Fisker Night Club,-5.95,CA
96265,6/10/2013,Taxi,-35.37,CA
96265,6/11/2013,Karaoke Bar,-22.33,CA
96265,6/12/2013,Fisker Night Club,-55.06,CA
96265,6/12/2013,Fisker Night Club,-52.21,CA
96265,6/12/2013,Rodriguez's Bar and Grill,-8.07,CA
96265,6/12/2013,Seaside Bar,-1.93,CA
96265,6/13/2013,Von's Groceries,-25.8,CA
96265,6/13/2013,Food Delivery - GrubHub,-4.76,CA
96265,6/14/2013,Fisker Night Club,-5.93,CA
96265,6/14/2013,John's Bar & Restaurant,-25.17,CA
96265,6/15/2013,Public Transportation - Train Pass,-22.81,CA
96265,6/15/2013,Restaurant - Burgers,-3.28,CA
96265,6/15/2013,Ice Skating Rink,-16.34,CA
96265,6/16/2013,Restaurant - Burgers,-37.37,CA
96265,6/17/2013,Von's Groceries,-38.74,CA
96265,6/17/2013,Green Flash Brewery,-54.13,CA
96265,6/18/2013,Ice Skating Rink,-22.87,CA
96265,6/18/2013,Fisker Night Club,-82.31,CA
96265,6/19/2013,John's Bar & Restaurant,-54.48,CA
96265,6/19/2013,Concert Ticket,-21.94,CA
96265,6/19/2013,Uber,-109.23,CA
96265,6/20/2013,Von's Groceries,-3.08,CA
96265,6/21/2013,Green Flash Brewery,-10.45,CA
96265,6/21/2013,Seaside Bar,-22.82,CA
96265,6/22/2013,Starbucks Coffee,-11.5,CA
96265,6/22/2013,Movie Ticket,-37.5,CA
96265,6/22/2013,Movie Ticket,-55.56,CA
96265,6/22/2013,Seaside Bar,-51.41,CA
96265,6/23/2013,Restaurant - Chinese,-16.63,CA
96265,6/23/2013,Concert Ticket,-108.4,CA
96265,6/23/2013,Public Transportation - Bus Pass,-45.74,CA
96265,6/23/2013,Public Transportation - Train Pass,-32.97,CA
96265,6/23/2013,Uber,-9.16,CA
96265,6/24/2013,Wine Bar,-19.46,CA
96265,6/24/2013,Concert Ticket,-30.58,CA
96265,6/24/2013,Public Transportation - Train Pass,-28.38,CA
96265,6/24/2013,Karaoke Bar,-30.52,CA
96265,6/24/2013,Ice Skating Rink,-51.96,CA
96265,6/24/2013,Taxi,-4.52,CA
96265,6/24/2013,Wine Bar,-18.61,CA
96265,6/25/2013,Bowling,-17.29,CA
96265,6/25/2013,Public Transportation - Bus Pass,-35.75,CA
96265,6/25/2013,Food Delivery - GrubHub,-105.14,CA
96265,6/25/2013,Restaurant - Burgers,-31.32,CA
96265,6/25/2013,John's Bar & Restaurant,-18.15,CA
96265,6/25/2013,Green Flash Brewery,-34.54,CA
96265,6/25/2013,Green Flash Brewery,-19.6,CA
96265,6/26/2013,Wine Bar,-12.83,CA
96265,6/26/2013,Wine Bar,-94.04,CA
96265,6/26/2013,Taxi,-32.93,CA
96265,6/26/2013,Owl Night Club,-5.69,CA
96265,6/26/2013,Von's Groceries,-7.78,CA
96265,6/27/2013,Seaside Bar,-19.68,CA
96265,6/27/2013,Seaside Bar,-16.24,CA
96265,6/28/2013,Concert Ticket,-45.11,CA
96265,6/29/2013,John's Bar & Restaurant,-18.22,CA
96265,6/29/2013,Fisker Night Club,-105.57,CA
96265,6/29/2013,Movie Ticket,-35.53,CA
96265,6/29/2013,Restaurant - Chinese,-3.3,CA
96265,6/30/2013,Bowling,-79.26,CA
96265,6/30/2013,Green Flash Brewery,-15.06,CA
96265,7/2/2013,Housing Rent,-1165,CA
96265,7/2/2013,Gas & Electric,-32,CA
96265,7/2/2013,ACS - Student Loans,-135,CA
96265,7/2/2013,Netflix Subscription,-4.99,CA
96265,7/2/2013,Water & Sewer,-53,CA
96265,7/2/2013,Credit Card Payment,-154,CA
96265,7/2/2013,Navient - Student Loans,-197,CA
96265,7/2/2013,Time Warner Cable,-25,CA
96265,7/2/2013,Seaside Bar,-109.92,CA
96265,7/2/2013,John's Bar & Restaurant,-77.63,CA
96265,7/3/2013,Public Transportation - Bus Pass,-22.56,CA
96265,7/3/2013,Concert Ticket,-13.09,CA
96265,7/4/2013,Lyft,-81.45,CA
96265,7/4/2013,Wine Bar,-35.52,CA
96265,7/4/2013,Karaoke Bar,-53.55,CA
96265,7/4/2013,Restaurant - Burgers,-22.69,CA
96265,7/5/2013,Concert Ticket,-93.46,CA
96265,7/5/2013,Fisker Night Club,-18.37,CA
96265,7/6/2013,Bowling,-35.34,CA
96265,7/7/2013,Restaurant - Pizza,-1.59,CA
96265,7/7/2013,John's Bar & Restaurant,-6.68,CA
96265,7/8/2013,Taxi,-20.64,CA
96265,7/8/2013,Concert Ticket,-2.66,CA
96265,7/8/2013,Lyft,-15.22,CA
96265,7/8/2013,Karaoke Bar,-33.71,CA
96265,7/9/2013,Karaoke Bar,-25,CA
96265,7/9/2013,Karaoke Bar,-14.25,CA
96265,7/9/2013,Movie Ticket,-12.83,CA
96265,7/10/2013,Restaurant - Chinese,-37.78,CA
96265,7/11/2013,Wine Bar,-33.37,CA
96265,7/11/2013,Restaurant - Chinese,-6.82,CA
96265,7/12/2013,Ice Skating Rink,-46.4,CA
96265,7/12/2013,Ice Skating Rink,-13.24,CA
96265,7/12/2013,Wine Bar,-68.98,CA
96265,7/13/2013,Lyft,-11.42,CA
96265,7/13/2013,Restaurant - Burgers,-25.91,CA
96265,7/13/2013,Uber,-21.21,CA
96265,7/14/2013,John's Bar & Restaurant,-22.45,CA
96265,7/14/2013,Ice Skating Rink,-12.73,CA
96265,7/14/2013,John's Bar & Restaurant,-33.87,CA
96265,7/14/2013,Seaside Bar,-15.68,CA
96265,7/15/2013,Public Transportation - Bus Pass,-27.81,CA
96265,7/15/2013,Public Transportation - Bus Pass,-19.05,CA
96265,7/15/2013,John's Bar & Restaurant,-17.57,CA
96265,7/15/2013,Ice Skating Rink,-7.13,CA
96265,7/15/2013,Public Transportation - Bus Pass,-20.53,CA
96265,7/16/2013,Restaurant - Burgers,-30.02,CA
96265,7/16/2013,Sprouts Market,-18.47,CA
96265,7/17/2013,Food Delivery - GrubHub,-19.28,CA
96265,7/17/2013,Movie Ticket,-12.21,CA
96265,7/17/2013,Concert Ticket,-6.24,CA
96265,7/18/2013,Green Flash Brewery,-0.5,CA
96265,7/18/2013,Movie Ticket,-22.09,CA
96265,7/18/2013,Uber,-91.03,CA
96265,7/18/2013,Sprouts Market,-16.07,CA
96265,7/19/2013,Lyft,-8.53,CA
96265,7/19/2013,Seaside Bar,-8.09,CA
96265,7/19/2013,Concert Ticket,-18.63,CA
96265,7/19/2013,Restaurant - Pizza,-59.42,CA
96265,7/20/2013,Public Transportation - Train Pass,-15.26,CA
96265,7/21/2013,Fisker Night Club,-11.77,CA
96265,7/22/2013,Green Flash Brewery,-49.93,CA
96265,7/22/2013,Ice Skating Rink,-41.11,CA
96265,7/23/2013,Movie Ticket,-13.19,CA
96265,7/23/2013,Movie Ticket,-34.18,CA
96265,7/23/2013,Whole Foods,-7.51,CA
96265,7/24/2013,Rodriguez's Bar and Grill,-0.14,CA
96265,7/24/2013,Restaurant - Burgers,-36.87,CA
96265,7/25/2013,Taxi,-11.81,CA
96265,7/26/2013,Concert Ticket,-32.75,CA
96265,7/26/2013,Bowling,-20.13,CA
96265,7/27/2013,Karaoke Bar,-3.5,CA
96265,7/27/2013,Ice Skating Rink,-32.7,CA
96265,7/27/2013,Starbucks Coffee,-1.93,CA
96265,7/27/2013,Starbucks Coffee,-12.26,CA
96265,7/27/2013,Public Transportation - Bus Pass,-38.8,CA
96265,7/27/2013,Sprouts Market,-0.61,CA
96265,7/28/2013,Whole Foods,-7.96,CA
96265,7/29/2013,Concert Ticket,-20.7,CA
96265,7/29/2013,Restaurant - Burgers,-19.94,CA
96265,7/30/2013,Food Delivery - GrubHub,-38.72,CA
96265,7/30/2013,Owl Night Club,-36.52,CA
96265,7/30/2013,Ice Skating Rink,-18.33,CA
96265,7/30/2013,Public Transportation - Train Pass,-22.47,CA
96265,7/30/2013,Bowling,-32.32,CA
96265,7/30/2013,Karaoke Bar,-34.7,CA
96265,7/30/2013,John's Bar & Restaurant,-71.65,CA
96265,8/2/2013,Housing Rent,-1109,CA
96265,8/2/2013,Gas & Electric,-32,CA
96265,8/2/2013,ACS - Student Loans,-135,CA
96265,8/2/2013,Netflix Subscription,-4.99,CA
96265,8/2/2013,Water & Sewer,-53,CA
96265,8/2/2013,Credit Card Payment,-154,CA
96265,8/2/2013,Navient - Student Loans,-197,CA
96265,8/2/2013,Time Warner Cable,-25,CA
96265,8/2/2013,Seaside Bar,-9.88,CA
96265,8/2/2013,John's Bar & Restaurant,-14.28,CA
96265,8/2/2013,Ice Skating Rink,-19.41,CA
96265,8/2/2013,Concert Ticket,-9.27,CA
96265,8/3/2013,John's Bar & Restaurant,-21.02,CA
96265,8/3/2013,Uber,-32.54,CA
96265,8/3/2013,Restaurant - Burgers,-97.88,CA
96265,8/4/2013,Ice Skating Rink,-29.41,CA
96265,8/5/2013,Lyft,-41.65,CA
96265,8/6/2013,John's Bar & Restaurant,-20.12,CA
96265,8/6/2013,Lyft,-16.79,CA
96265,8/7/2013,Public Transportation - Bus Pass,-12.68,CA
96265,8/7/2013,Taxi,-4.12,CA
96265,8/7/2013,Movie Ticket,-11.54,CA
96265,8/7/2013,John's Bar & Restaurant,-21.05,CA
96265,8/8/2013,Concert Ticket,-35.09,CA
96265,8/8/2013,John's Bar & Restaurant,-32.62,CA
96265,8/9/2013,Wine Bar,-37.94,CA
96265,8/9/2013,Public Transportation - Bus Pass,-0.25,CA
96265,8/9/2013,Public Transportation - Train Pass,-34.83,CA
96265,8/10/2013,Green Flash Brewery,-10.81,CA
96265,8/10/2013,Sprouts Market,-14.07,CA
96265,8/11/2013,Green Flash Brewery,-26.84,CA
96265,8/11/2013,Taxi,-20.72,CA
96265,8/11/2013,Ice Skating Rink,-65.76,CA
96265,8/11/2013,Restaurant - Pizza,-26.24,CA
96265,8/11/2013,John's Bar & Restaurant,-73.82,CA
96265,8/11/2013,Fisker Night Club,-61.2,CA
96265,8/12/2013,Owl Night Club,-3.82,CA
96265,8/12/2013,Karaoke Bar,-35.33,CA
96265,8/12/2013,Karaoke Bar,-10.2,CA
96265,8/12/2013,Movie Ticket,-19.74,CA
96265,8/12/2013,Ralph's Grocery Store,-25.59,CA
96265,8/12/2013,Rodriguez's Bar and Grill,-1.6,CA
96265,8/13/2013,Restaurant - Steakhouse,-7.44,CA
96265,8/14/2013,Fisker Night Club,-5.72,CA
96265,8/15/2013,Public Transportation - Train Pass,-6.02,CA
96265,8/15/2013,Restaurant - Chinese,-18.77,CA
96265,8/16/2013,John's Bar & Restaurant,-51.68,CA
96265,8/16/2013,Concert Ticket,-8.55,CA
96265,8/16/2013,Rodriguez's Bar and Grill,-34.24,CA
96265,8/17/2013,Fisker Night Club,-0.69,CA
96265,8/18/2013,Rodriguez's Bar and Grill,-7.21,CA
96265,8/19/2013,Seaside Bar,-6.24,CA
96265,8/19/2013,Fisker Night Club,-35.52,CA
96265,8/20/2013,Taxi,-8.25,CA
96265,8/21/2013,Wine Bar,-23.86,CA
96265,8/21/2013,Seaside Bar,-3.15,CA
96265,8/21/2013,Restaurant - Chinese,-16.05,CA
96265,8/22/2013,Restaurant - Steakhouse,-13.02,CA
96265,8/22/2013,Ice Skating Rink,-0.83,CA
96265,8/22/2013,Ice Skating Rink,-13.26,CA
96265,8/22/2013,Taxi,-5.54,CA
96265,8/23/2013,Concert Ticket,-65.1,CA
96265,8/23/2013,Public Transportation - Train Pass,-30.56,CA
96265,8/23/2013,Lyft,-31.57,CA
96265,8/24/2013,Owl Night Club,-46.75,CA
96265,8/24/2013,Seaside Bar,-21.92,CA
96265,8/24/2013,Starbucks Coffee,-12.54,CA
96265,8/24/2013,Bowling,-17.7,CA
96265,8/24/2013,Taxi,-28.49,CA
96265,8/24/2013,Owl Night Club,-37.44,CA
96265,8/24/2013,Lyft,-81.9,CA
96265,8/24/2013,Green Flash Brewery,-39.64,CA
96265,8/24/2013,Food Delivery - GrubHub,-13.46,CA
96265,8/24/2013,Public Transportation - Train Pass,-16.17,CA
96265,8/24/2013,Fisker Night Club,-23.19,CA
96265,8/24/2013,Green Flash Brewery,-86.84,CA
96265,8/24/2013,John's Bar & Restaurant,-8.67,CA
96265,8/25/2013,Wine Bar,-21.2,CA
96265,8/25/2013,Rodriguez's Bar and Grill,-25.55,CA
96265,8/25/2013,Green Flash Brewery,-1.42,CA
96265,8/26/2013,Public Transportation - Train Pass,-8.14,CA
96265,8/26/2013,Green Flash Brewery,-16.78,CA
96265,8/27/2013,Green Flash Brewery,-23.17,CA
96265,8/27/2013,Restaurant - Burgers,-7.36,CA
96265,8/27/2013,Public Transportation - Train Pass,-15.48,CA
96265,8/27/2013,Movie Ticket,-72.42,CA
96265,8/27/2013,Rodriguez's Bar and Grill,-64.17,CA
96265,8/27/2013,Seaside Bar,-39.55,CA
96265,8/27/2013,Restaurant - Pizza,-30.82,CA
96265,8/27/2013,Public Transportation - Train Pass,-14.4,CA
96265,8/27/2013,Sprouts Market,-4.39,CA
96265,8/27/2013,Concert Ticket,-37.39,CA
96265,8/27/2013,Owl Night Club,-26.13,CA
96265,8/28/2013,Bowling,-20.35,CA
96265,8/28/2013,Rodriguez's Bar and Grill,-25.15,CA
96265,8/29/2013,Public Transportation - Bus Pass,-5.61,CA
96265,8/30/2013,Fisker Night Club,-72.05,CA
96265,8/30/2013,Green Flash Brewery,-33.21,CA
96265,8/30/2013,Concert Ticket,-15.01,CA
96265,9/2/2013,Housing Rent,-1318,CA
96265,9/2/2013,Gas & Electric,-32,CA
96265,9/2/2013,ACS - Student Loans,-135,CA
96265,9/2/2013,Netflix Subscription,-4.99,CA
96265,9/2/2013,Water & Sewer,-53,CA
96265,9/2/2013,Credit Card Payment,-154,CA
96265,9/2/2013,Navient - Student Loans,-197,CA
96265,9/2/2013,Time Warner Cable,-25,CA
96265,9/2/2013,Wine Bar,-28.95,CA
96265,9/2/2013,Public Transportation - Bus Pass,-31.31,CA
96265,9/2/2013,Taxi,-13.46,CA
96265,9/2/2013,Restaurant - Pizza,-1.25,CA
96265,9/2/2013,Bowling,-5.58,CA
96265,9/2/2013,Starbucks Coffee,-39.08,CA
96265,9/3/2013,Fisker Night Club,-29.2,CA
96265,9/3/2013,Concert Ticket,-32.04,CA
96265,9/3/2013,Whole Foods,-84.2,CA
96265,9/3/2013,Rodriguez's Bar and Grill,-30.53,CA
96265,9/3/2013,Green Flash Brewery,-26.01,CA
96265,9/4/2013,Taxi,-23.43,CA
96265,9/4/2013,Wine Bar,-30.07,CA
96265,9/4/2013,Starbucks Coffee,-115.81,CA
96265,9/4/2013,Karaoke Bar,-106.32,CA
96265,9/4/2013,John's Bar & Restaurant,-15.41,CA
96265,9/4/2013,Green Flash Brewery,-14.53,CA
96265,9/4/2013,Uber,-63.72,CA
96265,9/4/2013,Restaurant - Pizza,-26.75,CA
96265,9/4/2013,Seaside Bar,-15,CA
96265,9/5/2013,Owl Night Club,-33.97,CA
96265,9/5/2013,Ice Skating Rink,-77.08,CA
96265,9/5/2013,Karaoke Bar,-31.12,CA
96265,9/6/2013,Restaurant - Chinese,-34.72,CA
96265,9/6/2013,Ice Skating Rink,-29.5,CA
96265,9/6/2013,Restaurant - Burgers,-39.73,CA
96265,9/6/2013,Sprouts Market,-16.51,CA
96265,9/7/2013,Uber,-35.75,CA
96265,9/7/2013,Movie Ticket,-5.71,CA
96265,9/7/2013,Taxi,-20.99,CA
96265,9/7/2013,Fisker Night Club,-25.71,CA
96265,9/7/2013,Ralph's Grocery Store,-112.47,CA
96265,9/8/2013,Owl Night Club,-25.01,CA
96265,9/8/2013,Food Delivery - GrubHub,-37.09,CA
96265,9/9/2013,Fisker Night Club,-101.12,CA
96265,9/9/2013,Restaurant - Burgers,-16.02,CA
96265,9/9/2013,Bowling,-35.16,CA
96265,9/9/2013,Ice Skating Rink,-11.05,CA
96265,9/9/2013,Ralph's Grocery Store,-4.8,CA
96265,9/9/2013,Ralph's Grocery Store,-5.89,CA
96265,9/9/2013,Restaurant - Chinese,-26.99,CA
96265,9/9/2013,Lyft,-49.11,CA
96265,9/9/2013,Rodriguez's Bar and Grill,-19.3,CA
96265,9/9/2013,Taxi,-7.82,CA
96265,9/9/2013,Public Transportation - Train Pass,-9.17,CA
96265,9/10/2013,Bowling,-16.8,CA
96265,9/10/2013,Restaurant - Chinese,-20.04,CA
96265,9/10/2013,Concert Ticket,-34.07,CA
96265,9/10/2013,Fisker Night Club,-66.94,CA
96265,9/10/2013,Owl Night Club,-17.69,CA
96265,9/11/2013,Rodriguez's Bar and Grill,-39.79,CA
96265,9/11/2013,Sprouts Market,-13.33,CA
96265,9/11/2013,Seaside Bar,-31.01,CA
96265,9/11/2013,Bowling,-12.98,CA
96265,9/11/2013,Restaurant - Pizza,-28.06,CA
96265,9/12/2013,Public Transportation - Bus Pass,-24.78,CA
96265,9/12/2013,Restaurant - Chinese,-7.31,CA
96265,9/12/2013,Karaoke Bar,-55.41,CA
96265,9/13/2013,Owl Night Club,-11.52,CA
96265,9/13/2013,Public Transportation - Bus Pass,-2.61,CA
96265,9/13/2013,Karaoke Bar,-40.71,CA
96265,9/13/2013,Public Transportation - Train Pass,-32.39,CA
96265,9/13/2013,John's Bar & Restaurant,-16.36,CA
96265,9/14/2013,Lyft,-1.35,CA
96265,9/14/2013,Taxi,-31.82,CA
96265,9/15/2013,Green Flash Brewery,-87.26,CA
96265,9/15/2013,Movie Ticket,-33,CA
96265,9/15/2013,Green Flash Brewery,-11.06,CA
96265,9/16/2013,Ice Skating Rink,-37.76,CA
96265,9/17/2013,Wine Bar,-2.66,CA
96265,9/18/2013,Public Transportation - Train Pass,-8.81,CA
96265,9/18/2013,Public Transportation - Bus Pass,-30.83,CA
96265,9/18/2013,John's Bar & Restaurant,-39.75,CA
96265,9/18/2013,Owl Night Club,-63.64,CA
96265,9/18/2013,Green Flash Brewery,-16.3,CA
96265,9/18/2013,John's Bar & Restaurant,-34.65,CA
96265,9/19/2013,Wine Bar,-33.46,CA
96265,9/19/2013,Ralph's Grocery Store,-9.64,CA
96265,9/19/2013,Wine Bar,-52.76,CA
96265,9/19/2013,Taxi,-55.05,CA
96265,9/19/2013,Restaurant - Chinese,-7.77,CA
96265,9/19/2013,Restaurant - Steakhouse,-110.36,CA
96265,9/19/2013,Movie Ticket,-29.99,CA
96265,9/20/2013,Fisker Night Club,-30.12,CA
96265,9/21/2013,Rodriguez's Bar and Grill,-32.03,CA
96265,9/21/2013,Rodriguez's Bar and Grill,-0.99,CA
96265,9/21/2013,Lyft,-3.02,CA
96265,9/22/2013,Taxi,-19.15,CA
96265,9/22/2013,Wine Bar,-22.76,CA
96265,9/23/2013,Owl Night Club,-7,CA
96265,9/23/2013,Ice Skating Rink,-31.55,CA
96265,9/23/2013,Seaside Bar,-39.42,CA
96265,9/23/2013,Wine Bar,-0.96,CA
96265,9/24/2013,John's Bar & Restaurant,-39.67,CA
96265,9/25/2013,Rodriguez's Bar and Grill,-8.46,CA
96265,9/25/2013,John's Bar & Restaurant,-20.65,CA
96265,9/25/2013,Bowling,-4.46,CA
96265,9/25/2013,Karaoke Bar,-27.55,CA
96265,9/26/2013,Restaurant - Pizza,-3.47,CA
96265,9/26/2013,Movie Ticket,-22.88,CA
96265,9/26/2013,Public Transportation - Train Pass,-24.08,CA
96265,9/26/2013,Public Transportation - Train Pass,-20.09,CA
96265,9/26/2013,Seaside Bar,-17.04,CA
96265,9/26/2013,Ralph's Grocery Store,-25.57,CA
96265,9/27/2013,Ice Skating Rink,-32.5,CA
96265,9/27/2013,Starbucks Coffee,-17.32,CA
96265,9/28/2013,Green Flash Brewery,-21.31,CA
96265,9/28/2013,Owl Night Club,-12.89,CA
96265,9/28/2013,John's Bar & Restaurant,-6.3,CA
96265,9/28/2013,Public Transportation - Train Pass,-7.75,CA
96265,9/28/2013,John's Bar & Restaurant,-14.82,CA
96265,9/28/2013,Wine Bar,-21.64,CA
96265,9/29/2013,Ice Skating Rink,-32.82,CA
96265,9/29/2013,Ice Skating Rink,-24.94,CA
96265,9/29/2013,Green Flash Brewery,-32.47,CA
96265,9/29/2013,Taxi,-18.85,CA
96265,9/29/2013,Rodriguez's Bar and Grill,-13.85,CA
96265,9/29/2013,Restaurant - Steakhouse,-3.4,CA
96265,9/29/2013,Uber,-24.44,CA
96265,9/30/2013,Fisker Night Club,-83.22,CA
96265,9/30/2013,Concert Ticket,-15.86,CA
96265,9/30/2013,Fisker Night Club,-18.43,CA
96265,9/30/2013,Restaurant - Chinese,-1.12,CA
96265,10/2/2013,Housing Rent,-1187,CA
96265,10/2/2013,Gas & Electric,-32,CA
96265,10/2/2013,ACS - Student Loans,-135,CA
96265,10/2/2013,Netflix Subscription,-4.99,CA
96265,10/2/2013,Water & Sewer,-53,CA
96265,10/2/2013,Credit Card Payment,-154,CA
96265,10/2/2013,Navient - Student Loans,-197,CA
96265,10/2/2013,Time Warner Cable,-25,CA
96265,10/2/2013,Uber,-26.45,CA
96265,10/2/2013,Von's Groceries,-15.71,CA
96265,10/2/2013,Wine Bar,-2.21,CA
96265,10/2/2013,John's Bar & Restaurant,-9.92,CA
96265,10/3/2013,Uber,-20.38,CA
96265,10/4/2013,Public Transportation - Train Pass,-36.2,CA
96265,10/5/2013,Wine Bar,-16.1,CA
96265,10/6/2013,John's Bar & Restaurant,-9.38,CA
96265,10/6/2013,Public Transportation - Bus Pass,-33.85,CA
96265,10/7/2013,Rodriguez's Bar and Grill,-21.29,CA
96265,10/7/2013,Wine Bar,-36.15,CA
96265,10/8/2013,Taxi,-4.17,CA
96265,10/8/2013,Rodriguez's Bar and Grill,-26.76,CA
96265,10/8/2013,Fisker Night Club,-16.76,CA
96265,10/8/2013,Movie Ticket,-93.98,CA
96265,10/8/2013,Owl Night Club,-11.09,CA
96265,10/8/2013,Restaurant - Chinese,-5.75,CA
96265,10/8/2013,Ice Skating Rink,-67.47,CA
96265,10/8/2013,Taxi,-2.32,CA
96265,10/8/2013,Green Flash Brewery,-24.34,CA
96265,10/8/2013,Seaside Bar,-33.99,CA
96265,10/8/2013,Karaoke Bar,-22.28,CA
96265,10/8/2013,Concert Ticket,-13.18,CA
96265,10/9/2013,Green Flash Brewery,-89.43,CA
96265,10/10/2013,Seaside Bar,-16.63,CA
96265,10/10/2013,Green Flash Brewery,-80.52,CA
96265,10/10/2013,Public Transportation - Train Pass,-38.46,CA
96265,10/10/2013,Seaside Bar,-97.47,CA
96265,10/10/2013,Karaoke Bar,-9.43,CA
96265,10/10/2013,Seaside Bar,-7.34,CA
96265,10/10/2013,Wine Bar,-22.09,CA
96265,10/10/2013,John's Bar & Restaurant,-19.4,CA
96265,10/10/2013,Uber,-75.35,CA
96265,10/10/2013,Lyft,-20.86,CA
96265,10/11/2013,Fisker Night Club,-102.29,CA
96265,10/12/2013,Rodriguez's Bar and Grill,-77.77,CA
96265,10/13/2013,Bowling,-32.25,CA
96265,10/14/2013,Seaside Bar,-10.78,CA
96265,10/14/2013,Whole Foods,-29.06,CA
96265,10/14/2013,Green Flash Brewery,-5.31,CA
96265,10/15/2013,Green Flash Brewery,-17.14,CA
96265,10/15/2013,Wine Bar,-37.26,CA
96265,10/15/2013,Sprouts Market,-53.4,CA
96265,10/16/2013,Green Flash Brewery,-27.62,CA
96265,10/16/2013,Owl Night Club,-16.91,CA
96265,10/17/2013,Movie Ticket,-31.11,CA
96265,10/17/2013,Wine Bar,-15.76,CA
96265,10/17/2013,Green Flash Brewery,-15.27,CA
96265,10/17/2013,Restaurant - Chinese,-11.12,CA
96265,10/17/2013,Fisker Night Club,-54.86,CA
96265,10/18/2013,Owl Night Club,-25.21,CA
96265,10/18/2013,Fisker Night Club,-73.51,CA
96265,10/18/2013,Green Flash Brewery,-28,CA
96265,10/18/2013,Public Transportation - Train Pass,-8.11,CA
96265,10/19/2013,Taxi,-13.45,CA
96265,10/19/2013,Von's Groceries,-35.21,CA
96265,10/20/2013,Rodriguez's Bar and Grill,-7.29,CA
96265,10/20/2013,Uber,-27.45,CA
96265,10/21/2013,Owl Night Club,-14.04,CA
96265,10/21/2013,Public Transportation - Train Pass,-39.93,CA
96265,10/21/2013,Uber,-7.09,CA
96265,10/21/2013,Movie Ticket,-15.29,CA
96265,10/21/2013,Concert Ticket,-3.86,CA
96265,10/21/2013,Wine Bar,-9.92,CA
96265,10/22/2013,Green Flash Brewery,-0.46,CA
96265,10/22/2013,Taxi,-85.07,CA
96265,10/22/2013,John's Bar & Restaurant,-23.4,CA
96265,10/23/2013,Lyft,-57.04,CA
96265,10/23/2013,Taxi,-2.78,CA
96265,10/23/2013,Seaside Bar,-31.39,CA
96265,10/23/2013,Public Transportation - Train Pass,-23.45,CA
96265,10/23/2013,Concert Ticket,-34.7,CA
96265,10/23/2013,Public Transportation - Train Pass,-2.35,CA
96265,10/24/2013,Owl Night Club,-4.07,CA
96265,10/24/2013,Whole Foods,-5.38,CA
96265,10/24/2013,Public Transportation - Train Pass,-31.03,CA
96265,10/24/2013,Concert Ticket,-9.77,CA
96265,10/24/2013,Wine Bar,-18.99,CA
96265,10/24/2013,Green Flash Brewery,-4.06,CA
96265,10/24/2013,Taxi,-36.25,CA
96265,10/24/2013,Wine Bar,-2.47,CA
96265,10/25/2013,Concert Ticket,-16.83,CA
96265,10/26/2013,Green Flash Brewery,-16.83,CA
96265,10/26/2013,Restaurant - Burgers,-25.71,CA
96265,10/27/2013,Taxi,-22.38,CA
96265,10/27/2013,Movie Ticket,-106.23,CA
96265,10/27/2013,Von's Groceries,-5.41,CA
96265,10/27/2013,Ralph's Grocery Store,-24.99,CA
96265,10/27/2013,Seaside Bar,-84.3,CA
96265,10/27/2013,Taxi,-12.79,CA
96265,10/27/2013,Bowling,-37.07,CA
96265,10/27/2013,Restaurant - Pizza,-24.71,CA
96265,10/28/2013,Karaoke Bar,-6.79,CA
96265,10/28/2013,Wine Bar,-28.26,CA
96265,10/29/2013,Movie Ticket,-30.21,CA
96265,10/29/2013,Concert Ticket,-9.02,CA
96265,10/30/2013,Owl Night Club,-31.85,CA
96265,11/2/2013,Housing Rent,-887,CA
96265,11/2/2013,Gas & Electric,-32,CA
96265,11/2/2013,ACS - Student Loans,-135,CA
96265,11/2/2013,Netflix Subscription,-4.99,CA
96265,11/2/2013,Water & Sewer,-53,CA
96265,11/2/2013,Credit Card Payment,-154,CA
96265,11/2/2013,Navient - Student Loans,-197,CA
96265,11/2/2013,Time Warner Cable,-25,CA
96265,11/2/2013,Whole Foods,-26.23,CA
96265,11/2/2013,Rodriguez's Bar and Grill,-33.29,CA
96265,11/2/2013,Ice Skating Rink,-30.09,CA
96265,11/2/2013,Green Flash Brewery,-34.79,CA
96265,11/3/2013,Starbucks Coffee,-19.25,CA
96265,11/3/2013,Rodriguez's Bar and Grill,-32.04,CA
96265,11/3/2013,Ice Skating Rink,-6.24,CA
96265,11/3/2013,John's Bar & Restaurant,-46.19,CA
96265,11/4/2013,Concert Ticket,-115.4,CA
96265,11/4/2013,Uber,-15.37,CA
96265,11/5/2013,Green Flash Brewery,-4.48,CA
96265,11/6/2013,Ice Skating Rink,-7.58,CA
96265,11/7/2013,Restaurant - Chinese,-33.03,CA
96265,11/7/2013,Taxi,-33.09,CA
96265,11/7/2013,Public Transportation - Bus Pass,-42.92,CA
96265,11/7/2013,Karaoke Bar,-11,CA
96265,11/8/2013,Restaurant - Pizza,-35.64,CA
96265,11/8/2013,Karaoke Bar,-66.56,CA
96265,11/8/2013,Ice Skating Rink,-25.54,CA
96265,11/8/2013,Rodriguez's Bar and Grill,-28.05,CA
96265,11/9/2013,Restaurant - Chinese,-21.11,CA
96265,11/9/2013,Whole Foods,-2.28,CA
96265,11/9/2013,Ice Skating Rink,-5.02,CA
96265,11/9/2013,Public Transportation - Train Pass,-30.89,CA
96265,11/9/2013,Rodriguez's Bar and Grill,-27.96,CA
96265,11/9/2013,Movie Ticket,-95.33,CA
96265,11/9/2013,Uber,-21.14,CA
96265,11/9/2013,Taxi,-113.18,CA
96265,11/10/2013,Uber,-22.42,CA
96265,11/11/2013,Bowling,-1.98,CA
96265,11/12/2013,Uber,-11.26,CA
96265,11/12/2013,Karaoke Bar,-113.37,CA
96265,11/12/2013,John's Bar & Restaurant,-22.73,CA
96265,11/12/2013,Restaurant - Chinese,-8.85,CA
96265,11/13/2013,Seaside Bar,-1.78,CA
96265,11/14/2013,Public Transportation - Train Pass,-29.08,CA
96265,11/14/2013,Seaside Bar,-19.15,CA
96265,11/14/2013,Karaoke Bar,-29.95,CA
96265,11/14/2013,Lyft,-30.54,CA
96265,11/14/2013,Rodriguez's Bar and Grill,-55.78,CA
96265,11/15/2013,Sprouts Market,-27.45,CA
96265,11/16/2013,John's Bar & Restaurant,-0.9,CA
96265,11/16/2013,Seaside Bar,-32.97,CA
96265,11/16/2013,Public Transportation - Train Pass,-5.95,CA
96265,11/16/2013,Fisker Night Club,-30.6,CA
96265,11/17/2013,Restaurant - Burgers,-7.04,CA
96265,11/17/2013,Fisker Night Club,-119.39,CA
96265,11/18/2013,Fisker Night Club,-18.97,CA
96265,11/18/2013,Rodriguez's Bar and Grill,-34.44,CA
96265,11/19/2013,Green Flash Brewery,-28.7,CA
96265,11/19/2013,John's Bar & Restaurant,-62.81,CA
96265,11/20/2013,Wine Bar,-21.2,CA
96265,11/20/2013,Restaurant - Pizza,-30.66,CA
96265,11/21/2013,John's Bar & Restaurant,-32.36,CA
96265,11/22/2013,Starbucks Coffee,-24.58,CA
96265,11/23/2013,Karaoke Bar,-1.18,CA
96265,11/24/2013,Uber,-32.18,CA
96265,11/25/2013,Uber,-10.66,CA
96265,11/26/2013,Von's Groceries,-65.91,CA
96265,11/27/2013,Concert Ticket,-39.36,CA
96265,11/27/2013,Ice Skating Rink,-17.12,CA
96265,11/27/2013,Ralph's Grocery Store,-29.2,CA
96265,11/27/2013,Uber,-28.08,CA
96265,11/28/2013,Concert Ticket,-9.35,CA
96265,11/29/2013,Seaside Bar,-99.16,CA
96265,11/29/2013,Owl Night Club,-100.96,CA
96265,11/29/2013,Uber,-5.86,CA
96265,11/30/2013,Restaurant - Burgers,-90.06,CA
96265,12/2/2013,Housing Rent,-978,CA
96265,12/2/2013,Gas & Electric,-32,CA
96265,12/2/2013,ACS - Student Loans,-135,CA
96265,12/2/2013,Netflix Subscription,-4.99,CA
96265,12/2/2013,Water & Sewer,-53,CA
96265,12/2/2013,Credit Card Payment,-154,CA
96265,12/2/2013,Navient - Student Loans,-197,CA
96265,12/2/2013,Time Warner Cable,-25,CA
96265,12/2/2013,Movie Ticket,-13.3,CA
96265,12/3/2013,Wine Bar,-35.78,CA
96265,12/4/2013,Fisker Night Club,-39.46,CA
96265,12/4/2013,Food Delivery - GrubHub,-22.89,CA
96265,12/4/2013,Fisker Night Club,-12.48,CA
96265,12/4/2013,Movie Ticket,-39.02,CA
96265,12/4/2013,Green Flash Brewery,-5.01,CA
96265,12/4/2013,Taxi,-29.09,CA
96265,12/4/2013,Sprouts Market,-30.45,CA
96265,12/4/2013,Restaurant - Steakhouse,-25.95,CA
96265,12/5/2013,Concert Ticket,-0.53,CA
96265,12/6/2013,Karaoke Bar,-10.73,CA
96265,12/6/2013,Rodriguez's Bar and Grill,-28.02,CA
96265,12/6/2013,John's Bar & Restaurant,-5.54,CA
96265,12/6/2013,Uber,-9.53,CA
96265,12/6/2013,Wine Bar,-16.27,CA
96265,12/6/2013,Uber,-12.02,CA
96265,12/7/2013,Lyft,-36.58,CA
96265,12/7/2013,Bowling,-55.25,CA
96265,12/8/2013,Public Transportation - Bus Pass,-29.02,CA
96265,12/8/2013,Green Flash Brewery,-31.63,CA
96265,12/8/2013,Green Flash Brewery,-1.24,CA
96265,12/8/2013,Starbucks Coffee,-99.84,CA
96265,12/8/2013,Movie Ticket,-22.61,CA
96265,12/8/2013,Movie Ticket,-31.72,CA
96265,12/8/2013,Restaurant - Burgers,-9.53,CA
96265,12/9/2013,Seaside Bar,-23.19,CA
96265,12/9/2013,Movie Ticket,-33.39,CA
96265,12/9/2013,Concert Ticket,-69.59,CA
96265,12/10/2013,Restaurant - Steakhouse,-4.29,CA
96265,12/10/2013,Movie Ticket,-1.64,CA
96265,12/10/2013,Concert Ticket,-37.54,CA
96265,12/10/2013,Fisker Night Club,-28.62,CA
96265,12/10/2013,Lyft,-2.82,CA
96265,12/10/2013,Owl Night Club,-69.3,CA
96265,12/10/2013,Wine Bar,-6.31,CA
96265,12/11/2013,Public Transportation - Bus Pass,-28.14,CA
96265,12/12/2013,Sprouts Market,-23.49,CA
96265,12/13/2013,Lyft,-33.81,CA
96265,12/14/2013,Movie Ticket,-11.14,CA
96265,12/14/2013,John's Bar & Restaurant,-40.48,CA
96265,12/14/2013,Sprouts Market,-5.02,CA
96265,12/14/2013,Uber,-75.83,CA
96265,12/15/2013,Owl Night Club,-81.83,CA
96265,12/15/2013,Ralph's Grocery Store,-38.23,CA
96265,12/15/2013,Public Transportation - Bus Pass,-9.23,CA
96265,12/15/2013,Public Transportation - Bus Pass,-44.8,CA
96265,12/16/2013,Fisker Night Club,-17.09,CA
96265,12/16/2013,Whole Foods,-21.81,CA
96265,12/16/2013,Restaurant - Burgers,-17.81,CA
96265,12/17/2013,Lyft,-42.16,CA
96265,12/17/2013,Rodriguez's Bar and Grill,-32.86,CA
96265,12/17/2013,Ice Skating Rink,-18.67,CA
96265,12/17/2013,Rodriguez's Bar and Grill,-27.5,CA
96265,12/17/2013,Concert Ticket,-21.24,CA
96265,12/18/2013,Restaurant - Steakhouse,-8.05,CA
96265,12/18/2013,Taxi,-29.51,CA
96265,12/18/2013,Uber,-26.37,CA
96265,12/18/2013,Bowling,-74.96,CA
96265,12/18/2013,Uber,-7.48,CA
96265,12/19/2013,Rodriguez's Bar and Grill,-1.93,CA
96265,12/20/2013,Owl Night Club,-66.68,CA
96265,12/21/2013,Seaside Bar,-15.03,CA
96265,12/21/2013,Fisker Night Club,-54.4,CA
96265,12/21/2013,Fisker Night Club,-13.09,CA
96265,12/21/2013,Bowling,-7.64,CA
96265,12/22/2013,Green Flash Brewery,-16.21,CA
96265,12/22/2013,Concert Ticket,-30.44,CA
96265,12/22/2013,Movie Ticket,-6.14,CA
96265,12/22/2013,Restaurant - Chinese,-28.88,CA
96265,12/23/2013,Restaurant - Burgers,-24.97,CA
96265,12/23/2013,Movie Ticket,-34.96,CA
96265,12/23/2013,Bowling,-11.36,CA
96265,12/24/2013,Bowling,-29.4,CA
96265,12/25/2013,Karaoke Bar,-29.94,CA
96265,12/25/2013,Owl Night Club,-32.02,CA
96265,12/25/2013,Rodriguez's Bar and Grill,-0.4,CA
96265,12/25/2013,Owl Night Club,-1,CA
96265,12/25/2013,Ice Skating Rink,-4.91,CA
96265,12/25/2013,Owl Night Club,-19.8,CA
96265,12/25/2013,Seaside Bar,-39.13,CA
96265,12/26/2013,Fisker Night Club,-31.13,CA
96265,12/27/2013,Starbucks Coffee,-6.13,CA
96265,12/27/2013,Sprouts Market,-11.6,CA
96265,12/28/2013,Green Flash Brewery,-29.05,CA
96265,12/28/2013,Starbucks Coffee,-22.71,CA
96265,12/29/2013,Sprouts Market,-54.33,CA
96265,12/29/2013,Von's Groceries,-32.99,CA
96265,12/30/2013,Karaoke Bar,-6.04,CA
96265,12/30/2013,Wine Bar,-27.41,CA
96265,12/30/2013,Restaurant - Steakhouse,-38.79,CA
96265,12/30/2013,Green Flash Brewery,-4.74,CA
96265,12/30/2013,Movie Ticket,-40.8,CA
96265,12/30/2013,Owl Night Club,-30.42,CA
96265,12/30/2013,Green Flash Brewery,-33.26,CA
96265,12/30/2013,Taxi,-39.23,CA
96265,12/32/2013,Movie Ticket,-25.96,CA
96265,12/32/2013,Public Transportation - Train Pass,-15.76,CA
96265,12/32/2013,Movie Ticket,-55.33,CA
96265,12/32/2013,Movie Ticket,-18.4,CA
96265,12/32/2013,Fisker Night Club,-15.15,CA
96265,1/2/2014,Ralph's Grocery Store,-68.19,CA
96265,1/2/2014,Whole Foods,-27.31,CA
96265,1/2/2014,Ice Skating Rink,-16.08,CA
96265,1/3/2014,Uber,-36.07,CA
96265,1/3/2014,Fisker Night Club,-19.81,CA
96265,1/3/2014,Public Transportation - Bus Pass,-1.78,CA
96265,1/4/2014,Restaurant - Burgers,-27.7,CA
96265,1/5/2014,Ice Skating Rink,-32.99,CA
96265,1/6/2014,Green Flash Brewery,-28.26,CA
96265,1/6/2014,Wine Bar,-11.54,CA
96265,1/6/2014,Public Transportation - Train Pass,-22.44,CA
96265,1/6/2014,Owl Night Club,-1.8,CA
96265,1/7/2014,Restaurant - Burgers,-33.57,CA
96265,1/8/2014,Bowling,-23.23,CA
96265,1/8/2014,Fisker Night Club,-115.05,CA
96265,1/8/2014,Lyft,-16.72,CA
96265,1/8/2014,Uber,-16.29,CA
96265,1/9/2014,Lyft,-29.46,CA
96265,1/9/2014,Fisker Night Club,-12.21,CA
96265,1/10/2014,Karaoke Bar,-21.5,CA
96265,1/10/2014,Rodriguez's Bar and Grill,-9.92,CA
96265,1/10/2014,Bowling,-7.19,CA
96265,1/10/2014,Wine Bar,-5.75,CA
96265,1/10/2014,Wine Bar,-16.26,CA
96265,1/10/2014,Public Transportation - Train Pass,-95.04,CA
96265,1/10/2014,Ice Skating Rink,-40.29,CA
96265,1/10/2014,Whole Foods,-32.03,CA
96265,1/11/2014,Owl Night Club,-5.47,CA
96265,1/11/2014,Rodriguez's Bar and Grill,-88.61,CA
96265,1/11/2014,Seaside Bar,-13.07,CA
96265,1/11/2014,Uber,-15.61,CA
96265,1/12/2014,Green Flash Brewery,-39.16,CA
96265,1/12/2014,Movie Ticket,-38.41,CA
96265,1/13/2014,Food Delivery - GrubHub,-15.95,CA
96265,1/13/2014,Ralph's Grocery Store,-12.85,CA
96265,1/14/2014,Green Flash Brewery,-21.06,CA
96265,1/15/2014,Ralph's Grocery Store,-118.53,CA
96265,1/16/2014,Bowling,-38.44,CA
96265,1/17/2014,Public Transportation - Train Pass,-2.51,CA
96265,1/17/2014,Von's Groceries,-0.14,CA
96265,1/17/2014,Uber,-26.36,CA
96265,1/17/2014,Uber,-5.34,CA
96265,1/17/2014,Movie Ticket,-44.52,CA
96265,1/17/2014,Karaoke Bar,-19.41,CA
96265,1/18/2014,Karaoke Bar,-2.14,CA
96265,1/19/2014,Food Delivery - GrubHub,-21.59,CA
96265,1/19/2014,Public Transportation - Bus Pass,-0.07,CA
96265,1/19/2014,Karaoke Bar,-28.58,CA
96265,1/20/2014,Uber,-69.92,CA
96265,1/20/2014,Concert Ticket,-21.79,CA
96265,1/20/2014,Fisker Night Club,-105.73,CA
96265,1/20/2014,Movie Ticket,-45.08,CA
96265,1/21/2014,Whole Foods,-118.76,CA
96265,1/21/2014,Taxi,-9.46,CA
96265,1/21/2014,Green Flash Brewery,-0.07,CA
96265,1/21/2014,Karaoke Bar,-77.14,CA
96265,1/22/2014,Uber,-23.63,CA
96265,1/22/2014,Lyft,-3.41,CA
96265,1/23/2014,Fisker Night Club,-3.37,CA
96265,1/24/2014,Ice Skating Rink,-35.19,CA
96265,1/24/2014,Taxi,-17.15,CA
96265,1/24/2014,Seaside Bar,-15.9,CA
96265,1/24/2014,Fisker Night Club,-22.43,CA
96265,1/25/2014,Public Transportation - Bus Pass,-19.06,CA
96265,1/25/2014,Bowling,-80.85,CA
96265,1/25/2014,Ice Skating Rink,-80.76,CA
96265,1/26/2014,Seaside Bar,-26.02,CA
96265,1/26/2014,Uber,-23.41,CA
96265,1/27/2014,Seaside Bar,-33.08,CA
96265,1/27/2014,Sprouts Market,-36.51,CA
96265,1/27/2014,Movie Ticket,-37.66,CA
96265,1/28/2014,Von's Groceries,-38.17,CA
96265,1/28/2014,Ice Skating Rink,-33.99,CA
96265,1/29/2014,Green Flash Brewery,-27.8,CA
96265,1/29/2014,Seaside Bar,-5.73,CA
96265,1/29/2014,Concert Ticket,-15.31,CA
96265,1/29/2014,Starbucks Coffee,-31.44,CA
96265,1/29/2014,Wine Bar,-32.56,CA
96265,1/29/2014,Food Delivery - GrubHub,-2.66,CA
96265,1/29/2014,Ice Skating Rink,-11.63,CA
96265,1/30/2014,Uber,-77.05,CA
96265,1/30/2014,Seaside Bar,-14.58,CA
96265,3/2/2014,Housing Rent,-749,CA
96265,3/2/2014,Gas & Electric,-32,CA
96265,3/2/2014,ACS - Student Loans,-135,CA
96265,3/2/2014,Netflix Subscription,-4.99,CA
96265,3/2/2014,Water & Sewer,-53,CA
96265,3/2/2014,Credit Card Payment,-154,CA
96265,3/2/2014,Navient - Student Loans,-197,CA
96265,3/2/2014,Time Warner Cable,-25,CA
96265,3/2/2014,Whole Foods,-30.58,CA
96265,3/2/2014,Restaurant - Pizza,-22.97,CA
96265,3/3/2014,Public Transportation - Bus Pass,-1.07,CA
96265,3/4/2014,Bowling,-12.42,CA
96265,3/4/2014,Public Transportation - Bus Pass,-5.51,CA
96265,3/4/2014,Food Delivery - GrubHub,-18.55,CA
96265,3/4/2014,Uber,-5.74,CA
96265,3/4/2014,Von's Groceries,-63.94,CA
96265,3/4/2014,Wine Bar,-7.22,CA
96265,3/5/2014,Owl Night Club,-15.02,CA
96265,3/5/2014,Ice Skating Rink,-23.35,CA
96265,3/6/2014,Whole Foods,-29.68,CA
96265,3/6/2014,John's Bar & Restaurant,-39.49,CA
96265,3/6/2014,Green Flash Brewery,-7.53,CA
96265,3/7/2014,Taxi,-15.57,CA
96265,3/8/2014,Public Transportation - Train Pass,-32.24,CA
96265,3/9/2014,Starbucks Coffee,-17.04,CA
96265,3/9/2014,Fisker Night Club,-27.41,CA
96265,3/9/2014,Restaurant - Chinese,-4.16,CA
96265,3/9/2014,Concert Ticket,-5.44,CA
96265,3/9/2014,Bowling,-37.05,CA
96265,3/9/2014,John's Bar & Restaurant,-2.68,CA
96265,3/10/2014,Von's Groceries,-0.95,CA
96265,3/11/2014,Wine Bar,-33.9,CA
96265,3/11/2014,Owl Night Club,-5.57,CA
96265,3/11/2014,Movie Ticket,-23.91,CA
96265,3/11/2014,Green Flash Brewery,-30.53,CA
96265,3/11/2014,Seaside Bar,-19.18,CA
96265,3/11/2014,Ralph's Grocery Store,-11.23,CA
96265,3/12/2014,Uber,-30.24,CA
96265,3/13/2014,Movie Ticket,-15.68,CA
96265,3/14/2014,Sprouts Market,-35.21,CA
96265,3/14/2014,Public Transportation - Bus Pass,-34.91,CA
96265,3/14/2014,Wine Bar,-39.2,CA
96265,3/15/2014,Concert Ticket,-26.62,CA
96265,3/15/2014,Starbucks Coffee,-18.85,CA
96265,3/15/2014,Restaurant - Steakhouse,-19.87,CA
96265,3/15/2014,Movie Ticket,-11.73,CA
96265,3/16/2014,Restaurant - Chinese,-44.36,CA
96265,3/16/2014,Starbucks Coffee,-39.92,CA
96265,3/16/2014,Taxi,-37.05,CA
96265,3/16/2014,Starbucks Coffee,-29.45,CA
96265,3/16/2014,Public Transportation - Bus Pass,-16.9,CA
96265,3/16/2014,John's Bar & Restaurant,-5.89,CA
96265,3/16/2014,Public Transportation - Bus Pass,-84.09,CA
96265,3/16/2014,Restaurant - Pizza,-10.67,CA
96265,3/16/2014,Ice Skating Rink,-25.31,CA
96265,3/16/2014,Owl Night Club,-32.43,CA
96265,3/16/2014,Concert Ticket,-29.71,CA
96265,3/16/2014,Green Flash Brewery,-29.14,CA
96265,3/17/2014,Restaurant - Burgers,-37.16,CA
96265,3/17/2014,Lyft,-36.41,CA
96265,3/17/2014,Movie Ticket,-22.02,CA
96265,3/18/2014,Sprouts Market,-67.76,CA
96265,3/18/2014,Rodriguez's Bar and Grill,-117.58,CA
96265,3/18/2014,Concert Ticket,-34,CA
96265,3/18/2014,Rodriguez's Bar and Grill,-34.99,CA
96265,3/18/2014,Lyft,-51.2,CA
96265,3/19/2014,Green Flash Brewery,-23.59,CA
96265,3/19/2014,Rodriguez's Bar and Grill,-32.07,CA
96265,3/19/2014,Fisker Night Club,-1.05,CA
96265,3/20/2014,Rodriguez's Bar and Grill,-27.05,CA
96265,3/20/2014,Seaside Bar,-28.13,CA
96265,3/20/2014,Rodriguez's Bar and Grill,-3.86,CA
96265,3/20/2014,Ralph's Grocery Store,-97.92,CA
96265,3/20/2014,Public Transportation - Bus Pass,-24.89,CA
96265,3/20/2014,Restaurant - Burgers,-7.43,CA
96265,3/21/2014,Owl Night Club,-34.4,CA
96265,3/21/2014,Taxi,-21.43,CA
96265,3/21/2014,Bowling,-35.85,CA
96265,3/21/2014,Movie Ticket,-31.16,CA
96265,3/22/2014,Whole Foods,-2.95,CA
96265,3/22/2014,Owl Night Club,-75.48,CA
96265,3/22/2014,Seaside Bar,-15.67,CA
96265,3/22/2014,Ice Skating Rink,-38.62,CA
96265,3/22/2014,John's Bar & Restaurant,-13.65,CA
96265,3/23/2014,Green Flash Brewery,-29.79,CA
96265,3/24/2014,Restaurant - Burgers,-26.82,CA
96265,3/24/2014,John's Bar & Restaurant,-94.24,CA
96265,3/24/2014,Fisker Night Club,-90.25,CA
96265,3/25/2014,Public Transportation - Train Pass,-39.83,CA
96265,3/25/2014,Seaside Bar,-69.6,CA
96265,3/26/2014,Rodriguez's Bar and Grill,-27.72,CA
96265,3/26/2014,Ice Skating Rink,-30.79,CA
96265,3/27/2014,Restaurant - Chinese,-15.21,CA
96265,3/28/2014,Movie Ticket,-9.59,CA
96265,3/28/2014,Uber,-28.01,CA
96265,3/28/2014,John's Bar & Restaurant,-30.12,CA
96265,3/29/2014,Taxi,-32.6,CA
96265,3/29/2014,Green Flash Brewery,-32.41,CA
96265,3/29/2014,Sprouts Market,-7.82,CA
96265,3/30/2014,Green Flash Brewery,-20.26,CA
96265,3/30/2014,Starbucks Coffee,-110.58,CA
96265,4/2/2014,Housing Rent,-1378,CA
96265,4/2/2014,Gas & Electric,-32,CA
96265,4/2/2014,ACS - Student Loans,-135,CA
96265,4/2/2014,Netflix Subscription,-4.99,CA
96265,4/2/2014,Water & Sewer,-53,CA
96265,4/2/2014,Credit Card Payment,-154,CA
96265,4/2/2014,Navient - Student Loans,-197,CA
96265,4/2/2014,Time Warner Cable,-25,CA
96265,4/2/2014,John's Bar & Restaurant,-19.63,CA
96265,4/3/2014,Bowling,-34.31,CA
96265,4/3/2014,Wine Bar,-27.04,CA
96265,4/4/2014,Rodriguez's Bar and Grill,-37.62,CA
96265,4/5/2014,Public Transportation - Train Pass,-8.77,CA
96265,4/5/2014,Wine Bar,-22.49,CA
96265,4/5/2014,Sprouts Market,-25.06,CA
96265,4/5/2014,Lyft,-18.11,CA
96265,4/5/2014,Ralph's Grocery Store,-23.74,CA
96265,4/6/2014,Green Flash Brewery,-23.38,CA
96265,4/6/2014,Public Transportation - Train Pass,-112.09,CA
96265,4/7/2014,Taxi,-97.36,CA
96265,4/8/2014,Starbucks Coffee,-35.79,CA
96265,4/8/2014,Owl Night Club,-82.12,CA
96265,4/8/2014,Karaoke Bar,-96.66,CA
96265,4/8/2014,Restaurant - Pizza,-74.27,CA
96265,4/8/2014,Wine Bar,-17.14,CA
96265,4/8/2014,John's Bar & Restaurant,-37.16,CA
96265,4/9/2014,Wine Bar,-81.78,CA
96265,4/10/2014,Ice Skating Rink,-89.08,CA
96265,4/10/2014,Ice Skating Rink,-20.89,CA
96265,4/10/2014,Seaside Bar,-33.27,CA
96265,4/10/2014,Public Transportation - Bus Pass,-11.48,CA
96265,4/10/2014,Starbucks Coffee,-36.4,CA
96265,4/10/2014,Sprouts Market,-31.6,CA
96265,4/11/2014,Wine Bar,-15.54,CA
96265,4/11/2014,Von's Groceries,-25.9,CA
96265,4/11/2014,Green Flash Brewery,-26.05,CA
96265,4/12/2014,Karaoke Bar,-20.9,CA
96265,4/12/2014,Starbucks Coffee,-18.75,CA
96265,4/12/2014,Green Flash Brewery,-93.04,CA
96265,4/13/2014,Green Flash Brewery,-14.08,CA
96265,4/13/2014,John's Bar & Restaurant,-8.37,CA
96265,4/13/2014,Movie Ticket,-27.33,CA
96265,4/13/2014,Fisker Night Club,-18.69,CA
96265,4/14/2014,Wine Bar,-49.41,CA
96265,4/14/2014,Restaurant - Pizza,-11.17,CA
96265,4/15/2014,Public Transportation - Bus Pass,-22.03,CA
96265,4/15/2014,Restaurant - Pizza,-26.05,CA
96265,4/15/2014,Lyft,-35.85,CA
96265,4/15/2014,Ice Skating Rink,-6.6,CA
96265,4/15/2014,John's Bar & Restaurant,-27.86,CA
96265,4/15/2014,Restaurant - Steakhouse,-38.06,CA
96265,4/15/2014,John's Bar & Restaurant,-10.15,CA
96265,4/15/2014,Seaside Bar,-37.13,CA
96265,4/15/2014,Seaside Bar,-18.1,CA
96265,4/15/2014,Wine Bar,-14.1,CA
96265,4/15/2014,Starbucks Coffee,-14.85,CA
96265,4/16/2014,Movie Ticket,-12.82,CA
96265,4/17/2014,Green Flash Brewery,-39.02,CA
96265,4/17/2014,Uber,-21.54,CA
96265,4/18/2014,Starbucks Coffee,-22.37,CA
96265,4/18/2014,Rodriguez's Bar and Grill,-1.41,CA
96265,4/19/2014,Ice Skating Rink,-21.36,CA
96265,4/19/2014,Public Transportation - Bus Pass,-79.19,CA
96265,4/20/2014,Taxi,-17.72,CA
96265,4/20/2014,John's Bar & Restaurant,-25.59,CA
96265,4/20/2014,John's Bar & Restaurant,-15.48,CA
96265,4/20/2014,Ice Skating Rink,-0.96,CA
96265,4/20/2014,Divorce Lawyer Fees,-37.94,CA
96265,4/20/2014,Comfort Inn,-31.11,CA
96265,4/20/2014,Best Western Hotel,-112.02,CA
96265,4/20/2014,Fisker Night Club,-6.77,CA
96265,4/21/2014,Public Transportation - Train Pass,-3.28,CA
96265,4/21/2014,Lyft,-92.56,CA
96265,4/21/2014,Public Transportation - Bus Pass,-64.33,CA
96265,4/22/2014,Public Transportation - Bus Pass,-4.86,CA
96265,4/22/2014,Public Transportation - Bus Pass,-25.31,CA
96265,4/22/2014,Food Delivery - GrubHub,-23.95,CA
96265,4/22/2014,Restaurant - Steakhouse,-9.47,CA
96265,4/22/2014,Wine Bar,-35.39,CA
96265,4/22/2014,Taxi,-36.96,CA
96265,4/23/2014,Whole Foods,-2.15,CA
96265,4/23/2014,Movie Ticket,-25.96,CA
96265,4/23/2014,John's Bar & Restaurant,-1.52,CA
96265,4/24/2014,Karaoke Bar,-25.18,CA
96265,4/25/2014,Taxi,-3.73,CA
96265,4/25/2014,Wine Bar,-43.16,CA
96265,4/25/2014,Public Transportation - Bus Pass,-14.94,CA
96265,4/25/2014,Lyft,-34.14,CA
96265,4/26/2014,Restaurant - Burgers,-29.81,CA
96265,4/27/2014,Fisker Night Club,-4.72,CA
96265,4/27/2014,Fisker Night Club,-25.11,CA
96265,4/27/2014,Taxi,-15.7,CA
96265,4/27/2014,Public Transportation - Train Pass,-8.48,CA
96265,4/27/2014,Restaurant - Pizza,-50.14,CA
96265,4/27/2014,Karaoke Bar,-39.21,CA
96265,4/27/2014,Green Flash Brewery,-117.8,CA
96265,4/27/2014,John's Bar & Restaurant,-39.59,CA
96265,4/27/2014,Lyft,-28.8,CA
96265,4/27/2014,Sprouts Market,-27.6,CA
96265,4/28/2014,Karaoke Bar,-4.86,CA
96265,4/29/2014,Bowling,-36.75,CA
96265,4/29/2014,Karaoke Bar,-28.81,CA
96265,4/29/2014,Ice Skating Rink,-113.47,CA
96265,4/29/2014,Bowling,-2.75,CA
96265,4/29/2014,Public Transportation - Train Pass,-20.33,CA
96265,4/29/2014,Movie Ticket,-3.64,CA
96265,4/29/2014,Owl Night Club,-39.13,CA
96265,4/29/2014,Rodriguez's Bar and Grill,-23.21,CA
96265,4/29/2014,Seaside Bar,-11.13,CA
96265,4/29/2014,Uber,-19.7,CA
96265,4/29/2014,Restaurant - Chinese,-35.21,CA
96265,4/30/2014,Public Transportation - Bus Pass,-29.92,CA
96265,4/30/2014,Public Transportation - Bus Pass,-7.64,CA
96265,4/30/2014,Von's Groceries,-29.7,CA
96265,5/2/2014,Housing Rent,-1000,CA
96265,5/2/2014,Gas & Electric,-32,CA
96265,5/2/2014,ACS - Student Loans,-135,CA
96265,5/2/2014,Netflix Subscription,-4.99,CA
96265,5/2/2014,Water & Sewer,-53,CA
96265,5/2/2014,Credit Card Payment,-154,CA
96265,5/2/2014,Navient - Student Loans,-197,CA
96265,5/2/2014,Time Warner Cable,-25,CA
96265,5/2/2014,Public Transportation - Train Pass,-16.38,CA
96265,5/3/2014,Lyft,-1.16,CA
96265,5/4/2014,Green Flash Brewery,-18.47,CA
96265,5/4/2014,Public Transportation - Bus Pass,-18.25,CA
96265,5/4/2014,John's Bar & Restaurant,-17.36,CA
96265,5/4/2014,Ice Skating Rink,-64.92,CA
96265,5/4/2014,Seaside Bar,-29.76,CA
96265,5/5/2014,Concert Ticket,-1.77,CA
96265,5/6/2014,Public Transportation - Bus Pass,-12.34,CA
96265,5/6/2014,Fisker Night Club,-22.21,CA
96265,5/7/2014,Ralph's Grocery Store,-6.92,CA
96265,5/7/2014,Taxi,-8.94,CA
96265,5/8/2014,Public Transportation - Train Pass,-30.84,CA
96265,5/8/2014,Wine Bar,-105.04,CA
96265,5/8/2014,Lyft,-27.25,CA
96265,5/8/2014,Public Transportation - Bus Pass,-15.49,CA
96265,5/9/2014,Seaside Bar,-21.46,CA
96265,5/9/2014,Public Transportation - Train Pass,-114.45,CA
96265,5/10/2014,Fisker Night Club,-28.81,CA
96265,5/11/2014,Uber,-6.28,CA
96265,5/12/2014,Uber,-27.28,CA
96265,5/12/2014,Owl Night Club,-0.06,CA
96265,5/12/2014,Wine Bar,-33.94,CA
96265,5/12/2014,Uber,-15.54,CA
96265,5/12/2014,Food Delivery - GrubHub,-24.75,CA
96265,5/12/2014,Taxi,-80.81,CA
96265,5/12/2014,Taxi,-17.78,CA
96265,5/12/2014,Karaoke Bar,-29.89,CA
96265,5/12/2014,Ralph's Grocery Store,-16.6,CA
96265,5/12/2014,Rodriguez's Bar and Grill,-9.05,CA
96265,5/12/2014,Rodriguez's Bar and Grill,-12.55,CA
96265,5/12/2014,Karaoke Bar,-11.49,CA
96265,5/12/2014,Bowling,-115.7,CA
96265,5/13/2014,Food Delivery - GrubHub,-32.7,CA
96265,5/13/2014,John's Bar & Restaurant,-52.31,CA
96265,5/14/2014,Von's Groceries,-24.53,CA
96265,5/15/2014,Restaurant - Burgers,-11.29,CA
96265,5/15/2014,Concert Ticket,-49.3,CA
96265,5/15/2014,Restaurant - Chinese,-7.99,CA
96265,5/15/2014,Fisker Night Club,-26.48,CA
96265,5/16/2014,Von's Groceries,-7.13,CA
96265,5/16/2014,Owl Night Club,-6.34,CA
96265,5/16/2014,Fisker Night Club,-30.67,CA
96265,5/17/2014,Sprouts Market,-22.03,CA
96265,5/17/2014,Uber,-27.94,CA
96265,5/18/2014,Public Transportation - Bus Pass,-32.49,CA
96265,5/19/2014,Movie Ticket,-9.97,CA
96265,5/20/2014,Seaside Bar,-27.87,CA
96265,5/20/2014,Karaoke Bar,-97.5,CA
96265,5/20/2014,Seaside Bar,-21.78,CA
96265,5/21/2014,Rodriguez's Bar and Grill,-11.57,CA
96265,5/21/2014,Restaurant - Chinese,-19.14,CA
96265,5/21/2014,Karaoke Bar,-84.62,CA
96265,5/22/2014,Fisker Night Club,-36.42,CA
96265,5/22/2014,Movie Ticket,-36.73,CA
96265,5/22/2014,Green Flash Brewery,-25.11,CA
96265,5/22/2014,Fisker Night Club,-11.55,CA
96265,5/22/2014,Uber,-19.24,CA
96265,5/22/2014,Karaoke Bar,-6.3,CA
96265,5/22/2014,Ice Skating Rink,-7.71,CA
96265,5/22/2014,Public Transportation - Bus Pass,-20.93,CA
96265,5/22/2014,Seaside Bar,-14.69,CA
96265,5/23/2014,Food Delivery - GrubHub,-1.01,CA
96265,5/23/2014,Uber,-29.37,CA
96265,5/24/2014,Seaside Bar,-14.05,CA
96265,5/25/2014,Public Transportation - Train Pass,-32.29,CA
96265,5/25/2014,Karaoke Bar,-6.75,CA
96265,5/26/2014,Bowling,-35.62,CA
96265,5/27/2014,Owl Night Club,-19.37,CA
96265,5/27/2014,Ralph's Grocery Store,-44.09,CA
96265,5/28/2014,Karaoke Bar,-35.9,CA
96265,5/29/2014,Food Delivery - GrubHub,-21.79,CA
96265,5/29/2014,Ice Skating Rink,-4.92,CA
96265,5/29/2014,Rodriguez's Bar and Grill,-20.88,CA
96265,5/29/2014,Public Transportation - Train Pass,-15.92,CA
96265,5/29/2014,Karaoke Bar,-2.52,CA
96265,5/29/2014,Uber,-6.7,CA
96265,5/30/2014,Ice Skating Rink,-38.02,CA
96265,6/2/2014,Paycheck,2473,CA
96265,6/2/2014,Housing Rent,-1237,CA
96265,6/2/2014,Gas & Electric,-32,CA
96265,6/2/2014,ACS - Student Loans,-135,CA
96265,6/2/2014,Netflix Subscription,-4.99,CA
96265,6/2/2014,Water & Sewer,-53,CA
96265,6/2/2014,Credit Card Payment,-154,CA
96265,6/2/2014,Navient - Student Loans,-197,CA
96265,6/2/2014,Time Warner Cable,-25,CA
96265,6/2/2014,Fisker Night Club,-6.82,CA
96265,6/2/2014,Seaside Bar,-7.33,CA
96265,6/2/2014,Movie Ticket,-14.9,CA
96265,6/2/2014,Green Flash Brewery,-10.24,CA
96265,6/2/2014,Bowling,-39.77,CA
96265,6/2/2014,Concert Ticket,-4.54,CA
96265,6/2/2014,Seaside Bar,-19.96,CA
96265,6/2/2014,Taxi,-77.57,CA
96265,6/2/2014,Restaurant - Chinese,-19.71,CA
96265,6/2/2014,Ice Skating Rink,-33.85,CA
96265,6/2/2014,Movie Ticket,-2.42,CA
96265,6/2/2014,Movie Ticket,-33.27,CA
96265,6/3/2014,Uber,-27.65,CA
96265,6/4/2014,Restaurant - Chinese,-21.02,CA
96265,6/4/2014,Public Transportation - Bus Pass,-38.6,CA
96265,6/4/2014,Public Transportation - Bus Pass,-26.03,CA
96265,6/4/2014,Wine Bar,-32.94,CA
96265,6/5/2014,Public Transportation - Bus Pass,-7.2,CA
96265,6/5/2014,Owl Night Club,-25.41,CA
96265,6/6/2014,Seaside Bar,-12.58,CA
96265,6/6/2014,Movie Ticket,-28.4,CA
96265,6/6/2014,Ice Skating Rink,-0.94,CA
96265,6/7/2014,Lyft,-13.95,CA
96265,6/7/2014,Fisker Night Club,-41.26,CA
96265,6/7/2014,Rodriguez's Bar and Grill,-22.58,CA
96265,6/7/2014,Owl Night Club,-19.17,CA
96265,6/8/2014,Restaurant - Burgers,-38.26,CA
96265,6/8/2014,Owl Night Club,-3.35,CA
96265,6/8/2014,Public Transportation - Bus Pass,-31.8,CA
96265,6/8/2014,Bowling,-18.87,CA
96265,6/8/2014,Ralph's Grocery Store,-23.09,CA
96265,6/8/2014,Fisker Night Club,-112.88,CA
96265,6/9/2014,Concert Ticket,-67.04,CA
96265,6/9/2014,John's Bar & Restaurant,-31.53,CA
96265,6/9/2014,Taxi,-24.18,CA
96265,6/9/2014,Starbucks Coffee,-5.6,CA
96265,6/9/2014,Ice Skating Rink,-39.7,CA
96265,6/10/2014,Rodriguez's Bar and Grill,-22.91,CA
96265,6/10/2014,John's Bar & Restaurant,-20.06,CA
96265,6/10/2014,John's Bar & Restaurant,-28.9,CA
96265,6/11/2014,Food Delivery - GrubHub,-27.18,CA
96265,6/12/2014,Owl Night Club,-65.7,CA
96265,6/13/2014,Starbucks Coffee,-10.56,CA
96265,6/13/2014,Concert Ticket,-52.02,CA
96265,6/14/2014,Bowling,-13.17,CA
96265,6/14/2014,Wine Bar,-76.13,CA
96265,6/14/2014,Restaurant - Burgers,-32.96,CA
96265,6/15/2014,John's Bar & Restaurant,-39.99,CA
96265,6/15/2014,Rodriguez's Bar and Grill,-12.11,CA
96265,6/15/2014,John's Bar & Restaurant,-27.3,CA
96265,6/15/2014,Restaurant - Chinese,-81.06,CA
96265,6/16/2014,Ralph's Grocery Store,-13.81,CA
96265,6/16/2014,Green Flash Brewery,-16.66,CA
96265,6/16/2014,Movie Ticket,-2.03,CA
96265,6/17/2014,Rodriguez's Bar and Grill,-7.36,CA
96265,6/17/2014,Concert Ticket,-38.81,CA
96265,6/17/2014,Bowling,-1.67,CA
96265,6/17/2014,Seaside Bar,-97.19,CA
96265,6/18/2014,Wine Bar,-25.44,CA
96265,6/19/2014,Wine Bar,-28.58,CA
96265,6/19/2014,Bowling,-7.46,CA
96265,6/20/2014,Owl Night Club,-30.61,CA
96265,6/21/2014,Owl Night Club,-21.25,CA
96265,6/21/2014,Karaoke Bar,-8.78,CA
96265,6/21/2014,John's Bar & Restaurant,-24.58,CA
96265,6/22/2014,Rodriguez's Bar and Grill,-32.56,CA
96265,6/23/2014,Public Transportation - Train Pass,-36.41,CA
96265,6/23/2014,Ralph's Grocery Store,-6.07,CA
96265,6/23/2014,Public Transportation - Train Pass,-21.81,CA
96265,6/24/2014,Movie Ticket,-99.22,CA
96265,6/24/2014,Restaurant - Burgers,-36.13,CA
96265,6/24/2014,Movie Ticket,-89.36,CA
96265,6/24/2014,Public Transportation - Bus Pass,-22.64,CA
96265,6/24/2014,Restaurant - Pizza,-25.57,CA
96265,6/24/2014,Bowling,-30.72,CA
96265,6/25/2014,Movie Ticket,-26.76,CA
96265,6/25/2014,Restaurant - Pizza,-6.22,CA
96265,6/26/2014,Owl Night Club,-13.45,CA
96265,6/27/2014,Seaside Bar,-28.14,CA
96265,6/28/2014,Bowling,-34.98,CA
96265,6/28/2014,Rodriguez's Bar and Grill,-10.67,CA
96265,6/29/2014,Restaurant - Burgers,-88.79,CA
96265,6/29/2014,Seaside Bar,-108.32,CA
96265,6/29/2014,Starbucks Coffee,-28.23,CA
96265,6/29/2014,Wine Bar,-7.02,CA
96265,6/29/2014,Owl Night Club,-46.37,CA
96265,6/30/2014,Taxi,-9.8,CA
96265,7/2/2014,Paycheck,2473,CA
96265,7/2/2014,Housing Rent,-895,CA
96265,7/2/2014,Gas & Electric,-32,CA
96265,7/2/2014,ACS - Student Loans,-135,CA
96265,7/2/2014,Netflix Subscription,-4.99,CA
96265,7/2/2014,Water & Sewer,-53,CA
96265,7/2/2014,Credit Card Payment,-154,CA
96265,7/2/2014,Navient - Student Loans,-197,CA
96265,7/2/2014,Time Warner Cable,-25,CA
96265,7/2/2014,Wine Bar,-51.01,CA
96265,7/2/2014,Fisker Night Club,-4.17,CA
96265,7/2/2014,Karaoke Bar,-30.92,CA
96265,7/2/2014,Concert Ticket,-23.1,CA
96265,7/2/2014,Green Flash Brewery,-22.66,CA
96265,7/3/2014,Bowling,-7.04,CA
96265,7/3/2014,John's Bar & Restaurant,-33.51,CA
96265,7/3/2014,Wine Bar,-30.67,CA
96265,7/3/2014,Bowling,-8.54,CA
96265,7/3/2014,Movie Ticket,-28.74,CA
96265,7/3/2014,Rodriguez's Bar and Grill,-10.29,CA
96265,7/4/2014,Movie Ticket,-77.28,CA
96265,7/4/2014,Bowling,-23.55,CA
96265,7/4/2014,Public Transportation - Train Pass,-11.33,CA
96265,7/5/2014,Fisker Night Club,-14.4,CA
96265,7/6/2014,Concert Ticket,-32.03,CA
96265,7/6/2014,Seaside Bar,-41.27,CA
96265,7/6/2014,Restaurant - Steakhouse,-9.97,CA
96265,7/6/2014,Lyft,-16.72,CA
96265,7/7/2014,Restaurant - Chinese,-12.37,CA
96265,7/8/2014,Von's Groceries,-13.06,CA
96265,7/8/2014,Public Transportation - Train Pass,-22.95,CA
96265,7/8/2014,Restaurant - Chinese,-13.57,CA
96265,7/8/2014,Public Transportation - Bus Pass,-14.7,CA
96265,7/8/2014,Green Flash Brewery,-26.8,CA
96265,7/8/2014,Taxi,-3.87,CA
96265,7/8/2014,John's Bar & Restaurant,-38.15,CA
96265,7/9/2014,Taxi,-80.48,CA
96265,7/9/2014,Rodriguez's Bar and Grill,-0.56,CA
96265,7/9/2014,Restaurant - Burgers,-11.11,CA
96265,7/9/2014,Concert Ticket,-0.53,CA
96265,7/9/2014,Green Flash Brewery,-18.12,CA
96265,7/9/2014,Rodriguez's Bar and Grill,-92.51,CA
96265,7/9/2014,Ralph's Grocery Store,-1.98,CA
96265,7/9/2014,Ice Skating Rink,-37.16,CA
96265,7/9/2014,John's Bar & Restaurant,-5.54,CA
96265,7/10/2014,Green Flash Brewery,-15.55,CA
96265,7/11/2014,Karaoke Bar,-24.27,CA
96265,7/11/2014,Bowling,-7.54,CA
96265,7/12/2014,John's Bar & Restaurant,-38.93,CA
96265,7/12/2014,John's Bar & Restaurant,-20.08,CA
96265,7/13/2014,Lyft,-31.2,CA
96265,7/13/2014,Ice Skating Rink,-23.2,CA
96265,7/13/2014,Fisker Night Club,-23.64,CA
96265,7/13/2014,Concert Ticket,-28.27,CA
96265,7/13/2014,Food Delivery - GrubHub,-34.37,CA
96265,7/13/2014,Uber,-38.73,CA
96265,7/13/2014,Wine Bar,-49.22,CA
96265,7/13/2014,Lyft,-14,CA
96265,7/13/2014,Sprouts Market,-36.47,CA
96265,7/13/2014,Lyft,-116.78,CA
96265,7/13/2014,Concert Ticket,-14.16,CA
96265,7/13/2014,Owl Night Club,-33.25,CA
96265,7/14/2014,Public Transportation - Train Pass,-38.22,CA
96265,7/14/2014,Bowling,-22.97,CA
96265,7/15/2014,Whole Foods,-89.5,CA
96265,7/15/2014,Rodriguez's Bar and Grill,-22.69,CA
96265,7/15/2014,Food Delivery - GrubHub,-81.06,CA
96265,7/15/2014,John's Bar & Restaurant,-14.77,CA
96265,7/15/2014,Public Transportation - Train Pass,-28.19,CA
96265,7/15/2014,Restaurant - Burgers,-21.79,CA
96265,7/15/2014,Sprouts Market,-21.24,CA
96265,7/15/2014,John's Bar & Restaurant,-10.07,CA
96265,7/15/2014,Owl Night Club,-13.18,CA
96265,7/15/2014,Lyft,-41.35,CA
96265,7/15/2014,Uber,-35.46,CA
96265,7/15/2014,John's Bar & Restaurant,-22.57,CA
96265,7/15/2014,Public Transportation - Train Pass,-5.28,CA
96265,7/15/2014,Restaurant - Burgers,-18.24,CA
96265,7/16/2014,Restaurant - Steakhouse,-1.33,CA
96265,7/16/2014,Concert Ticket,-41.35,CA
96265,7/17/2014,Restaurant - Burgers,-23.75,CA
96265,7/17/2014,Taxi,-39.82,CA
96265,7/17/2014,Movie Ticket,-79.11,CA
96265,7/18/2014,Ralph's Grocery Store,-26.51,CA
96265,7/18/2014,Lyft,-33.21,CA
96265,7/18/2014,Owl Night Club,-30.14,CA
96265,7/19/2014,Concert Ticket,-14.69,CA
96265,7/19/2014,Bowling,-57.41,CA
96265,7/19/2014,Wine Bar,-105.44,CA
96265,7/19/2014,Restaurant - Chinese,-24.11,CA
96265,7/19/2014,Public Transportation - Bus Pass,-8.41,CA
96265,7/19/2014,Karaoke Bar,-36.48,CA
96265,7/20/2014,Movie Ticket,-91.41,CA
96265,7/20/2014,Fisker Night Club,-29.4,CA
96265,7/21/2014,Rodriguez's Bar and Grill,-36.28,CA
96265,7/22/2014,Lyft,-9.93,CA
96265,7/22/2014,Taxi,-8.05,CA
96265,7/22/2014,Green Flash Brewery,-25.24,CA
96265,7/23/2014,Whole Foods,-57.56,CA
96265,7/23/2014,Rodriguez's Bar and Grill,-17.12,CA
96265,7/23/2014,Rodriguez's Bar and Grill,-38.51,CA
96265,7/23/2014,Sprouts Market,-31.61,CA
96265,7/24/2014,Bowling,-26.8,CA
96265,7/24/2014,Amazon Order - Baby Crib,-0.84,CA
96265,7/24/2014,Hospital - Prenatal Care,-36.77,CA
96265,7/24/2014,Babies "R" Us,-34.9,CA
96265,7/24/2014,BuyBuyBaby.com,-3.74,CA
96265,7/24/2014,Concert Ticket,-3.16,CA
96265,7/24/2014,Ralph's Grocery Store,-12.9,CA
96265,7/24/2014,Fisker Night Club,-10.69,CA
96265,7/25/2014,Concert Ticket,-10.21,CA
96265,7/25/2014,Seaside Bar,-32.58,CA
96265,7/25/2014,Public Transportation - Bus Pass,-11.81,CA
96265,7/25/2014,Concert Ticket,-8.49,CA
96265,7/26/2014,Ralph's Grocery Store,-35.53,CA
96265,7/26/2014,Owl Night Club,-11.35,CA
96265,7/26/2014,Public Transportation - Train Pass,-23.16,CA
96265,7/27/2014,Public Transportation - Train Pass,-94.23,CA
96265,7/28/2014,Fisker Night Club,-44.87,CA
96265,7/29/2014,Public Transportation - Bus Pass,-3.9,CA
96265,7/29/2014,Green Flash Brewery,-13.15,CA
96265,7/29/2014,Restaurant - Chinese,-7.28,CA
96265,7/29/2014,Movie Ticket,-5.74,CA
96265,7/29/2014,Food Delivery - GrubHub,-0.42,CA
96265,7/29/2014,Restaurant - Burgers,-31.39,CA
96265,7/29/2014,Lyft,-3.13,CA
96265,7/30/2014,John's Bar & Restaurant,-21.15,CA
96265,7/30/2014,Von's Groceries,-53.64,CA
96265,8/2/2014,Paycheck,2473,CA
96265,8/2/2014,Housing Rent,-1397,CA
96265,8/2/2014,Gas & Electric,-32,CA
96265,8/2/2014,ACS - Student Loans,-135,CA
96265,8/2/2014,Netflix Subscription,-4.99,CA
96265,8/2/2014,Water & Sewer,-53,CA
96265,8/2/2014,Credit Card Payment,-154,CA
96265,8/2/2014,Navient - Student Loans,-197,CA
96265,8/2/2014,Time Warner Cable,-25,CA
96265,8/2/2014,Movie Ticket,-30.01,CA
96265,8/2/2014,Uber,-25.36,CA
96265,8/2/2014,Von's Groceries,-11.18,CA
96265,8/2/2014,Restaurant - Chinese,-17.29,CA
96265,8/2/2014,Restaurant - Steakhouse,-97.56,CA
96265,8/3/2014,Uber,-12.87,CA
96265,8/3/2014,Owl Night Club,-32.48,CA
96265,8/3/2014,John's Bar & Restaurant,-35.39,CA
96265,8/4/2014,Sprouts Market,-17.64,CA
96265,8/4/2014,Starbucks Coffee,-50.26,CA
96265,8/5/2014,Food Delivery - GrubHub,-26.91,CA
96265,8/5/2014,Wine Bar,-21.25,CA
96265,8/6/2014,Owl Night Club,-0.74,CA
96265,8/6/2014,Bowling,-38.78,CA
96265,8/7/2014,Public Transportation - Train Pass,-21.22,CA
96265,8/7/2014,Public Transportation - Bus Pass,-5.61,CA
96265,8/8/2014,Rodriguez's Bar and Grill,-0.93,CA
96265,8/9/2014,Rodriguez's Bar and Grill,-31.16,CA
96265,8/10/2014,Movie Ticket,-2.9,CA
96265,8/10/2014,Fisker Night Club,-23.25,CA
96265,8/10/2014,John's Bar & Restaurant,-26.52,CA
96265,8/11/2014,Concert Ticket,-1.07,CA
96265,8/11/2014,John's Bar & Restaurant,-5.07,CA
96265,8/11/2014,Lyft,-11.62,CA
96265,8/12/2014,Rodriguez's Bar and Grill,-12.25,CA
96265,8/12/2014,Lyft,-11.08,CA
96265,8/12/2014,Karaoke Bar,-15.19,CA
96265,8/13/2014,Uber,-19.8,CA
96265,8/13/2014,Owl Night Club,-31.14,CA
96265,8/13/2014,Restaurant - Steakhouse,-56.61,CA
96265,8/13/2014,Whole Foods,-27.79,CA
96265,8/13/2014,Movie Ticket,-27.07,CA
96265,8/14/2014,Bowling,-39.33,CA
96265,8/14/2014,Owl Night Club,-81.75,CA
96265,8/14/2014,Rodriguez's Bar and Grill,-12.42,CA
96265,8/15/2014,Ice Skating Rink,-18.15,CA
96265,8/15/2014,Restaurant - Chinese,-42.28,CA
96265,8/16/2014,Movie Ticket,-3.73,CA
96265,8/16/2014,Starbucks Coffee,-108.66,CA
96265,8/16/2014,John's Bar & Restaurant,-87.12,CA
96265,8/16/2014,Uber,-21.93,CA
96265,8/16/2014,Concert Ticket,-0.73,CA
96265,8/16/2014,Rodriguez's Bar and Grill,-59.32,CA
96265,8/16/2014,Starbucks Coffee,-19.15,CA
96265,8/16/2014,Whole Foods,-75.84,CA
96265,8/16/2014,Karaoke Bar,-10.59,CA
96265,8/16/2014,Green Flash Brewery,-8.48,CA
96265,8/16/2014,Uber,-7.03,CA
96265,8/16/2014,Bowling,-27.15,CA
96265,8/16/2014,Karaoke Bar,-12.7,CA
96265,8/16/2014,Ralph's Grocery Store,-7.06,CA
96265,8/16/2014,Movie Ticket,-109.26,CA
96265,8/17/2014,Bowling,-45.5,CA
96265,8/17/2014,Ice Skating Rink,-85.57,CA
96265,8/17/2014,Green Flash Brewery,-21.57,CA
96265,8/17/2014,Owl Night Club,-91.37,CA
96265,8/17/2014,Bowling,-1.24,CA
96265,8/17/2014,Owl Night Club,-35.15,CA
96265,8/17/2014,Uber,-20.3,CA
96265,8/17/2014,Public Transportation - Train Pass,-53.51,CA
96265,8/18/2014,Uber,-3.72,CA
96265,8/18/2014,Bowling,-19.68,CA
96265,8/18/2014,Bowling,-35.7,CA
96265,8/18/2014,Taxi,-53.38,CA
96265,8/18/2014,Seaside Bar,-101.19,CA
96265,8/18/2014,Owl Night Club,-9.2,CA
96265,8/18/2014,Seaside Bar,-4.95,CA
96265,8/18/2014,Sprouts Market,-34.5,CA
96265,8/18/2014,Wine Bar,-66.48,CA
96265,8/18/2014,Sprouts Market,-11.43,CA
96265,8/19/2014,Ice Skating Rink,-30.58,CA
96265,8/20/2014,Concert Ticket,-26.5,CA
96265,8/21/2014,Taxi,-84.56,CA
96265,8/21/2014,Seaside Bar,-39.67,CA
96265,8/22/2014,Seaside Bar,-15.22,CA
96265,8/22/2014,Uber,-4.41,CA
96265,8/23/2014,Uber,-29.38,CA
96265,8/23/2014,Green Flash Brewery,-2.71,CA
96265,8/23/2014,Owl Night Club,-30.65,CA
96265,8/23/2014,Karaoke Bar,-34.23,CA
96265,8/23/2014,Von's Groceries,-24.89,CA
96265,8/24/2014,Concert Ticket,-29.17,CA
96265,8/24/2014,Taxi,-67.03,CA
96265,8/24/2014,Uber,-16.26,CA
96265,8/24/2014,Wine Bar,-13.2,CA
96265,8/24/2014,Wine Bar,-5.78,CA
96265,8/25/2014,Ice Skating Rink,-4.41,CA
96265,8/25/2014,Seaside Bar,-45.39,CA
96265,8/26/2014,Restaurant - Chinese,-4.51,CA
96265,8/26/2014,Ice Skating Rink,-59.57,CA
96265,8/26/2014,John's Bar & Restaurant,-24.71,CA
96265,8/27/2014,Seaside Bar,-26.23,CA
96265,8/27/2014,Karaoke Bar,-106.82,CA
96265,8/28/2014,Movie Ticket,-12.04,CA
96265,8/28/2014,Public Transportation - Bus Pass,-30.56,CA
96265,8/29/2014,Restaurant - Pizza,-30.9,CA
96265,8/30/2014,Rodriguez's Bar and Grill,-4.03,CA
96265,9/2/2014,Paycheck,2473,CA
96265,9/2/2014,Housing Rent,-1162,CA
96265,9/2/2014,Gas & Electric,-32,CA
96265,9/2/2014,ACS - Student Loans,-135,CA
96265,9/2/2014,Netflix Subscription,-4.99,CA
96265,9/2/2014,Water & Sewer,-53,CA
96265,9/2/2014,Credit Card Payment,-154,CA
96265,9/2/2014,Navient - Student Loans,-197,CA
96265,9/2/2014,Time Warner Cable,-25,CA
96265,9/2/2014,Lyft,-17.19,CA
96265,9/2/2014,Fisker Night Club,-22.96,CA
96265,9/3/2014,Public Transportation - Train Pass,-37.69,CA
96265,9/3/2014,Owl Night Club,-20.65,CA
96265,9/3/2014,John's Bar & Restaurant,-36.96,CA
96265,9/3/2014,Rodriguez's Bar and Grill,-45.06,CA
96265,9/3/2014,Starbucks Coffee,-63.68,CA
96265,9/4/2014,Seaside Bar,-22.78,CA
96265,9/4/2014,Wine Bar,-29.84,CA
96265,9/5/2014,John's Bar & Restaurant,-4.73,CA
96265,9/5/2014,Seaside Bar,-37.96,CA
96265,9/5/2014,Fisker Night Club,-17.49,CA
96265,9/5/2014,Ice Skating Rink,-9.48,CA
96265,9/5/2014,Owl Night Club,-29.34,CA
96265,9/5/2014,Concert Ticket,-30.75,CA
96265,9/6/2014,Starbucks Coffee,-1.22,CA
96265,9/6/2014,Restaurant - Chinese,-5.25,CA
96265,9/6/2014,Sprouts Market,-16.99,CA
96265,9/6/2014,Seaside Bar,-42.58,CA
96265,9/6/2014,Public Transportation - Train Pass,-20.15,CA
96265,9/6/2014,Wine Bar,-37.77,CA
96265,9/6/2014,John's Bar & Restaurant,-22.61,CA
96265,9/7/2014,Ralph's Grocery Store,-27.14,CA
96265,9/8/2014,John's Bar & Restaurant,-27.07,CA
96265,9/8/2014,Public Transportation - Bus Pass,-29.88,CA
96265,9/8/2014,Food Delivery - GrubHub,-15.93,CA
96265,9/8/2014,Concert Ticket,-48.3,CA
96265,9/9/2014,Uber,-38.44,CA
96265,9/9/2014,Food Delivery - GrubHub,-2.98,CA
96265,9/9/2014,Rodriguez's Bar and Grill,-32.56,CA
96265,9/10/2014,Restaurant - Chinese,-23.13,CA
96265,9/10/2014,Owl Night Club,-35.05,CA
96265,9/10/2014,Karaoke Bar,-23.16,CA
96265,9/10/2014,Wine Bar,-108.28,CA
96265,9/10/2014,Fisker Night Club,-2.62,CA
96265,9/11/2014,Lyft,-18.16,CA
96265,9/11/2014,Uber,-3.91,CA
96265,9/11/2014,Restaurant - Pizza,-107.05,CA
96265,9/12/2014,Fisker Night Club,-27.86,CA
96265,9/12/2014,Taxi,-21.59,CA
96265,9/12/2014,Movie Ticket,-21.7,CA
96265,9/12/2014,Concert Ticket,-4.12,CA
96265,9/13/2014,Fisker Night Club,-30.62,CA
96265,9/13/2014,Owl Night Club,-112.64,CA
96265,9/14/2014,Bowling,-19.17,CA
96265,9/14/2014,Wine Bar,-2.22,CA
96265,9/15/2014,John's Bar & Restaurant,-6.05,CA
96265,9/15/2014,Uber,-8.68,CA
96265,9/15/2014,Taxi,-15.33,CA
96265,9/15/2014,Uber,-32.29,CA
96265,9/15/2014,Restaurant - Pizza,-10.93,CA
96265,9/16/2014,John's Bar & Restaurant,-17.04,CA
96265,9/17/2014,Uber,-32.11,CA
96265,9/17/2014,Whole Foods,-11.91,CA
96265,9/17/2014,Ice Skating Rink,-1.46,CA
96265,9/18/2014,Bowling,-111.96,CA
96265,9/18/2014,Ice Skating Rink,-18.94,CA
96265,9/19/2014,Rodriguez's Bar and Grill,-7.52,CA
96265,9/20/2014,Bowling,-10.16,CA
96265,9/21/2014,Wine Bar,-6.3,CA
96265,9/22/2014,Lyft,-29.94,CA
96265,9/23/2014,Public Transportation - Train Pass,-39.16,CA
96265,9/23/2014,Taxi,-27.26,CA
96265,9/24/2014,Bowling,-36.06,CA
96265,9/24/2014,Rodriguez's Bar and Grill,-7.46,CA
96265,9/25/2014,Restaurant - Steakhouse,-4.62,CA
96265,9/25/2014,John's Bar & Restaurant,-34.57,CA
96265,9/25/2014,Concert Ticket,-27.65,CA
96265,9/25/2014,Restaurant - Chinese,-11.03,CA
96265,9/26/2014,Karaoke Bar,-18.45,CA
96265,9/26/2014,Restaurant - Burgers,-33.72,CA
96265,9/27/2014,Ralph's Grocery Store,-21.49,CA
96265,9/27/2014,Movie Ticket,-34.76,CA
96265,9/27/2014,Lyft,-24.36,CA
96265,9/27/2014,Bowling,-9.32,CA
96265,9/27/2014,Rodriguez's Bar and Grill,-13.97,CA
96265,9/27/2014,John's Bar & Restaurant,-49.42,CA
96265,9/28/2014,Green Flash Brewery,-6.09,CA
96265,9/28/2014,Restaurant - Pizza,-42.69,CA
96265,9/28/2014,Seaside Bar,-73.22,CA
96265,9/28/2014,Ice Skating Rink,-13.35,CA
96265,9/29/2014,Seaside Bar,-39.37,CA
96265,9/30/2014,Public Transportation - Bus Pass,-31.27,CA
96265,10/2/2014,Paycheck,2473,CA
96265,10/2/2014,Housing Rent,-1115,CA
96265,10/2/2014,Gas & Electric,-32,CA
96265,10/2/2014,ACS - Student Loans,-135,CA
96265,10/2/2014,Netflix Subscription,-4.99,CA
96265,10/2/2014,Water & Sewer,-53,CA
96265,10/2/2014,Credit Card Payment,-154,CA
96265,10/2/2014,Navient - Student Loans,-197,CA
96265,10/2/2014,Time Warner Cable,-25,CA
96265,10/2/2014,Uber,-32.63,CA
96265,10/2/2014,Green Flash Brewery,-39.71,CA
96265,10/2/2014,Ice Skating Rink,-19.96,CA
96265,10/2/2014,Public Transportation - Bus Pass,-36.44,CA
96265,10/2/2014,Green Flash Brewery,-27.48,CA
96265,10/2/2014,Rodriguez's Bar and Grill,-16.05,CA
96265,10/2/2014,Bowling,-24.58,CA
96265,10/3/2014,Green Flash Brewery,-72.36,CA
96265,10/3/2014,Public Transportation - Bus Pass,-2.06,CA
96265,10/3/2014,Karaoke Bar,-15.48,CA
96265,10/3/2014,Wine Bar,-14.74,CA
96265,10/3/2014,Karaoke Bar,-9.27,CA
96265,10/3/2014,Lyft,-18.85,CA
96265,10/4/2014,Concert Ticket,-33.87,CA
96265,10/5/2014,Restaurant - Steakhouse,-19.63,CA
96265,10/5/2014,Sprouts Market,-10.82,CA
96265,10/5/2014,Public Transportation - Train Pass,-106.41,CA
96265,10/6/2014,Von's Groceries,-0.35,CA
96265,10/6/2014,Karaoke Bar,-73.91,CA
96265,10/6/2014,Wine Bar,-5.36,CA
96265,10/6/2014,Ralph's Grocery Store,-20.03,CA
96265,10/7/2014,Rodriguez's Bar and Grill,-6.59,CA
96265,10/7/2014,Karaoke Bar,-18.17,CA
96265,10/7/2014,Public Transportation - Bus Pass,-18.31,CA
96265,10/7/2014,Bowling,-33.47,CA
96265,10/7/2014,Bowling,-38,CA
96265,10/7/2014,Owl Night Club,-5.7,CA
96265,10/8/2014,Rodriguez's Bar and Grill,-89.81,CA
96265,10/8/2014,John's Bar & Restaurant,-17.89,CA
96265,10/8/2014,Concert Ticket,-25.05,CA
96265,10/9/2014,Rodriguez's Bar and Grill,-6.21,CA
96265,10/10/2014,Owl Night Club,-106.78,CA
96265,10/10/2014,Fisker Night Club,-28.71,CA
96265,10/10/2014,Movie Ticket,-32.86,CA
96265,10/10/2014,Karaoke Bar,-4.14,CA
96265,10/10/2014,Concert Ticket,-83.02,CA
96265,10/10/2014,Green Flash Brewery,-8.09,CA
96265,10/10/2014,Green Flash Brewery,-37.34,CA
96265,10/10/2014,Rodriguez's Bar and Grill,-0.15,CA
96265,10/11/2014,Concert Ticket,-12.25,CA
96265,10/11/2014,Uber,-29.62,CA
96265,10/12/2014,Karaoke Bar,-28.7,CA
96265,10/13/2014,Restaurant - Steakhouse,-17.03,CA
96265,10/14/2014,Fisker Night Club,-7.59,CA
96265,10/14/2014,Taxi,-63.98,CA
96265,10/14/2014,Public Transportation - Train Pass,-6.22,CA
96265,10/14/2014,Lyft,-29.61,CA
96265,10/15/2014,Taxi,-11.01,CA
96265,10/15/2014,Concert Ticket,-91.9,CA
96265,10/16/2014,Bowling,-28.43,CA
96265,10/16/2014,Green Flash Brewery,-20.07,CA
96265,10/16/2014,Sprouts Market,-25.64,CA
96265,10/16/2014,Concert Ticket,-35.13,CA
96265,10/16/2014,Ice Skating Rink,-15.83,CA
96265,10/16/2014,Bowling,-36.01,CA
96265,10/16/2014,Whole Foods,-69.37,CA
96265,10/16/2014,Food Delivery - GrubHub,-14.53,CA
96265,10/16/2014,John's Bar & Restaurant,-52.77,CA
96265,10/16/2014,Wine Bar,-8.67,CA
96265,10/17/2014,Public Transportation - Train Pass,-32.63,CA
96265,10/17/2014,Movie Ticket,-28.2,CA
96265,10/17/2014,Lyft,-19.96,CA
96265,10/18/2014,Seaside Bar,-3.69,CA
96265,10/18/2014,Karaoke Bar,-6.31,CA
96265,10/19/2014,Seaside Bar,-19.38,CA
96265,10/20/2014,John's Bar & Restaurant,-8.54,CA
96265,10/21/2014,Starbucks Coffee,-3.05,CA
96265,10/22/2014,Whole Foods,-29.25,CA
96265,10/22/2014,Fisker Night Club,-112.16,CA
96265,10/23/2014,John's Bar & Restaurant,-37.35,CA
96265,10/24/2014,Concert Ticket,-53.56,CA
96265,10/24/2014,Owl Night Club,-5.09,CA
96265,10/24/2014,Wine Bar,-39.11,CA
96265,10/24/2014,Public Transportation - Train Pass,-81.49,CA
96265,10/25/2014,Fisker Night Club,-17.19,CA
96265,10/25/2014,Rodriguez's Bar and Grill,-39.56,CA
96265,10/25/2014,Rodriguez's Bar and Grill,-28.82,CA
96265,10/25/2014,Movie Ticket,-11.92,CA
96265,10/25/2014,Wine Bar,-33.38,CA
96265,10/26/2014,Rodriguez's Bar and Grill,-33.73,CA
96265,10/26/2014,Taxi,-48.35,CA
96265,10/26/2014,Fisker Night Club,-4.59,CA
96265,10/26/2014,Public Transportation - Train Pass,-2.68,CA
96265,10/26/2014,Ice Skating Rink,-30.09,CA
96265,10/26/2014,Ice Skating Rink,-103.28,CA
96265,10/26/2014,Rodriguez's Bar and Grill,-30.18,CA
96265,10/27/2014,Ralph's Grocery Store,-2.88,CA
96265,10/27/2014,Taxi,-14.38,CA
96265,10/27/2014,Whole Foods,-87.61,CA
96265,10/27/2014,Public Transportation - Bus Pass,-35.17,CA
96265,10/27/2014,Lyft,-14.13,CA
96265,10/27/2014,Restaurant - Chinese,-33.76,CA
96265,10/27/2014,Green Flash Brewery,-49.56,CA
96265,10/27/2014,Movie Ticket,-37.59,CA
96265,10/27/2014,Bowling,-118.49,CA
96265,10/27/2014,Owl Night Club,-80.16,CA
96265,10/27/2014,Taxi,-27.22,CA
96265,10/27/2014,Bowling,-18.44,CA
96265,10/27/2014,Food Delivery - GrubHub,-25.94,CA
96265,10/27/2014,Ice Skating Rink,-21.05,CA
96265,10/28/2014,John's Bar & Restaurant,-15.94,CA
96265,10/28/2014,Green Flash Brewery,-11.2,CA
96265,10/29/2014,Ice Skating Rink,-13.17,CA
96265,10/29/2014,Lyft,-98.24,CA
96265,10/29/2014,Concert Ticket,-5.26,CA
96265,10/30/2014,Sprouts Market,-86.46,CA
96265,10/30/2014,Public Transportation - Bus Pass,-29.35,CA
96265,10/30/2014,Ice Skating Rink,-22.37,CA
96265,10/30/2014,Bowling,-0.25,CA
96265,10/30/2014,Sprouts Market,-33.84,CA
96265,10/30/2014,Wine Bar,-3.33,CA
96265,10/30/2014,Public Transportation - Train Pass,-37.78,CA
96265,10/30/2014,Taxi,-30.21,CA
96265,10/30/2014,John's Bar & Restaurant,-86.55,CA
96265,10/30/2014,Green Flash Brewery,-0.77,CA
96265,10/30/2014,Seaside Bar,-52.8,CA
96265,11/2/2014,Paycheck,2473,CA
96265,11/2/2014,Housing Rent,-1245,CA
96265,11/2/2014,Gas & Electric,-32,CA
96265,11/2/2014,ACS - Student Loans,-135,CA
96265,11/2/2014,Netflix Subscription,-4.99,CA
96265,11/2/2014,Water & Sewer,-53,CA
96265,11/2/2014,Credit Card Payment,-154,CA
96265,11/2/2014,Navient - Student Loans,-197,CA
96265,11/2/2014,Time Warner Cable,-25,CA
96265,11/2/2014,Wine Bar,-2.37,CA
96265,11/2/2014,Fisker Night Club,-10.58,CA
96265,11/3/2014,Uber,-2.26,CA
96265,11/4/2014,Karaoke Bar,-20.79,CA
96265,11/4/2014,Rodriguez's Bar and Grill,-18.45,CA
96265,11/5/2014,Public Transportation - Train Pass,-11.86,CA
96265,11/5/2014,Karaoke Bar,-25.03,CA
96265,11/5/2014,Food Delivery - GrubHub,-20.93,CA
96265,11/5/2014,Ice Skating Rink,-22.75,CA
96265,11/5/2014,Seaside Bar,-21.11,CA
96265,11/5/2014,Public Transportation - Bus Pass,-27.22,CA
96265,11/6/2014,John's Bar & Restaurant,-88.21,CA
96265,11/7/2014,Karaoke Bar,-49.14,CA
96265,11/8/2014,Rodriguez's Bar and Grill,-8.07,CA
96265,11/9/2014,Taxi,-27.63,CA
96265,11/10/2014,Bowling,-39.87,CA
96265,11/10/2014,Bowling,-105.63,CA
96265,11/10/2014,Owl Night Club,-11.96,CA
96265,11/11/2014,Restaurant - Burgers,-25.69,CA
96265,11/12/2014,Lyft,-3.32,CA
96265,11/13/2014,Rodriguez's Bar and Grill,-5.03,CA
96265,11/13/2014,Starbucks Coffee,-10.29,CA
96265,11/13/2014,Karaoke Bar,-63.72,CA
96265,11/13/2014,John's Bar & Restaurant,-13.39,CA
96265,11/13/2014,Movie Ticket,-2.94,CA
96265,11/13/2014,Public Transportation - Bus Pass,-37.88,CA
96265,11/13/2014,Seaside Bar,-18.04,CA
96265,11/13/2014,Seaside Bar,-114.59,CA
96265,11/14/2014,Public Transportation - Bus Pass,-73.6,CA
96265,11/14/2014,Movie Ticket,-35.12,CA
96265,11/14/2014,John's Bar & Restaurant,-25.71,CA
96265,11/15/2014,Green Flash Brewery,-26.82,CA
96265,11/16/2014,Karaoke Bar,-60.33,CA
96265,11/16/2014,Fisker Night Club,-6.02,CA
96265,11/16/2014,Public Transportation - Train Pass,-29.68,CA
96265,11/17/2014,Rodriguez's Bar and Grill,-18.89,CA
96265,11/18/2014,Fisker Night Club,-3.22,CA
96265,11/18/2014,John's Bar & Restaurant,-29.66,CA
96265,11/18/2014,Seaside Bar,-8.42,CA
96265,11/19/2014,Taxi,-0.91,CA
96265,11/20/2014,Lyft,-37.17,CA
96265,11/21/2014,Wine Bar,-36.49,CA
96265,11/21/2014,Sprouts Market,-28.69,CA
96265,11/22/2014,Bowling,-24.9,CA
96265,11/22/2014,Restaurant - Steakhouse,-13.72,CA
96265,11/22/2014,Bowling,-11.41,CA
96265,11/22/2014,Uber,-10.63,CA
96265,11/23/2014,Fisker Night Club,-28.04,CA
96265,11/23/2014,Public Transportation - Bus Pass,-0.44,CA
96265,11/23/2014,Fisker Night Club,-14.04,CA
96265,11/24/2014,Lyft,-16.88,CA
96265,11/24/2014,Wine Bar,-33.94,CA
96265,11/24/2014,Wine Bar,-8.27,CA
96265,11/25/2014,Uber,-114.21,CA
96265,11/25/2014,Fisker Night Club,-61.42,CA
96265,11/26/2014,John's Bar & Restaurant,-23.94,CA
96265,11/27/2014,Bowling,-17.92,CA
96265,11/28/2014,Concert Ticket,-28.58,CA
96265,11/28/2014,Taxi,-7.47,CA
96265,11/28/2014,Concert Ticket,-9.78,CA
96265,11/29/2014,Uber,-12.86,CA
96265,11/29/2014,Concert Ticket,-8.02,CA
96265,11/29/2014,Fisker Night Club,-30.86,CA
96265,11/30/2014,Owl Night Club,-38.35,CA
96265,12/2/2014,Paycheck,2473,CA
96265,12/2/2014,Housing Rent,-1160,CA
96265,12/2/2014,Gas & Electric,-32,CA
96265,12/2/2014,ACS - Student Loans,-135,CA
96265,12/2/2014,Netflix Subscription,-4.99,CA
96265,12/2/2014,Water & Sewer,-53,CA
96265,12/2/2014,Credit Card Payment,-154,CA
96265,12/2/2014,Navient - Student Loans,-197,CA
96265,12/2/2014,Time Warner Cable,-25,CA
96265,12/2/2014,Bowling,-16.91,CA
96265,12/2/2014,Taxi,-68.31,CA
96265,12/3/2014,Public Transportation - Bus Pass,-27.69,CA
96265,12/3/2014,Owl Night Club,-33.78,CA
96265,12/3/2014,John's Bar & Restaurant,-1.26,CA
96265,12/3/2014,Rodriguez's Bar and Grill,-21.29,CA
96265,12/3/2014,Taxi,-12.14,CA
96265,12/3/2014,Owl Night Club,-91.94,CA
96265,12/3/2014,Owl Night Club,-91.05,CA
96265,12/3/2014,Wine Bar,-9.77,CA
96265,12/3/2014,Fisker Night Club,-11.26,CA
96265,12/4/2014,Lyft,-67.05,CA
96265,12/4/2014,Lyft,-31.59,CA
96265,12/4/2014,Seaside Bar,-10.85,CA
96265,12/4/2014,Rodriguez's Bar and Grill,-7.55,CA
96265,12/4/2014,Fisker Night Club,-8.75,CA
96265,12/4/2014,Movie Ticket,-32.34,CA
96265,12/4/2014,Seaside Bar,-0.76,CA
96265,12/4/2014,Seaside Bar,-54.16,CA
96265,12/4/2014,Wine Bar,-117.14,CA
96265,12/4/2014,John's Bar & Restaurant,-21.37,CA
96265,12/5/2014,Starbucks Coffee,-36.74,CA
96265,12/6/2014,Restaurant - Burgers,-0.83,CA
96265,12/6/2014,Karaoke Bar,-71.95,CA
96265,12/6/2014,Wine Bar,-22.02,CA
96265,12/6/2014,John's Bar & Restaurant,-38.01,CA
96265,12/6/2014,Sprouts Market,-36.86,CA
96265,12/7/2014,Restaurant - Pizza,-3.98,CA
96265,12/7/2014,Fisker Night Club,-20.93,CA
96265,12/8/2014,Ice Skating Rink,-30.94,CA
96265,12/8/2014,Movie Ticket,-25.79,CA
96265,12/9/2014,Lyft,-25.22,CA
96265,12/9/2014,Fisker Night Club,-24.34,CA
96265,12/9/2014,Lyft,-9.72,CA
96265,12/9/2014,Bowling,-18.74,CA
96265,12/9/2014,Movie Ticket,-95.78,CA
96265,12/10/2014,Wine Bar,-3.25,CA
96265,12/11/2014,Lyft,-38.33,CA
96265,12/12/2014,Sprouts Market,-32.76,CA
96265,12/12/2014,John's Bar & Restaurant,-32.36,CA
96265,12/12/2014,Concert Ticket,-11.96,CA
96265,12/12/2014,Owl Night Club,-13.27,CA
96265,12/13/2014,Food Delivery - GrubHub,-12.85,CA
96265,12/13/2014,Movie Ticket,-14.91,CA
96265,12/13/2014,Bowling,-105.82,CA
96265,12/13/2014,Restaurant - Burgers,-3.23,CA
96265,12/14/2014,Wine Bar,-16.23,CA
96265,12/14/2014,Restaurant - Burgers,-36.66,CA
96265,12/14/2014,Seaside Bar,-68.87,CA
96265,12/14/2014,Fisker Night Club,-61.42,CA
96265,12/14/2014,Green Flash Brewery,-2.16,CA
96265,12/14/2014,Restaurant - Chinese,-32.94,CA
96265,12/14/2014,Lyft,-21.4,CA
96265,12/14/2014,Bowling,-19.09,CA
96265,12/14/2014,Lyft,-25.48,CA
96265,12/14/2014,Fisker Night Club,-29.97,CA
96265,12/14/2014,Green Flash Brewery,-27.85,CA
96265,12/14/2014,Owl Night Club,-110.42,CA
96265,12/14/2014,Green Flash Brewery,-18.35,CA
96265,12/14/2014,John's Bar & Restaurant,-15.11,CA
96265,12/14/2014,Seaside Bar,-5.24,CA
96265,12/14/2014,Von's Groceries,-13.42,CA
96265,12/14/2014,Rodriguez's Bar and Grill,-0.14,CA
96265,12/14/2014,Public Transportation - Train Pass,-15.96,CA
96265,12/15/2014,Food Delivery - GrubHub,-30.62,CA
96265,12/15/2014,Movie Ticket,-38.32,CA
96265,12/15/2014,Owl Night Club,-29.93,CA
96265,12/15/2014,Restaurant - Burgers,-13,CA
96265,12/15/2014,Rodriguez's Bar and Grill,-85.24,CA
96265,12/16/2014,Lyft,-35.61,CA
96265,12/16/2014,Fisker Night Club,-36.31,CA
96265,12/16/2014,Restaurant - Chinese,-73.89,CA
96265,12/16/2014,Public Transportation - Bus Pass,-59.62,CA
96265,12/16/2014,Rodriguez's Bar and Grill,-34.93,CA
96265,12/16/2014,Owl Night Club,-28.83,CA
96265,12/17/2014,Restaurant - Pizza,-3.86,CA
96265,12/17/2014,Public Transportation - Train Pass,-37.84,CA
96265,12/17/2014,Von's Groceries,-107.14,CA
96265,12/17/2014,Sprouts Market,-35.88,CA
96265,12/17/2014,Seaside Bar,-37.33,CA
96265,12/17/2014,Owl Night Club,-22.89,CA
96265,12/17/2014,Karaoke Bar,-82.34,CA
96265,12/17/2014,Karaoke Bar,-2.4,CA
96265,12/17/2014,Ralph's Grocery Store,-32,CA
96265,12/17/2014,Karaoke Bar,-8.39,CA
96265,12/17/2014,Karaoke Bar,-38.73,CA
96265,12/17/2014,Ice Skating Rink,-71.98,CA
96265,12/17/2014,Green Flash Brewery,-32.41,CA
96265,12/18/2014,Lyft,-31.57,CA
96265,12/18/2014,Whole Foods,-52.08,CA
96265,12/18/2014,Concert Ticket,-25.04,CA
96265,12/18/2014,Rodriguez's Bar and Grill,-9.68,CA
96265,12/18/2014,Movie Ticket,-94.18,CA
96265,12/18/2014,Ice Skating Rink,-17.14,CA
96265,12/18/2014,Karaoke Bar,-3.85,CA
96265,12/18/2014,Bowling,-25,CA
96265,12/18/2014,John's Bar & Restaurant,-0.52,CA
96265,12/19/2014,Taxi,-104.89,CA
96265,12/19/2014,Owl Night Club,-2.33,CA
96265,12/19/2014,Lyft,-99.3,CA
96265,12/20/2014,Restaurant - Burgers,-6.65,CA
96265,12/20/2014,Starbucks Coffee,-12.34,CA
96265,12/20/2014,Movie Ticket,-12.23,CA
96265,12/21/2014,Fisker Night Club,-39.72,CA
96265,12/21/2014,Uber,-8,CA
96265,12/21/2014,Green Flash Brewery,-9.58,CA
96265,12/21/2014,Bowling,-24.49,CA
96265,12/21/2014,John's Bar & Restaurant,-13.49,CA
96265,12/21/2014,Whole Foods,-95.91,CA
96265,12/21/2014,Bowling,-64.18,CA
96265,12/21/2014,Restaurant - Burgers,-9.06,CA
96265,12/21/2014,Wine Bar,-65.01,CA
96265,12/22/2014,Bowling,-2.21,CA
96265,12/23/2014,Owl Night Club,-9.55,CA
96265,12/24/2014,Uber,-8.84,CA
96265,12/25/2014,Fisker Night Club,-57.86,CA
96265,12/25/2014,Seaside Bar,-2.67,CA
96265,12/25/2014,Restaurant - Chinese,-8.41,CA
96265,12/25/2014,Karaoke Bar,-7.97,CA
96265,12/25/2014,Movie Ticket,-14.58,CA
96265,12/25/2014,Uber,-46.88,CA
96265,12/25/2014,Owl Night Club,-39.18,CA
96265,12/26/2014,Uber,-89.87,CA
96265,12/27/2014,Bowling,-12.33,CA
96265,12/28/2014,Lyft,-6.93,CA
96265,12/29/2014,Public Transportation - Bus Pass,-13.2,CA
96265,12/29/2014,Whole Foods,-93.67,CA
96265,12/29/2014,Fisker Night Club,-9.77,CA
96265,12/30/2014,Ice Skating Rink,-26.01,CA
96265,12/30/2014,Seaside Bar,-18.76,CA
96265,12/32/2014,Restaurant - Pizza,-6.18,CA
96265,12/32/2014,Owl Night Club,-23.3,CA
96265,12/32/2014,Restaurant - Chinese,-22.11,CA
