auth_id, Date, Vendor, Amount, Location 
5349,1/2/2013,Mary's Book Store,-17.19,CA
5349,1/3/2013,Video Game - PlayStation,-27.43,CA
5349,1/3/2013,Video Game - PlayStation,-29.71,CA
5349,1/4/2013,Amazon Order - Mathematics Book,-19.16,CA
5349,1/5/2013,Uber,-8.11,CA
5349,1/5/2013,Public Transportation - Bus Pass,-6.44,CA
5349,1/5/2013,Art Museum,-3.62,CA
5349,1/6/2013,Goods2 - ThinkGeek,-26.56,CA
5349,1/6/2013,Taxi,-31.46,CA
5349,1/7/2013,Mary's Book Store,-34.32,CA
5349,1/8/2013,Starbucks Coffee,-13.39,CA
5349,1/8/2013,Coffee,-104.9,CA
5349,1/8/2013,Lyft,-29.02,CA
5349,1/9/2013,Restaurant - Chinese,-32.4,CA
5349,1/10/2013,DVD - Star Trek,-9.4,CA
5349,1/11/2013,Science Museum,-32.81,CA
5349,1/11/2013,Science Museum,-119.66,CA
5349,1/11/2013,Amazon Order - Biology Book,-23.91,CA
5349,1/11/2013,Ralph's Grocery Store,-76.94,CA
5349,1/12/2013,Amazon Order - Mathematics Book,-34.34,CA
5349,1/12/2013,Mary's Book Store,-6.52,CA
5349,1/12/2013,Von's Groceries,-33.25,CA
5349,1/12/2013,Lyft,-36.71,CA
5349,1/12/2013,Public Transportation - Train Pass,-7.72,CA
5349,1/12/2013,Online Education Courses,-11.88,CA
5349,1/13/2013,Mary's Book Store,-5.77,CA
5349,1/14/2013,Mary's Book Store,-68.96,CA
5349,1/15/2013,Art Museum,-36.39,CA
5349,1/15/2013,Amazon Order - Mathematics Book,-87.28,CA
5349,1/16/2013,Von's Groceries,-13.54,CA
5349,1/16/2013,DVD - Star Trek,-10.78,CA
5349,1/16/2013,Video Game - PlayStation,-16.27,CA
5349,1/16/2013,Uber,-31.6,CA
5349,1/16/2013,Amazon Order - Baby Crib,-37.29,CA
5349,1/16/2013,Hospital - Prenatal Care,-20.65,CA
5349,1/16/2013,Babies "R" Us,-98.02,CA
5349,1/16/2013,BuyBuyBaby.com,-27.16,CA
5349,1/17/2013,DVD - Star Trek,-91.44,CA
5349,1/17/2013,Amazon Order - Mathematics Book,-44.91,CA
5349,1/17/2013,Science Museum,-16.05,CA
5349,1/17/2013,DVD - Star Trek,-38.41,CA
5349,1/17/2013,Restaurant - Chinese,-38.56,CA
5349,1/17/2013,Public Transportation - Bus Pass,-34.39,CA
5349,1/17/2013,Mary's Book Store,-20.15,CA
5349,1/17/2013,San Diego Museum,-28.9,CA
5349,1/18/2013,Video Game - PlayStation,-2.93,CA
5349,1/18/2013,Public Transportation - Bus Pass,-25.48,CA
5349,1/18/2013,Public Transportation - Train Pass,-15.97,CA
5349,1/19/2013,Coffee,-4.21,CA
5349,1/19/2013,Von's Groceries,-4.46,CA
5349,1/20/2013,Ralph's Grocery Store,-3.42,CA
5349,1/20/2013,Uber,-14.93,CA
5349,1/20/2013,Sprouts Market,-23.22,CA
5349,1/20/2013,Public Transportation - Train Pass,-15.08,CA
5349,1/21/2013,Video Game - PlayStation,-19.35,CA
5349,1/21/2013,Lyft,-7.78,CA
5349,1/21/2013,Science Museum,-9.61,CA
5349,1/21/2013,Science Museum,-10.1,CA
5349,1/21/2013,Art Museum,-100.22,CA
5349,1/22/2013,Ralph's Grocery Store,-24.41,CA
5349,1/23/2013,Amazon Order - Biology Book,-17.55,CA
5349,1/23/2013,Art Museum,-38.15,CA
5349,1/23/2013,Whole Foods,-113.64,CA
5349,1/24/2013,Public Transportation - Bus Pass,-82.21,CA
5349,1/24/2013,DVD - Star Trek,-0.39,CA
5349,1/25/2013,Ralph's Grocery Store,-68.8,CA
5349,1/25/2013,Coffee,-27.06,CA
5349,1/25/2013,Art Museum,-47.04,CA
5349,1/26/2013,Public Transportation - Bus Pass,-2.59,CA
5349,1/26/2013,Library Membership,-48.54,CA
5349,1/26/2013,Public Transportation - Train Pass,-23.98,CA
5349,1/26/2013,Food Delivery - GrubHub,-14.87,CA
5349,1/26/2013,DVD - Star Trek,-29.89,CA
5349,1/26/2013,Online Education Courses,-27.85,CA
5349,1/26/2013,Food Delivery - GrubHub,-71.98,CA
5349,1/26/2013,Public Transportation - Bus Pass,-12.96,CA
5349,1/27/2013,Amazon Order - Science Book,-71.98,CA
5349,1/27/2013,Public Transportation - Bus Pass,-29.29,CA
5349,1/27/2013,Goods2 - ThinkGeek,-23.68,CA
5349,1/28/2013,Ralph's Grocery Store,-20.12,CA
5349,1/28/2013,Restaurant - Pizza,-12.88,CA
5349,1/28/2013,Goods2 - ThinkGeek,-26.91,CA
5349,1/28/2013,Public Transportation - Train Pass,-17.88,CA
5349,1/28/2013,Goods2 - ThinkGeek,-16.67,CA
5349,1/28/2013,Online Education Courses,-8.75,CA
5349,1/28/2013,Amazon Order - Mathematics Book,-0.36,CA
5349,1/29/2013,Coffee,-33.66,CA
5349,1/29/2013,Whole Foods,-14.22,CA
5349,1/30/2013,Amazon Order - Star Wars Figurine,-37.74,CA
5349,3/2/2013,Housing Rent,-1223,CA
5349,3/2/2013,Time Warner Cable,-25,CA
5349,3/2/2013,ACS - Student Loans,-135,CA
5349,3/2/2013,Gas & Electric,-32,CA
5349,3/2/2013,Navient - Student Loans,-197,CA
5349,3/2/2013,Water & Sewer,-53,CA
5349,3/2/2013,San Diego Museum,-11.85,CA
5349,3/2/2013,Art Museum,-22.56,CA
5349,3/2/2013,Restaurant - Burgers,-16.33,CA
5349,3/2/2013,Starbucks Coffee,-26.84,CA
5349,3/2/2013,Mary's Book Store,-38.49,CA
5349,3/2/2013,Restaurant - Pizza,-24.52,CA
5349,3/2/2013,Coffee,-4.18,CA
5349,3/2/2013,Lyft,-4.51,CA
5349,3/2/2013,Food Delivery - GrubHub,-35.54,CA
5349,3/3/2013,Sprouts Market,-10.78,CA
5349,3/3/2013,San Diego Museum,-26.97,CA
5349,3/3/2013,Online Education Courses,-15.63,CA
5349,3/4/2013,DVD - Star Trek,-105.75,CA
5349,3/4/2013,Library Membership,-26.48,CA
5349,3/4/2013,Food Delivery - GrubHub,-31.08,CA
5349,3/4/2013,Online Education Courses,-13.2,CA
5349,3/4/2013,Uber,-19.35,CA
5349,3/5/2013,San Diego Museum,-34.85,CA
5349,3/5/2013,DVD - Star Trek,-16.96,CA
5349,3/5/2013,Lyft,-3.97,CA
5349,3/5/2013,San Diego Museum,-24.75,CA
5349,3/5/2013,Art Museum,-117.59,CA
5349,3/6/2013,Video Game - PlayStation,-15.65,CA
5349,3/6/2013,Art Museum,-29.65,CA
5349,3/6/2013,Starbucks Coffee,-22.64,CA
5349,3/7/2013,Coffee,-33.26,CA
5349,3/7/2013,DVD - Star Trek,-69.31,CA
5349,3/7/2013,Amazon Order - Mathematics Book,-26.73,CA
5349,3/7/2013,Public Transportation - Train Pass,-0.58,CA
5349,3/7/2013,Mark's Movers,-18.74,CA
5349,3/7/2013,FedEx Shipping,-29.12,CA
5349,3/7/2013,Jerome's Furniture,-22.37,CA
5349,3/7/2013,Home Depot,-7.01,CA
5349,3/7/2013,Refrigerator Depot,-32.7,CA
5349,3/7/2013,Hamilton Move & Storage,-29.15,CA
5349,3/7/2013,Amazon Order - Science Book,-38.08,CA
5349,3/7/2013,Von's Groceries,-21.7,CA
5349,3/8/2013,DVD - Star Trek,-86.46,CA
5349,3/8/2013,Video Game - PlayStation,-7.54,CA
5349,3/8/2013,Amazon Order - Science Book,-11.33,CA
5349,3/8/2013,Mary's Book Store,-27.66,CA
5349,3/8/2013,Coffee,-19.52,CA
5349,3/9/2013,Amazon Order - Science Book,-31.95,CA
5349,3/9/2013,Online Education Courses,-28.32,CA
5349,3/9/2013,Library Membership,-39.53,CA
5349,3/10/2013,Online Education Courses,-0.68,CA
5349,3/10/2013,Restaurant - Chinese,-65.98,CA
5349,3/11/2013,Sprouts Market,-10.12,CA
5349,3/11/2013,Goods2 - ThinkGeek,-0.85,CA
5349,3/11/2013,Von's Groceries,-29.53,CA
5349,3/12/2013,Uber,-39.64,CA
5349,3/12/2013,Science Museum,-39.1,CA
5349,3/12/2013,Mary's Book Store,-79.66,CA
5349,3/12/2013,Restaurant - Burgers,-31.96,CA
5349,3/12/2013,Mary's Book Store,-25.77,CA
5349,3/12/2013,Amazon Order - Mathematics Book,-2.4,CA
5349,3/12/2013,Lyft,-26.31,CA
5349,3/12/2013,Amazon Order - Science Book,-2.87,CA
5349,3/12/2013,Restaurant - Steakhouse,-18.8,CA
5349,3/12/2013,Amazon Order - Biology Book,-0.77,CA
5349,3/12/2013,Public Transportation - Bus Pass,-34.32,CA
5349,3/12/2013,Amazon Order - Star Wars Figurine,-13.17,CA
5349,3/13/2013,Sprouts Market,-73.89,CA
5349,3/13/2013,Sprouts Market,-37.96,CA
5349,3/14/2013,Mary's Book Store,-11.77,CA
5349,3/15/2013,Public Transportation - Train Pass,-2.39,CA
5349,3/15/2013,Restaurant - Chinese,-8.68,CA
5349,3/16/2013,Von's Groceries,-10.63,CA
5349,3/16/2013,Ralph's Grocery Store,-50.6,CA
5349,3/17/2013,DVD - Star Trek,-20.57,CA
5349,3/17/2013,Von's Groceries,-25.9,CA
5349,3/17/2013,Restaurant - Steakhouse,-27.24,CA
5349,3/17/2013,Food Delivery - GrubHub,-9.34,CA
5349,3/17/2013,San Diego Museum,-12.79,CA
5349,3/17/2013,Goods2 - ThinkGeek,-12.13,CA
5349,3/17/2013,San Diego Museum,-27.69,CA
5349,3/18/2013,Public Transportation - Bus Pass,-31.43,CA
5349,3/18/2013,Public Transportation - Train Pass,-7.75,CA
5349,3/19/2013,DVD - Star Trek,-21.38,CA
5349,3/19/2013,Restaurant - Pizza,-1.82,CA
5349,3/20/2013,Lyft,-34.92,CA
5349,3/21/2013,Amazon Order - Mathematics Book,-110.95,CA
5349,3/21/2013,Amazon Order - Mathematics Book,-39.68,CA
5349,3/22/2013,DVD - Star Trek,-3.37,CA
5349,3/22/2013,Art Museum,-34.92,CA
5349,3/23/2013,Mary's Book Store,-30.11,CA
5349,3/23/2013,Mary's Book Store,-28.31,CA
5349,3/24/2013,Public Transportation - Train Pass,-4.98,CA
5349,3/24/2013,Mary's Book Store,-27.22,CA
5349,3/24/2013,Amazon Order - Biology Book,-8.12,CA
5349,3/24/2013,Von's Groceries,-0.61,CA
5349,3/24/2013,Public Transportation - Train Pass,-15.56,CA
5349,3/24/2013,Lyft,-34.03,CA
5349,3/25/2013,Amazon Order - Biology Book,-0.42,CA
5349,3/26/2013,Amazon Order - Star Wars Figurine,-19.07,CA
5349,3/26/2013,Amazon Order - Science Book,-30.37,CA
5349,3/26/2013,Online Education Courses,-30.86,CA
5349,3/27/2013,Von's Groceries,-38.85,CA
5349,3/28/2013,Taxi,-12.28,CA
5349,3/28/2013,Uber,-21.79,CA
5349,3/29/2013,Video Game - PlayStation,-37.64,CA
5349,3/29/2013,Amazon Order - Star Wars Figurine,-100.74,CA
5349,3/30/2013,Public Transportation - Bus Pass,-24.49,CA
5349,3/30/2013,Video Game - PlayStation,-33.76,CA
5349,4/2/2013,Housing Rent,-808,CA
5349,4/2/2013,Time Warner Cable,-25,CA
5349,4/2/2013,ACS - Student Loans,-135,CA
5349,4/2/2013,Gas & Electric,-32,CA
5349,4/2/2013,Navient - Student Loans,-197,CA
5349,4/2/2013,Water & Sewer,-53,CA
5349,4/2/2013,Goods2 - ThinkGeek,-12.64,CA
5349,4/2/2013,Public Transportation - Bus Pass,-0.23,CA
5349,4/2/2013,Lyft,-8.96,CA
5349,4/2/2013,Coffee,-88.77,CA
5349,4/2/2013,San Diego Museum,-11.14,CA
5349,4/2/2013,Amazon Order - Biology Book,-30.41,CA
5349,4/3/2013,Amazon Order - Science Book,-23.96,CA
5349,4/3/2013,DVD - Star Trek,-16.37,CA
5349,4/3/2013,Lyft,-7.93,CA
5349,4/3/2013,Uber,-29.41,CA
5349,4/3/2013,Amazon Order - Star Wars Figurine,-33.23,CA
5349,4/3/2013,Mary's Book Store,-91.12,CA
5349,4/4/2013,San Diego Museum,-17.53,CA
5349,4/4/2013,Amazon Order - Star Wars Figurine,-31.17,CA
5349,4/5/2013,Amazon Order - Star Wars Figurine,-16.81,CA
5349,4/5/2013,Whole Foods,-38.63,CA
5349,4/5/2013,DVD - Star Trek,-13.73,CA
5349,4/5/2013,Von's Groceries,-10.6,CA
5349,4/5/2013,Amazon Order - Science Book,-18.07,CA
5349,4/5/2013,Restaurant - Chinese,-99.54,CA
5349,4/6/2013,Taxi,-108.25,CA
5349,4/6/2013,Whole Foods,-52.32,CA
5349,4/6/2013,Online Education Courses,-27.55,CA
5349,4/6/2013,DVD - Star Trek,-39.42,CA
5349,4/7/2013,Amazon Order - Mathematics Book,-34.89,CA
5349,4/8/2013,Restaurant - Burgers,-3.73,CA
5349,4/8/2013,Public Transportation - Train Pass,-32,CA
5349,4/8/2013,DVD - Star Trek,-33.14,CA
5349,4/8/2013,Art Museum,-115.96,CA
5349,4/9/2013,Art Museum,-19.63,CA
5349,4/9/2013,Mary's Book Store,-23.75,CA
5349,4/10/2013,Uber,-27.38,CA
5349,4/11/2013,Amazon Order - Mathematics Book,-51.56,CA
5349,4/11/2013,Video Game - PlayStation,-20.45,CA
5349,4/12/2013,Science Museum,-0.83,CA
5349,4/12/2013,Starbucks Coffee,-13.64,CA
5349,4/12/2013,Taxi,-68.53,CA
5349,4/13/2013,Starbucks Coffee,-11.6,CA
5349,4/13/2013,Whole Foods,-114.58,CA
5349,4/13/2013,Lyft,-8.84,CA
5349,4/13/2013,Amazon Order - Science Book,-3.08,CA
5349,4/14/2013,Amazon Order - Biology Book,-5.87,CA
5349,4/14/2013,Coffee,-85.1,CA
5349,4/15/2013,Online Education Courses,-35.53,CA
5349,4/16/2013,Restaurant - Burgers,-24.35,CA
5349,4/16/2013,Coffee,-35,CA
5349,4/16/2013,Video Game - PlayStation,-89.11,CA
5349,4/16/2013,Ralph's Grocery Store,-37.14,CA
5349,4/16/2013,Online Education Courses,-37.51,CA
5349,4/16/2013,Von's Groceries,-21.38,CA
5349,4/16/2013,Amazon Order - Mathematics Book,-7.93,CA
5349,4/17/2013,Public Transportation - Bus Pass,-37.35,CA
5349,4/17/2013,Restaurant - Steakhouse,-31.65,CA
5349,4/18/2013,Amazon Order - Science Book,-10.31,CA
5349,4/18/2013,Goods2 - ThinkGeek,-19.82,CA
5349,4/18/2013,Online Education Courses,-19.24,CA
5349,4/18/2013,San Diego Museum,-18.18,CA
5349,4/18/2013,San Diego Museum,-25.81,CA
5349,4/18/2013,Mary's Book Store,-30.86,CA
5349,4/18/2013,Amazon Order - Biology Book,-12.38,CA
5349,4/18/2013,Online Education Courses,-4.71,CA
5349,4/18/2013,Lyft,-9.83,CA
5349,4/19/2013,Library Membership,-16.43,CA
5349,4/19/2013,DVD - Star Trek,-29.49,CA
5349,4/19/2013,Amazon Order - Star Wars Figurine,-31.1,CA
5349,4/19/2013,Uber,-114.43,CA
5349,4/19/2013,Mary's Book Store,-38.98,CA
5349,4/20/2013,Science Museum,-26.74,CA
5349,4/21/2013,Starbucks Coffee,-26.21,CA
5349,4/22/2013,San Diego Museum,-5.69,CA
5349,4/22/2013,Public Transportation - Train Pass,-32.58,CA
5349,4/22/2013,Coffee,-10.89,CA
5349,4/22/2013,Video Game - PlayStation,-85.43,CA
5349,4/23/2013,San Diego Museum,-0.53,CA
5349,4/23/2013,Art Museum,-11.03,CA
5349,4/23/2013,Library Membership,-27.32,CA
5349,4/24/2013,Lyft,-28.89,CA
5349,4/24/2013,Whole Foods,-105.44,CA
5349,4/25/2013,Amazon Order - Science Book,-33.71,CA
5349,4/25/2013,Amazon Order - Science Book,-114.68,CA
5349,4/25/2013,Restaurant - Steakhouse,-26.94,CA
5349,4/25/2013,Taxi,-114.14,CA
5349,4/25/2013,Taxi,-34.38,CA
5349,4/25/2013,DVD - Star Trek,-31.68,CA
5349,4/25/2013,Uber,-31.89,CA
5349,4/26/2013,Uber,-33.51,CA
5349,4/27/2013,Online Education Courses,-82.84,CA
5349,4/27/2013,Sprouts Market,-24.04,CA
5349,4/27/2013,Art Museum,-8.78,CA
5349,4/28/2013,Public Transportation - Train Pass,-35.86,CA
5349,4/28/2013,Public Transportation - Bus Pass,-9.06,CA
5349,4/28/2013,Public Transportation - Bus Pass,-15.53,CA
5349,4/28/2013,Science Museum,-80.13,CA
5349,4/28/2013,San Diego Museum,-89.66,CA
5349,4/28/2013,Restaurant - Pizza,-42.47,CA
5349,4/28/2013,San Diego Museum,-22.21,CA
5349,4/28/2013,Amazon Order - Star Wars Figurine,-36.55,CA
5349,4/28/2013,Coffee,-94.86,CA
5349,4/29/2013,Ralph's Grocery Store,-36.01,CA
5349,4/30/2013,Amazon Order - Star Wars Figurine,-40.9,CA
5349,4/30/2013,Goods2 - ThinkGeek,-22.7,CA
5349,4/30/2013,Lyft,-38.83,CA
5349,5/2/2013,Housing Rent,-967,CA
5349,5/2/2013,Time Warner Cable,-25,CA
5349,5/2/2013,ACS - Student Loans,-135,CA
5349,5/2/2013,Gas & Electric,-32,CA
5349,5/2/2013,Navient - Student Loans,-197,CA
5349,5/2/2013,Water & Sewer,-53,CA
5349,5/2/2013,Public Transportation - Train Pass,-5.9,CA
5349,5/2/2013,Whole Foods,-7.34,CA
5349,5/2/2013,DVD - Star Trek,-24.31,CA
5349,5/3/2013,San Diego Museum,-108.28,CA
5349,5/4/2013,Goods2 - ThinkGeek,-36.34,CA
5349,5/5/2013,Amazon Order - Mathematics Book,-55.94,CA
5349,5/6/2013,Video Game - PlayStation,-6.14,CA
5349,5/6/2013,Uber,-22.29,CA
5349,5/7/2013,Mary's Book Store,-34.56,CA
5349,5/7/2013,Amazon Order - Star Wars Figurine,-28.04,CA
5349,5/8/2013,Restaurant - Pizza,-0.21,CA
5349,5/8/2013,Taxi,-32.76,CA
5349,5/9/2013,Art Museum,-37.31,CA
5349,5/9/2013,Food Delivery - GrubHub,-23.21,CA
5349,5/9/2013,Taxi,-119.22,CA
5349,5/10/2013,Ralph's Grocery Store,-30.34,CA
5349,5/10/2013,Art Museum,-106.1,CA
5349,5/10/2013,San Diego Museum,-22.03,CA
5349,5/10/2013,Taxi,-7.62,CA
5349,5/10/2013,DVD - Star Trek,-50.14,CA
5349,5/11/2013,San Diego Museum,-13.01,CA
5349,5/11/2013,Restaurant - Burgers,-25.02,CA
5349,5/11/2013,Restaurant - Pizza,-39.36,CA
5349,5/11/2013,Public Transportation - Train Pass,-40.09,CA
5349,5/11/2013,Restaurant - Steakhouse,-21.06,CA
5349,5/11/2013,Restaurant - Chinese,-0.68,CA
5349,5/11/2013,Public Transportation - Train Pass,-72.41,CA
5349,5/11/2013,Public Transportation - Bus Pass,-100.3,CA
5349,5/11/2013,Coffee,-61.08,CA
5349,5/11/2013,Public Transportation - Bus Pass,-12.19,CA
5349,5/12/2013,Public Transportation - Bus Pass,-32.58,CA
5349,5/12/2013,Amazon Order - Biology Book,-15.2,CA
5349,5/12/2013,Public Transportation - Train Pass,-72.6,CA
5349,5/12/2013,Sprouts Market,-9.25,CA
5349,5/13/2013,DVD - Star Trek,-94.7,CA
5349,5/14/2013,Starbucks Coffee,-38.83,CA
5349,5/14/2013,Ralph's Grocery Store,-31.49,CA
5349,5/15/2013,Amazon Order - Star Wars Figurine,-25.55,CA
5349,5/15/2013,Ralph's Grocery Store,-0.09,CA
5349,5/15/2013,Amazon Order - Biology Book,-52.41,CA
5349,5/16/2013,Goods2 - ThinkGeek,-43.13,CA
5349,5/17/2013,San Diego Museum,-30.07,CA
5349,5/17/2013,Whole Foods,-38.52,CA
5349,5/17/2013,Mary's Book Store,-36.02,CA
5349,5/17/2013,Science Museum,-2.17,CA
5349,5/17/2013,Lyft,-53.38,CA
5349,5/17/2013,Amazon Order - Mathematics Book,-26.8,CA
5349,5/17/2013,Library Membership,-63.76,CA
5349,5/17/2013,Goods2 - ThinkGeek,-10.16,CA
5349,5/17/2013,Library Membership,-48.03,CA
5349,5/17/2013,Amazon Order - Biology Book,-9.18,CA
5349,5/17/2013,Coffee,-9.36,CA
5349,5/18/2013,DVD - Star Trek,-14.47,CA
5349,5/18/2013,Amazon Order - Mathematics Book,-24.05,CA
5349,5/18/2013,Library Membership,-28.78,CA
5349,5/19/2013,Von's Groceries,-15.56,CA
5349,5/19/2013,Starbucks Coffee,-37.15,CA
5349,5/19/2013,Restaurant - Burgers,-40.12,CA
5349,5/20/2013,Public Transportation - Bus Pass,-28.09,CA
5349,5/20/2013,DVD - Star Trek,-109.15,CA
5349,5/20/2013,Public Transportation - Bus Pass,-19.59,CA
5349,5/21/2013,San Diego Museum,-33.93,CA
5349,5/21/2013,Amazon Order - Mathematics Book,-8.11,CA
5349,5/21/2013,Art Museum,-1.15,CA
5349,5/21/2013,DVD - Star Trek,-17.96,CA
5349,5/21/2013,Restaurant - Burgers,-30.42,CA
5349,5/22/2013,Amazon Order - Biology Book,-15.01,CA
5349,5/22/2013,Public Transportation - Bus Pass,-0.83,CA
5349,5/22/2013,Art Museum,-5.57,CA
5349,5/22/2013,Starbucks Coffee,-8.95,CA
5349,5/22/2013,Online Education Courses,-27.39,CA
5349,5/23/2013,Video Game - PlayStation,-4.7,CA
5349,5/23/2013,Library Membership,-20.69,CA
5349,5/23/2013,Amazon Order - Mathematics Book,-39.67,CA
5349,5/23/2013,San Diego Museum,-35.68,CA
5349,5/23/2013,Online Education Courses,-14.38,CA
5349,5/23/2013,Amazon Order - Star Wars Figurine,-23.04,CA
5349,5/23/2013,Coffee,-29.6,CA
5349,5/23/2013,Video Game - PlayStation,-71.86,CA
5349,5/23/2013,Coffee,-25.99,CA
5349,5/23/2013,Coffee,-4.77,CA
5349,5/23/2013,Restaurant - Pizza,-20.77,CA
5349,5/23/2013,Uber,-6.6,CA
5349,5/24/2013,Public Transportation - Bus Pass,-13.2,CA
5349,5/25/2013,Food Delivery - GrubHub,-26.27,CA
5349,5/25/2013,San Diego Museum,-6.78,CA
5349,5/25/2013,Online Education Courses,-98.17,CA
5349,5/25/2013,Public Transportation - Bus Pass,-81.47,CA
5349,5/25/2013,Amazon Order - Mathematics Book,-18.14,CA
5349,5/25/2013,Coffee,-28.87,CA
5349,5/25/2013,Sprouts Market,-35.15,CA
5349,5/25/2013,Coffee,-1.86,CA
5349,5/26/2013,Amazon Order - Biology Book,-21.62,CA
5349,5/26/2013,Library Membership,-36.34,CA
5349,5/26/2013,Amazon Order - Star Wars Figurine,-30.17,CA
5349,5/27/2013,Goods2 - ThinkGeek,-12.51,CA
5349,5/27/2013,Sprouts Market,-21.3,CA
5349,5/27/2013,Von's Groceries,-6.03,CA
5349,5/27/2013,Mary's Book Store,-23.54,CA
5349,5/28/2013,Amazon Order - Mathematics Book,-38.62,CA
5349,5/28/2013,Coffee,-3.21,CA
5349,5/29/2013,Goods2 - ThinkGeek,-31.86,CA
5349,5/29/2013,Online Education Courses,-37.47,CA
5349,5/29/2013,Kay Jewelry,-17.38,CA
5349,5/29/2013,Wedding Planner,-16.83,CA
5349,5/29/2013,Southwest Flights - Cancun,-35.04,CA
5349,5/29/2013,Cancun Beach Resort,-46.42,CA
5349,5/29/2013,Lyft,-27.76,CA
5349,5/29/2013,Amazon Order - Science Book,-18.41,CA
5349,5/29/2013,Video Game - PlayStation,-22.39,CA
5349,5/30/2013,Goods2 - ThinkGeek,-35.7,CA
5349,5/30/2013,Science Museum,-41.23,CA
5349,5/30/2013,Amazon Order - Biology Book,-39.39,CA
5349,6/2/2013,Housing Rent,-872,CA
5349,6/2/2013,Time Warner Cable,-25,CA
5349,6/2/2013,ACS - Student Loans,-135,CA
5349,6/2/2013,Gas & Electric,-32,CA
5349,6/2/2013,Navient - Student Loans,-197,CA
5349,6/2/2013,Water & Sewer,-53,CA
5349,6/2/2013,Amazon Order - Mathematics Book,-23.65,CA
5349,6/2/2013,Amazon Order - Science Book,-20.26,CA
5349,6/3/2013,Public Transportation - Bus Pass,-4.43,CA
5349,6/3/2013,Video Game - PlayStation,-6.37,CA
5349,6/4/2013,Amazon Order - Mathematics Book,-6.23,CA
5349,6/4/2013,Goods2 - ThinkGeek,-119.26,CA
5349,6/4/2013,Mary's Book Store,-1.99,CA
5349,6/4/2013,Amazon Order - Mathematics Book,-32.04,CA
5349,6/4/2013,Coffee,-22.27,CA
5349,6/4/2013,Restaurant - Steakhouse,-5.95,CA
5349,6/4/2013,Lyft,-3.7,CA
5349,6/4/2013,Science Museum,-25.04,CA
5349,6/4/2013,Amazon Order - Star Wars Figurine,-30.06,CA
5349,6/4/2013,Coffee,-39.93,CA
5349,6/5/2013,Coffee,-12.93,CA
5349,6/5/2013,Mary's Book Store,-17.02,CA
5349,6/5/2013,DVD - Star Trek,-29.61,CA
5349,6/5/2013,Science Museum,-43.97,CA
5349,6/5/2013,Uber,-4.03,CA
5349,6/5/2013,Restaurant - Pizza,-70.83,CA
5349,6/5/2013,Food Delivery - GrubHub,-26.95,CA
5349,6/5/2013,Ralph's Grocery Store,-37.26,CA
5349,6/6/2013,Public Transportation - Bus Pass,-18.25,CA
5349,6/7/2013,San Diego Museum,-18.08,CA
5349,6/7/2013,Coffee,-68.38,CA
5349,6/8/2013,Science Museum,-62.8,CA
5349,6/8/2013,Science Museum,-67.36,CA
5349,6/8/2013,Von's Groceries,-112.01,CA
5349,6/9/2013,Science Museum,-34.49,CA
5349,6/9/2013,Taxi,-31.33,CA
5349,6/9/2013,Online Education Courses,-14.07,CA
5349,6/9/2013,Public Transportation - Train Pass,-21.73,CA
5349,6/10/2013,Restaurant - Burgers,-117.71,CA
5349,6/11/2013,Library Membership,-25.42,CA
5349,6/12/2013,Restaurant - Burgers,-20.68,CA
5349,6/13/2013,Coffee,-0.96,CA
5349,6/13/2013,Goods2 - ThinkGeek,-39.68,CA
5349,6/13/2013,Video Game - PlayStation,-32.87,CA
5349,6/14/2013,Amazon Order - Biology Book,-70.01,CA
5349,6/14/2013,Science Museum,-26.87,CA
5349,6/15/2013,Science Museum,-29.33,CA
5349,6/15/2013,Amazon Order - Mathematics Book,-3.27,CA
5349,6/15/2013,Online Education Courses,-12.66,CA
5349,6/16/2013,Video Game - PlayStation,-14.79,CA
5349,6/16/2013,Amazon Order - Star Wars Figurine,-52.88,CA
5349,6/16/2013,San Diego Museum,-20.22,CA
5349,6/16/2013,Art Museum,-15.19,CA
5349,6/16/2013,Amazon Order - Star Wars Figurine,-35.73,CA
5349,6/16/2013,DVD - Star Trek,-17.1,CA
5349,6/16/2013,Art Museum,-0.45,CA
5349,6/16/2013,Amazon Order - Biology Book,-10.49,CA
5349,6/17/2013,Amazon Order - Star Wars Figurine,-14.12,CA
5349,6/17/2013,San Diego Museum,-36.8,CA
5349,6/17/2013,Public Transportation - Bus Pass,-6.97,CA
5349,6/17/2013,Library Membership,-3.88,CA
5349,6/18/2013,Online Education Courses,-34.9,CA
5349,6/19/2013,Goods2 - ThinkGeek,-24.8,CA
5349,6/19/2013,Video Game - PlayStation,-18.05,CA
5349,6/19/2013,Art Museum,-32.5,CA
5349,6/20/2013,Amazon Order - Star Wars Figurine,-31.69,CA
5349,6/21/2013,Von's Groceries,-38,CA
5349,6/21/2013,Taxi,-85.9,CA
5349,6/21/2013,Science Museum,-3.89,CA
5349,6/21/2013,Restaurant - Pizza,-2.48,CA
5349,6/21/2013,DVD - Star Trek,-71.59,CA
5349,6/21/2013,Online Education Courses,-14.09,CA
5349,6/22/2013,DVD - Star Trek,-11.11,CA
5349,6/23/2013,Amazon Order - Star Wars Figurine,-10.18,CA
5349,6/23/2013,San Diego Museum,-20.57,CA
5349,6/23/2013,Library Membership,-22.62,CA
5349,6/23/2013,Library Membership,-73.62,CA
5349,6/23/2013,Food Delivery - GrubHub,-29.34,CA
5349,6/23/2013,Public Transportation - Train Pass,-37.99,CA
5349,6/24/2013,Amazon Order - Mathematics Book,-25.04,CA
5349,6/25/2013,Mary's Book Store,-17.57,CA
5349,6/26/2013,Science Museum,-13.25,CA
5349,6/27/2013,Amazon Order - Star Wars Figurine,-66.31,CA
5349,6/28/2013,Science Museum,-19.14,CA
5349,6/29/2013,San Diego Museum,-26.62,CA
5349,6/29/2013,Uber,-18.95,CA
5349,6/29/2013,Restaurant - Steakhouse,-33.81,CA
5349,6/30/2013,Coffee,-30.15,CA
5349,6/30/2013,Science Museum,-8.73,CA
5349,7/2/2013,Paycheck,3051,CA
5349,7/2/2013,Housing Rent,-834,CA
5349,7/2/2013,Time Warner Cable,-25,CA
5349,7/2/2013,ACS - Student Loans,-135,CA
5349,7/2/2013,Gas & Electric,-32,CA
5349,7/2/2013,Navient - Student Loans,-197,CA
5349,7/2/2013,Water & Sewer,-53,CA
5349,7/2/2013,Restaurant - Chinese,-14.94,CA
5349,7/2/2013,Taxi,-15,CA
5349,7/3/2013,Online Education Courses,-108.12,CA
5349,7/3/2013,Mary's Book Store,-11.81,CA
5349,7/3/2013,Public Transportation - Bus Pass,-22.26,CA
5349,7/4/2013,Food Delivery - GrubHub,-28.82,CA
5349,7/4/2013,Goods2 - ThinkGeek,-12.89,CA
5349,7/5/2013,Goods2 - ThinkGeek,-3.6,CA
5349,7/5/2013,Video Game - PlayStation,-7.39,CA
5349,7/6/2013,Coffee,-108.95,CA
5349,7/6/2013,Lyft,-61.04,CA
5349,7/7/2013,Online Education Courses,-38.76,CA
5349,7/7/2013,Amazon Order - Mathematics Book,-11.02,CA
5349,7/7/2013,Whole Foods,-18.76,CA
5349,7/7/2013,Uber,-17.55,CA
5349,7/7/2013,Amazon Order - Biology Book,-33.45,CA
5349,7/7/2013,Mary's Book Store,-0.25,CA
5349,7/7/2013,Science Museum,-27.99,CA
5349,7/8/2013,Amazon Order - Mathematics Book,-34.07,CA
5349,7/9/2013,San Diego Museum,-67.16,CA
5349,7/9/2013,DVD - Star Trek,-23.31,CA
5349,7/9/2013,Restaurant - Pizza,-10.09,CA
5349,7/9/2013,Goods2 - ThinkGeek,-17.1,CA
5349,7/9/2013,Food Delivery - GrubHub,-32.99,CA
5349,7/9/2013,Library Membership,-100.12,CA
5349,7/9/2013,San Diego Museum,-36.59,CA
5349,7/9/2013,Library Membership,-105.87,CA
5349,7/10/2013,Science Museum,-17.06,CA
5349,7/10/2013,Amazon Order - Mathematics Book,-17.77,CA
5349,7/11/2013,Ralph's Grocery Store,-7.3,CA
5349,7/12/2013,Mary's Book Store,-61.92,CA
5349,7/12/2013,Mary's Book Store,-9.1,CA
5349,7/12/2013,Online Education Courses,-23.96,CA
5349,7/12/2013,Amazon Order - Mathematics Book,-10.2,CA
5349,7/12/2013,Ralph's Grocery Store,-12.46,CA
5349,7/12/2013,Video Game - PlayStation,-4.26,CA
5349,7/13/2013,Goods2 - ThinkGeek,-29.13,CA
5349,7/13/2013,Restaurant - Steakhouse,-93.83,CA
5349,7/13/2013,Restaurant - Steakhouse,-32.47,CA
5349,7/14/2013,Coffee,-37,CA
5349,7/14/2013,Lyft,-27.18,CA
5349,7/15/2013,Taxi,-12.41,CA
5349,7/15/2013,Art Museum,-53.39,CA
5349,7/15/2013,Public Transportation - Bus Pass,-34.93,CA
5349,7/16/2013,San Diego Museum,-30.11,CA
5349,7/16/2013,Taxi,-14.3,CA
5349,7/17/2013,Online Education Courses,-31.54,CA
5349,7/17/2013,Video Game - PlayStation,-17.27,CA
5349,7/17/2013,Science Museum,-20.26,CA
5349,7/18/2013,Online Education Courses,-13.99,CA
5349,7/19/2013,Mary's Book Store,-19.08,CA
5349,7/19/2013,Taxi,-2.63,CA
5349,7/19/2013,DVD - Star Trek,-57.79,CA
5349,7/20/2013,San Diego Museum,-6.89,CA
5349,7/20/2013,Coffee,-41.08,CA
5349,7/20/2013,Lyft,-13,CA
5349,7/20/2013,Amazon Order - Star Wars Figurine,-0.9,CA
5349,7/20/2013,Public Transportation - Train Pass,-28.9,CA
5349,7/20/2013,Amazon Order - Science Book,-19.51,CA
5349,7/20/2013,Coffee,-35.44,CA
5349,7/20/2013,Ralph's Grocery Store,-26.13,CA
5349,7/20/2013,DVD - Star Trek,-14.81,CA
5349,7/20/2013,Science Museum,-14.64,CA
5349,7/20/2013,Mary's Book Store,-24.55,CA
5349,7/21/2013,Uber,-25.87,CA
5349,7/21/2013,Amazon Order - Mathematics Book,-1.35,CA
5349,7/21/2013,San Diego Museum,-30.03,CA
5349,7/21/2013,Science Museum,-26.07,CA
5349,7/21/2013,Video Game - PlayStation,-31.65,CA
5349,7/21/2013,Restaurant - Chinese,-24.34,CA
5349,7/21/2013,Library Membership,-1.09,CA
5349,7/21/2013,Science Museum,-15.94,CA
5349,7/22/2013,Goods2 - ThinkGeek,-92.24,CA
5349,7/23/2013,Goods2 - ThinkGeek,-63.76,CA
5349,7/23/2013,Starbucks Coffee,-2.53,CA
5349,7/23/2013,Science Museum,-2.84,CA
5349,7/24/2013,Art Museum,-6.84,CA
5349,7/24/2013,Art Museum,-14.48,CA
5349,7/24/2013,Amazon Order - Star Wars Figurine,-29.38,CA
5349,7/24/2013,Uber,-66.01,CA
5349,7/24/2013,Uber,-31.86,CA
5349,7/24/2013,Library Membership,-12.95,CA
5349,7/24/2013,Whole Foods,-15.79,CA
5349,7/24/2013,Goods2 - ThinkGeek,-23.77,CA
5349,7/24/2013,Public Transportation - Bus Pass,-25.11,CA
5349,7/25/2013,Uber,-23.42,CA
5349,7/26/2013,Goods2 - ThinkGeek,-33.14,CA
5349,7/26/2013,Science Museum,-17.54,CA
5349,7/26/2013,Amazon Order - Science Book,-98.41,CA
5349,7/26/2013,Taxi,-0.61,CA
5349,7/26/2013,Whole Foods,-94.74,CA
5349,7/26/2013,San Diego Museum,-25.24,CA
5349,7/26/2013,Amazon Order - Star Wars Figurine,-28.09,CA
5349,7/26/2013,Science Museum,-33.82,CA
5349,7/26/2013,Coffee,-20.24,CA
5349,7/26/2013,Online Education Courses,-6.8,CA
5349,7/27/2013,Library Membership,-48.88,CA
5349,7/27/2013,Amazon Order - Science Book,-20.43,CA
5349,7/27/2013,Coffee,-14.44,CA
5349,7/27/2013,Art Museum,-1.35,CA
5349,7/27/2013,Public Transportation - Train Pass,-7.16,CA
5349,7/27/2013,Taxi,-35.65,CA
5349,7/27/2013,Online Education Courses,-29.52,CA
5349,7/28/2013,Food Delivery - GrubHub,-52.5,CA
5349,7/29/2013,Starbucks Coffee,-81.92,CA
5349,7/29/2013,Mary's Book Store,-14.57,CA
5349,7/29/2013,Sprouts Market,-81.97,CA
5349,7/29/2013,Science Museum,-67.16,CA
5349,7/29/2013,Restaurant - Burgers,-39.28,CA
5349,7/29/2013,Public Transportation - Bus Pass,-74.14,CA
5349,7/30/2013,Art Museum,-53.37,CA
5349,8/2/2013,Paycheck,3051,CA
5349,8/2/2013,Housing Rent,-877,CA
5349,8/2/2013,Time Warner Cable,-25,CA
5349,8/2/2013,ACS - Student Loans,-135,CA
5349,8/2/2013,Gas & Electric,-32,CA
5349,8/2/2013,Navient - Student Loans,-197,CA
5349,8/2/2013,Water & Sewer,-53,CA
5349,8/2/2013,Taxi,-3.23,CA
5349,8/3/2013,Video Game - PlayStation,-1.41,CA
5349,8/3/2013,Video Game - PlayStation,-22.83,CA
5349,8/3/2013,Starbucks Coffee,-22.31,CA
5349,8/3/2013,Library Membership,-14.45,CA
5349,8/4/2013,DVD - Star Trek,-31.22,CA
5349,8/4/2013,Uber,-7.5,CA
5349,8/4/2013,Ralph's Grocery Store,-17.01,CA
5349,8/5/2013,Amazon Order - Mathematics Book,-10.5,CA
5349,8/5/2013,Online Education Courses,-6.21,CA
5349,8/5/2013,San Diego Museum,-15.55,CA
5349,8/6/2013,Von's Groceries,-97.41,CA
5349,8/6/2013,Online Education Courses,-4.91,CA
5349,8/6/2013,Online Education Courses,-29.81,CA
5349,8/6/2013,Art Museum,-3.05,CA
5349,8/7/2013,DVD - Star Trek,-39.34,CA
5349,8/7/2013,Amazon Order - Star Wars Figurine,-50.3,CA
5349,8/8/2013,Online Education Courses,-11.06,CA
5349,8/9/2013,Mary's Book Store,-28.17,CA
5349,8/9/2013,Amazon Order - Biology Book,-28.3,CA
5349,8/10/2013,Online Education Courses,-93.12,CA
5349,8/10/2013,Amazon Order - Biology Book,-38.26,CA
5349,8/11/2013,San Diego Museum,-86.32,CA
5349,8/11/2013,Video Game - PlayStation,-0.34,CA
5349,8/12/2013,Amazon Order - Star Wars Figurine,-31.69,CA
5349,8/13/2013,Taxi,-19.88,CA
5349,8/14/2013,Amazon Order - Star Wars Figurine,-36.21,CA
5349,8/14/2013,Science Museum,-66.63,CA
5349,8/14/2013,Amazon Order - Biology Book,-32.29,CA
5349,8/14/2013,Amazon Order - Mathematics Book,-19.88,CA
5349,8/14/2013,Coffee,-12.72,CA
5349,8/14/2013,Amazon Order - Biology Book,-10.75,CA
5349,8/14/2013,Starbucks Coffee,-12.06,CA
5349,8/14/2013,Whole Foods,-119.02,CA
5349,8/15/2013,Von's Groceries,-16.13,CA
5349,8/16/2013,Public Transportation - Train Pass,-17.91,CA
5349,8/17/2013,Restaurant - Burgers,-15.03,CA
5349,8/17/2013,San Diego Museum,-27.97,CA
5349,8/17/2013,Art Museum,-12.71,CA
5349,8/18/2013,Coffee,-34.82,CA
5349,8/18/2013,Online Education Courses,-59.41,CA
5349,8/18/2013,Food Delivery - GrubHub,-14.87,CA
5349,8/19/2013,Taxi,-14.28,CA
5349,8/19/2013,Sprouts Market,-7.17,CA
5349,8/19/2013,Online Education Courses,-23.01,CA
5349,8/19/2013,San Diego Museum,-5.69,CA
5349,8/19/2013,Amazon Order - Science Book,-86.56,CA
5349,8/19/2013,Goods2 - ThinkGeek,-25.12,CA
5349,8/19/2013,Library Membership,-7.04,CA
5349,8/20/2013,Starbucks Coffee,-22.85,CA
5349,8/20/2013,Amazon Order - Star Wars Figurine,-1.98,CA
5349,8/21/2013,Von's Groceries,-27.03,CA
5349,8/21/2013,Amazon Order - Biology Book,-8.31,CA
5349,8/21/2013,Coffee,-22.27,CA
5349,8/21/2013,Amazon Order - Mathematics Book,-19.74,CA
5349,8/21/2013,Video Game - PlayStation,-64.09,CA
5349,8/21/2013,Public Transportation - Train Pass,-101.95,CA
5349,8/22/2013,Mary's Book Store,-38.41,CA
5349,8/22/2013,Amazon Order - Biology Book,-25.53,CA
5349,8/22/2013,Taxi,-15.88,CA
5349,8/22/2013,Sprouts Market,-36.44,CA
5349,8/23/2013,Restaurant - Pizza,-8.99,CA
5349,8/24/2013,Uber,-19.63,CA
5349,8/24/2013,Online Education Courses,-33.3,CA
5349,8/24/2013,Coffee,-8.41,CA
5349,8/25/2013,Mary's Book Store,-31.49,CA
5349,8/26/2013,Amazon Order - Mathematics Book,-12.14,CA
5349,8/26/2013,Uber,-59.52,CA
5349,8/26/2013,Lyft,-15.58,CA
5349,8/26/2013,Amazon Order - Mathematics Book,-21.88,CA
5349,8/26/2013,Restaurant - Chinese,-11.26,CA
5349,8/26/2013,Amazon Order - Mathematics Book,-39.27,CA
5349,8/26/2013,Science Museum,-94.2,CA
5349,8/26/2013,Video Game - PlayStation,-9.01,CA
5349,8/26/2013,Amazon Order - Biology Book,-10.23,CA
5349,8/27/2013,Uber,-20.36,CA
5349,8/27/2013,Taxi,-10.58,CA
5349,8/27/2013,Whole Foods,-26.2,CA
5349,8/28/2013,Goods2 - ThinkGeek,-90.61,CA
5349,8/28/2013,Amazon Order - Biology Book,-25.97,CA
5349,8/28/2013,Online Education Courses,-7.45,CA
5349,8/28/2013,Starbucks Coffee,-24.9,CA
5349,8/29/2013,Amazon Order - Star Wars Figurine,-55.76,CA
5349,8/30/2013,Library Membership,-8.65,CA
5349,8/30/2013,Amazon Order - Biology Book,-74.7,CA
5349,8/30/2013,DVD - Star Trek,-20.66,CA
5349,8/30/2013,Art Museum,-13.43,CA
5349,9/2/2013,Paycheck,3051,CA
5349,9/2/2013,Housing Rent,-715,CA
5349,9/2/2013,Time Warner Cable,-25,CA
5349,9/2/2013,ACS - Student Loans,-135,CA
5349,9/2/2013,Gas & Electric,-32,CA
5349,9/2/2013,Navient - Student Loans,-197,CA
5349,9/2/2013,Water & Sewer,-53,CA
5349,9/2/2013,Whole Foods,-30.16,CA
5349,9/3/2013,Art Museum,-25.71,CA
5349,9/3/2013,DVD - Star Trek,-25.74,CA
5349,9/3/2013,Amazon Order - Mathematics Book,-26.41,CA
5349,9/3/2013,Online Education Courses,-39.69,CA
5349,9/4/2013,Lyft,-19.65,CA
5349,9/4/2013,DVD - Star Trek,-31.58,CA
5349,9/4/2013,Restaurant - Chinese,-19,CA
5349,9/4/2013,Taxi,-37.91,CA
5349,9/5/2013,Taxi,-79.46,CA
5349,9/5/2013,Video Game - PlayStation,-35.21,CA
5349,9/5/2013,Online Education Courses,-51.89,CA
5349,9/6/2013,Restaurant - Burgers,-0.32,CA
5349,9/7/2013,Goods2 - ThinkGeek,-24.55,CA
5349,9/8/2013,Amazon Order - Biology Book,-35.4,CA
5349,9/8/2013,Science Museum,-6.01,CA
5349,9/9/2013,Online Education Courses,-76.24,CA
5349,9/9/2013,Coffee,-39.7,CA
5349,9/10/2013,San Diego Museum,-85,CA
5349,9/10/2013,Art Museum,-34.17,CA
5349,9/10/2013,Online Education Courses,-13.63,CA
5349,9/11/2013,Public Transportation - Bus Pass,-18.62,CA
5349,9/12/2013,Sprouts Market,-113.78,CA
5349,9/12/2013,Amazon Order - Science Book,-11.31,CA
5349,9/12/2013,Amazon Order - Star Wars Figurine,-12.76,CA
5349,9/13/2013,Amazon Order - Mathematics Book,-30.33,CA
5349,9/14/2013,Von's Groceries,-59.62,CA
5349,9/14/2013,Restaurant - Burgers,-45.33,CA
5349,9/14/2013,Taxi,-33.5,CA
5349,9/14/2013,Lyft,-20.1,CA
5349,9/14/2013,Art Museum,-13.29,CA
5349,9/14/2013,Restaurant - Steakhouse,-27.39,CA
5349,9/14/2013,Amazon Order - Science Book,-34.79,CA
5349,9/14/2013,Restaurant - Steakhouse,-96.21,CA
5349,9/14/2013,Science Museum,-1.97,CA
5349,9/14/2013,Amazon Order - Science Book,-22.37,CA
5349,9/14/2013,Food Delivery - GrubHub,-4.44,CA
5349,9/15/2013,Restaurant - Steakhouse,-0.23,CA
5349,9/16/2013,Public Transportation - Train Pass,-0.8,CA
5349,9/17/2013,Science Museum,-22.49,CA
5349,9/17/2013,Amazon Order - Biology Book,-91.22,CA
5349,9/18/2013,San Diego Museum,-15,CA
5349,9/18/2013,Amazon Order - Mathematics Book,-21.75,CA
5349,9/18/2013,Video Game - PlayStation,-30.95,CA
5349,9/19/2013,Library Membership,-50.31,CA
5349,9/20/2013,Sprouts Market,-17.85,CA
5349,9/21/2013,San Diego Museum,-17.15,CA
5349,9/21/2013,Amazon Order - Mathematics Book,-28.58,CA
5349,9/21/2013,Goods2 - ThinkGeek,-31.21,CA
5349,9/21/2013,Amazon Order - Mathematics Book,-84.33,CA
5349,9/21/2013,Online Education Courses,-18.46,CA
5349,9/21/2013,Lyft,-1.03,CA
5349,9/21/2013,Lyft,-37.99,CA
5349,9/21/2013,Video Game - PlayStation,-6.92,CA
5349,9/22/2013,Sprouts Market,-18.35,CA
5349,9/22/2013,Science Museum,-7.43,CA
5349,9/22/2013,Coffee,-19.32,CA
5349,9/22/2013,Lyft,-26.36,CA
5349,9/23/2013,Goods2 - ThinkGeek,-39.69,CA
5349,9/23/2013,Amazon Order - Biology Book,-26.97,CA
5349,9/23/2013,Amazon Order - Mathematics Book,-22.7,CA
5349,9/23/2013,Uber,-30.79,CA
5349,9/24/2013,Ralph's Grocery Store,-27.91,CA
5349,9/24/2013,Amazon Order - Science Book,-9.02,CA
5349,9/24/2013,Online Education Courses,-21.47,CA
5349,9/24/2013,Restaurant - Chinese,-63.62,CA
5349,9/24/2013,Amazon Order - Science Book,-33.67,CA
5349,9/24/2013,Lyft,-7.86,CA
5349,9/24/2013,Starbucks Coffee,-38.49,CA
5349,9/25/2013,Science Museum,-20.61,CA
5349,9/25/2013,Mary's Book Store,-37.16,CA
5349,9/26/2013,Goods2 - ThinkGeek,-28.94,CA
5349,9/27/2013,Amazon Order - Mathematics Book,-13.99,CA
5349,9/27/2013,Amazon Order - Mathematics Book,-28.86,CA
5349,9/27/2013,Public Transportation - Train Pass,-18.19,CA
5349,9/27/2013,Amazon Order - Science Book,-9.02,CA
5349,9/28/2013,DVD - Star Trek,-5.1,CA
5349,9/28/2013,Restaurant - Burgers,-14.41,CA
5349,9/29/2013,Amazon Order - Biology Book,-52.85,CA
5349,9/30/2013,Video Game - PlayStation,-6.51,CA
5349,9/30/2013,Amazon Order - Star Wars Figurine,-21.3,CA
5349,9/30/2013,Coffee,-4.06,CA
5349,9/30/2013,Sprouts Market,-5.96,CA
5349,9/30/2013,Mary's Book Store,-10.03,CA
5349,10/2/2013,Paycheck,3051,CA
5349,10/2/2013,Housing Rent,-749,CA
5349,10/2/2013,Time Warner Cable,-25,CA
5349,10/2/2013,ACS - Student Loans,-135,CA
5349,10/2/2013,Gas & Electric,-32,CA
5349,10/2/2013,Navient - Student Loans,-197,CA
5349,10/2/2013,Water & Sewer,-53,CA
5349,10/2/2013,Uber,-2.81,CA
5349,10/2/2013,Coffee,-32.55,CA
5349,10/2/2013,DVD - Star Trek,-3.47,CA
5349,10/3/2013,Taxi,-13.7,CA
5349,10/4/2013,Library Membership,-30.21,CA
5349,10/4/2013,Amazon Order - Mathematics Book,-36.28,CA
5349,10/5/2013,DVD - Star Trek,-36.22,CA
5349,10/6/2013,Amazon Order - Mathematics Book,-30.71,CA
5349,10/6/2013,Library Membership,-38.36,CA
5349,10/6/2013,Coffee,-31.38,CA
5349,10/7/2013,Public Transportation - Train Pass,-0.75,CA
5349,10/7/2013,Lyft,-78.16,CA
5349,10/8/2013,Art Museum,-5.84,CA
5349,10/8/2013,Library Membership,-33.64,CA
5349,10/8/2013,Amazon Order - Star Wars Figurine,-24.71,CA
5349,10/8/2013,Science Museum,-13.04,CA
5349,10/8/2013,Von's Groceries,-13.79,CA
5349,10/9/2013,Video Game - PlayStation,-21.32,CA
5349,10/10/2013,Amazon Order - Mathematics Book,-23.56,CA
5349,10/10/2013,Sprouts Market,-71.8,CA
5349,10/10/2013,Online Education Courses,-80.47,CA
5349,10/10/2013,DVD - Star Trek,-8.45,CA
5349,10/10/2013,Amazon Order - Biology Book,-70.55,CA
5349,10/11/2013,Video Game - PlayStation,-6.02,CA
5349,10/11/2013,Taxi,-14.9,CA
5349,10/11/2013,Amazon Order - Mathematics Book,-1.93,CA
5349,10/12/2013,Video Game - PlayStation,-62.93,CA
5349,10/13/2013,Amazon Order - Biology Book,-12.05,CA
5349,10/14/2013,Art Museum,-28.11,CA
5349,10/15/2013,Science Museum,-5.66,CA
5349,10/15/2013,Goods2 - ThinkGeek,-15.78,CA
5349,10/16/2013,Science Museum,-77.45,CA
5349,10/16/2013,Taxi,-29.68,CA
5349,10/16/2013,Public Transportation - Bus Pass,-12.5,CA
5349,10/17/2013,Amazon Order - Star Wars Figurine,-109.67,CA
5349,10/18/2013,DVD - Star Trek,-89.4,CA
5349,10/19/2013,Library Membership,-23.64,CA
5349,10/19/2013,Starbucks Coffee,-20.17,CA
5349,10/19/2013,DVD - Star Trek,-31.43,CA
5349,10/20/2013,Amazon Order - Science Book,-1.02,CA
5349,10/20/2013,Restaurant - Steakhouse,-16.91,CA
5349,10/20/2013,Restaurant - Burgers,-37.4,CA
5349,10/20/2013,Whole Foods,-75.19,CA
5349,10/21/2013,Restaurant - Chinese,-25.71,CA
5349,10/22/2013,Ralph's Grocery Store,-31.86,CA
5349,10/23/2013,Public Transportation - Train Pass,-10.69,CA
5349,10/23/2013,Goods2 - ThinkGeek,-8.33,CA
5349,10/23/2013,Public Transportation - Bus Pass,-37.96,CA
5349,10/23/2013,Art Museum,-2.34,CA
5349,10/23/2013,Art Museum,-11.63,CA
5349,10/24/2013,San Diego Museum,-19.33,CA
5349,10/25/2013,DVD - Star Trek,-66.9,CA
5349,10/25/2013,Video Game - PlayStation,-20.21,CA
5349,10/25/2013,Library Membership,-27.68,CA
5349,10/26/2013,Restaurant - Burgers,-7.2,CA
5349,10/27/2013,Coffee,-35.49,CA
5349,10/27/2013,Library Membership,-63.78,CA
5349,10/27/2013,Uber,-92.31,CA
5349,10/27/2013,Mary's Book Store,-19.13,CA
5349,10/27/2013,Public Transportation - Train Pass,-11.28,CA
5349,10/28/2013,Online Education Courses,-3.59,CA
5349,10/28/2013,Library Membership,-20.27,CA
5349,10/28/2013,Online Education Courses,-32.61,CA
5349,10/29/2013,Restaurant - Pizza,-28.8,CA
5349,10/29/2013,Amazon Order - Biology Book,-37.37,CA
5349,10/29/2013,Online Education Courses,-29.19,CA
5349,10/30/2013,Video Game - PlayStation,-12.39,CA
5349,11/2/2013,Paycheck,3051,CA
5349,11/2/2013,Housing Rent,-880,CA
5349,11/2/2013,Time Warner Cable,-25,CA
5349,11/2/2013,ACS - Student Loans,-135,CA
5349,11/2/2013,Gas & Electric,-32,CA
5349,11/2/2013,Navient - Student Loans,-197,CA
5349,11/2/2013,Water & Sewer,-53,CA
5349,11/2/2013,Ralph's Grocery Store,-20.31,CA
5349,11/2/2013,Amazon Order - Science Book,-52.34,CA
5349,11/2/2013,Amazon Order - Science Book,-19.39,CA
5349,11/2/2013,Sprouts Market,-18.52,CA
5349,11/2/2013,Online Education Courses,-96.36,CA
5349,11/3/2013,Science Museum,-27.29,CA
5349,11/3/2013,Amazon Order - Mathematics Book,-23.26,CA
5349,11/3/2013,DVD - Star Trek,-16.39,CA
5349,11/3/2013,Science Museum,-2.92,CA
5349,11/3/2013,Uber,-38.95,CA
5349,11/3/2013,Library Membership,-54.67,CA
5349,11/4/2013,Library Membership,-18.8,CA
5349,11/4/2013,Amazon Order - Biology Book,-114.05,CA
5349,11/4/2013,Art Museum,-8.86,CA
5349,11/4/2013,Amazon Order - Star Wars Figurine,-16.79,CA
5349,11/5/2013,Public Transportation - Train Pass,-13.53,CA
5349,11/5/2013,San Diego Museum,-23.89,CA
5349,11/5/2013,Public Transportation - Bus Pass,-30.21,CA
5349,11/5/2013,Library Membership,-6.04,CA
5349,11/5/2013,Public Transportation - Train Pass,-96.9,CA
5349,11/5/2013,Public Transportation - Train Pass,-17.33,CA
5349,11/5/2013,Taxi,-30.47,CA
5349,11/6/2013,Sprouts Market,-26.46,CA
5349,11/6/2013,Lyft,-22.22,CA
5349,11/6/2013,Amazon Order - Biology Book,-32.58,CA
5349,11/6/2013,Amazon Order - Biology Book,-4.24,CA
5349,11/7/2013,Restaurant - Steakhouse,-2.36,CA
5349,11/8/2013,Taxi,-6.79,CA
5349,11/8/2013,DVD - Star Trek,-34.94,CA
5349,11/8/2013,Science Museum,-29.43,CA
5349,11/8/2013,DVD - Star Trek,-27.88,CA
5349,11/8/2013,Library Membership,-31.8,CA
5349,11/8/2013,Coffee,-77.72,CA
5349,11/8/2013,Restaurant - Steakhouse,-34.65,CA
5349,11/8/2013,Taxi,-38.77,CA
5349,11/9/2013,Uber,-33.52,CA
5349,11/10/2013,Online Education Courses,-66.42,CA
5349,11/10/2013,Goods2 - ThinkGeek,-21.41,CA
5349,11/11/2013,Mary's Book Store,-36.02,CA
5349,11/12/2013,Public Transportation - Train Pass,-15,CA
5349,11/13/2013,Amazon Order - Mathematics Book,-5.89,CA
5349,11/14/2013,Coffee,-18.91,CA
5349,11/14/2013,DVD - Star Trek,-6.44,CA
5349,11/14/2013,Restaurant - Burgers,-1.82,CA
5349,11/14/2013,Sprouts Market,-90.89,CA
5349,11/15/2013,Taxi,-19.32,CA
5349,11/16/2013,Public Transportation - Bus Pass,-16.56,CA
5349,11/16/2013,Lyft,-35.92,CA
5349,11/17/2013,Restaurant - Chinese,-116.36,CA
5349,11/17/2013,Video Game - PlayStation,-39.94,CA
5349,11/17/2013,Art Museum,-32.46,CA
5349,11/17/2013,Starbucks Coffee,-32.78,CA
5349,11/17/2013,Sprouts Market,-18.54,CA
5349,11/17/2013,Taxi,-26.86,CA
5349,11/18/2013,Amazon Order - Mathematics Book,-34.45,CA
5349,11/19/2013,Food Delivery - GrubHub,-5.68,CA
5349,11/19/2013,DVD - Star Trek,-31.66,CA
5349,11/19/2013,Uber,-30.34,CA
5349,11/19/2013,Amazon Order - Star Wars Figurine,-4.67,CA
5349,11/19/2013,Starbucks Coffee,-25.81,CA
5349,11/19/2013,Uber,-36.48,CA
5349,11/19/2013,Science Museum,-13.93,CA
5349,11/19/2013,Restaurant - Pizza,-30.33,CA
5349,11/19/2013,Art Museum,-16.79,CA
5349,11/20/2013,Von's Groceries,-23.06,CA
5349,11/21/2013,Science Museum,-1.7,CA
5349,11/21/2013,Whole Foods,-0.91,CA
5349,11/21/2013,Amazon Order - Star Wars Figurine,-54.76,CA
5349,11/21/2013,Restaurant - Burgers,-5.53,CA
5349,11/21/2013,Food Delivery - GrubHub,-30.93,CA
5349,11/21/2013,Amazon Order - Science Book,-80.79,CA
5349,11/22/2013,Science Museum,-14.26,CA
5349,11/22/2013,Restaurant - Pizza,-60.4,CA
5349,11/22/2013,Amazon Order - Biology Book,-2.95,CA
5349,11/22/2013,San Diego Museum,-23.22,CA
5349,11/22/2013,Mary's Book Store,-34.15,CA
5349,11/22/2013,Sprouts Market,-23.5,CA
5349,11/22/2013,San Diego Museum,-13.87,CA
5349,11/22/2013,Coffee,-31.36,CA
5349,11/23/2013,Sprouts Market,-38.61,CA
5349,11/23/2013,Online Education Courses,-11.39,CA
5349,11/23/2013,San Diego Museum,-26.05,CA
5349,11/24/2013,Restaurant - Burgers,-15.86,CA
5349,11/24/2013,Public Transportation - Train Pass,-39.62,CA
5349,11/25/2013,Art Museum,-82.6,CA
5349,11/26/2013,Coffee,-13.3,CA
5349,11/27/2013,DVD - Star Trek,-12.07,CA
5349,11/27/2013,Amazon Order - Science Book,-32.92,CA
5349,11/27/2013,Lyft,-13.26,CA
5349,11/28/2013,Coffee,-23.6,CA
5349,11/29/2013,Taxi,-36.14,CA
5349,11/30/2013,DVD - Star Trek,-36.71,CA
5349,11/30/2013,Lyft,-33.9,CA
5349,11/30/2013,Library Membership,-53.57,CA
5349,11/30/2013,Mary's Book Store,-10.36,CA
5349,11/30/2013,San Diego Museum,-38.59,CA
5349,12/2/2013,Paycheck,3051,CA
5349,12/2/2013,Housing Rent,-948,CA
5349,12/2/2013,Time Warner Cable,-25,CA
5349,12/2/2013,ACS - Student Loans,-135,CA
5349,12/2/2013,Gas & Electric,-32,CA
5349,12/2/2013,Navient - Student Loans,-197,CA
5349,12/2/2013,Water & Sewer,-53,CA
5349,12/2/2013,Library Membership,-35.12,CA
5349,12/2/2013,Restaurant - Chinese,-85.04,CA
5349,12/2/2013,Restaurant - Pizza,-4.43,CA
5349,12/2/2013,San Diego Museum,-22.24,CA
5349,12/3/2013,Ralph's Grocery Store,-12.09,CA
5349,12/4/2013,Mary's Book Store,-22.87,CA
5349,12/4/2013,Taxi,-20.27,CA
5349,12/4/2013,Amazon Order - Star Wars Figurine,-17.14,CA
5349,12/4/2013,Science Museum,-18.51,CA
5349,12/4/2013,Science Museum,-6,CA
5349,12/4/2013,Restaurant - Chinese,-14.29,CA
5349,12/4/2013,Goods2 - ThinkGeek,-43.24,CA
5349,12/5/2013,Coffee,-11.6,CA
5349,12/6/2013,Amazon Order - Biology Book,-25.61,CA
5349,12/7/2013,Art Museum,-5.84,CA
5349,12/7/2013,Science Museum,-25.51,CA
5349,12/7/2013,Amazon Order - Science Book,-20.61,CA
5349,12/7/2013,Goods2 - ThinkGeek,-3.32,CA
5349,12/7/2013,Ralph's Grocery Store,-24.79,CA
5349,12/7/2013,Amazon Order - Star Wars Figurine,-48.92,CA
5349,12/7/2013,Amazon Order - Star Wars Figurine,-36.49,CA
5349,12/8/2013,Art Museum,-34.14,CA
5349,12/8/2013,Video Game - PlayStation,-0.87,CA
5349,12/8/2013,Amazon Order - Star Wars Figurine,-37.07,CA
5349,12/8/2013,Public Transportation - Train Pass,-6.97,CA
5349,12/8/2013,Amazon Order - Mathematics Book,-0.11,CA
5349,12/8/2013,Video Game - PlayStation,-0.85,CA
5349,12/8/2013,Library Membership,-16.15,CA
5349,12/9/2013,Whole Foods,-89.61,CA
5349,12/9/2013,Coffee,-8.65,CA
5349,12/9/2013,Uber,-9.62,CA
5349,12/9/2013,DVD - Star Trek,-6.37,CA
5349,12/9/2013,Coffee,-1.45,CA
5349,12/9/2013,Science Museum,-34.41,CA
5349,12/9/2013,Public Transportation - Bus Pass,-22.09,CA
5349,12/9/2013,Online Education Courses,-18.48,CA
5349,12/9/2013,Art Museum,-37.98,CA
5349,12/10/2013,Whole Foods,-33.87,CA
5349,12/11/2013,Von's Groceries,-32.39,CA
5349,12/11/2013,Online Education Courses,-11.29,CA
5349,12/12/2013,Restaurant - Chinese,-38.99,CA
5349,12/12/2013,Ralph's Grocery Store,-5.15,CA
5349,12/12/2013,Food Delivery - GrubHub,-11.43,CA
5349,12/13/2013,Amazon Order - Science Book,-21.12,CA
5349,12/14/2013,Amazon Order - Star Wars Figurine,-2.35,CA
5349,12/15/2013,Restaurant - Pizza,-19.98,CA
5349,12/15/2013,Starbucks Coffee,-3.35,CA
5349,12/15/2013,Public Transportation - Train Pass,-21.09,CA
5349,12/16/2013,Amazon Order - Biology Book,-18.24,CA
5349,12/16/2013,Art Museum,-45.56,CA
5349,12/16/2013,Amazon Order - Star Wars Figurine,-24.07,CA
5349,12/16/2013,Science Museum,-24.94,CA
5349,12/16/2013,Library Membership,-28.17,CA
5349,12/16/2013,Sprouts Market,-9.9,CA
5349,12/16/2013,Restaurant - Burgers,-104.72,CA
5349,12/17/2013,Art Museum,-21.62,CA
5349,12/17/2013,Restaurant - Steakhouse,-39.8,CA
5349,12/17/2013,Lyft,-15.45,CA
5349,12/17/2013,Coffee,-3.66,CA
5349,12/17/2013,San Diego Museum,-37.56,CA
5349,12/17/2013,Lyft,-9.11,CA
5349,12/17/2013,Taxi,-28.04,CA
5349,12/17/2013,DVD - Star Trek,-25.12,CA
5349,12/18/2013,Lyft,-17.21,CA
5349,12/18/2013,Public Transportation - Train Pass,-3.28,CA
5349,12/18/2013,Coffee,-39.29,CA
5349,12/19/2013,Library Membership,-6.15,CA
5349,12/19/2013,Mary's Book Store,-14.33,CA
5349,12/19/2013,Whole Foods,-59.65,CA
5349,12/19/2013,Online Education Courses,-35.59,CA
5349,12/20/2013,Uber,-2.49,CA
5349,12/20/2013,Goods2 - ThinkGeek,-14.8,CA
5349,12/21/2013,Mary's Book Store,-1.49,CA
5349,12/21/2013,Public Transportation - Bus Pass,-23.37,CA
5349,12/22/2013,Uber,-18.06,CA
5349,12/22/2013,Amazon Order - Mathematics Book,-106.82,CA
5349,12/23/2013,Uber,-17.1,CA
5349,12/24/2013,San Diego Museum,-22.98,CA
5349,12/24/2013,Coffee,-32.43,CA
5349,12/24/2013,Coffee,-26.35,CA
5349,12/24/2013,Online Education Courses,-28.99,CA
5349,12/24/2013,Amazon Order - Science Book,-7.93,CA
5349,12/25/2013,Amazon Order - Science Book,-25.6,CA
5349,12/25/2013,Amazon Order - Biology Book,-34.9,CA
5349,12/25/2013,San Diego Museum,-5.56,CA
5349,12/25/2013,Mary's Book Store,-3.13,CA
5349,12/25/2013,Goods2 - ThinkGeek,-22.3,CA
5349,12/25/2013,San Diego Museum,-22.58,CA
5349,12/25/2013,Amazon Order - Biology Book,-34.44,CA
5349,12/25/2013,Uber,-32.78,CA
5349,12/25/2013,Public Transportation - Bus Pass,-15.69,CA
5349,12/26/2013,Video Game - PlayStation,-24.21,CA
5349,12/27/2013,Von's Groceries,-72.9,CA
5349,12/27/2013,Lyft,-17.04,CA
5349,12/27/2013,Restaurant - Steakhouse,-18.85,CA
5349,12/27/2013,Video Game - PlayStation,-67.13,CA
5349,12/27/2013,San Diego Museum,-62.65,CA
5349,12/27/2013,Mary's Book Store,-71.7,CA
5349,12/27/2013,Taxi,-6.16,CA
5349,12/27/2013,Restaurant - Pizza,-13.6,CA
5349,12/27/2013,Public Transportation - Train Pass,-76.5,CA
5349,12/27/2013,San Diego Museum,-13.6,CA
5349,12/27/2013,Mary's Book Store,-26.41,CA
5349,12/27/2013,San Diego Museum,-25.76,CA
5349,12/27/2013,Uber,-37.01,CA
5349,12/28/2013,Amazon Order - Star Wars Figurine,-0.31,CA
5349,12/29/2013,Taxi,-21.71,CA
5349,12/30/2013,Amazon Order - Star Wars Figurine,-36.46,CA
5349,12/32/2013,Amazon Order - Science Book,-68.74,CA
5349,12/32/2013,Video Game - PlayStation,-38.29,CA
5349,12/32/2013,Public Transportation - Bus Pass,-39.01,CA
5349,1/2/2014,Restaurant - Chinese,-45.8,CA
5349,1/2/2014,Amazon Order - Science Book,-65.88,CA
5349,1/2/2014,DVD - Star Trek,-8.2,CA
5349,1/2/2014,Amazon Order - Mathematics Book,-16.58,CA
5349,1/2/2014,Public Transportation - Bus Pass,-21.06,CA
5349,1/2/2014,Coffee,-88.98,CA
5349,1/3/2014,Amazon Order - Star Wars Figurine,-13.89,CA
5349,1/3/2014,Mary's Book Store,-29.64,CA
5349,1/3/2014,Online Education Courses,-24.47,CA
5349,1/3/2014,Lyft,-23.88,CA
5349,1/3/2014,Online Education Courses,-64.5,CA
5349,1/3/2014,Ralph's Grocery Store,-3.99,CA
5349,1/4/2014,Online Education Courses,-28.35,CA
5349,1/5/2014,DVD - Star Trek,-6.06,CA
5349,1/5/2014,Amazon Order - Star Wars Figurine,-33.51,CA
5349,1/6/2014,Lyft,-2.01,CA
5349,1/6/2014,DVD - Star Trek,-27.55,CA
5349,1/6/2014,Amazon Order - Star Wars Figurine,-38.75,CA
5349,1/6/2014,Coffee,-26.55,CA
5349,1/6/2014,Art Museum,-27.97,CA
5349,1/7/2014,Lyft,-13.01,CA
5349,1/7/2014,Ralph's Grocery Store,-11.23,CA
5349,1/7/2014,DVD - Star Trek,-117.44,CA
5349,1/8/2014,DVD - Star Trek,-111.76,CA
5349,1/8/2014,Food Delivery - GrubHub,-4.16,CA
5349,1/8/2014,Online Education Courses,-36.86,CA
5349,1/9/2014,San Diego Museum,-14.77,CA
5349,1/9/2014,San Diego Museum,-117.44,CA
5349,1/9/2014,San Diego Museum,-38.75,CA
5349,1/10/2014,Restaurant - Pizza,-105.12,CA
5349,1/11/2014,Restaurant - Chinese,-11.54,CA
5349,1/12/2014,Library Membership,-65.82,CA
5349,1/12/2014,Amazon Order - Star Wars Figurine,-16.35,CA
5349,1/13/2014,Public Transportation - Train Pass,-27.76,CA
5349,1/13/2014,Amazon Order - Biology Book,-18.91,CA
5349,1/13/2014,Restaurant - Steakhouse,-11.93,CA
5349,1/14/2014,Goods2 - ThinkGeek,-27.03,CA
5349,1/14/2014,Library Membership,-14.93,CA
5349,1/14/2014,Von's Groceries,-21.69,CA
5349,1/14/2014,DVD - Star Trek,-21.65,CA
5349,1/15/2014,Uber,-27.4,CA
5349,1/15/2014,Food Delivery - GrubHub,-101.4,CA
5349,1/16/2014,San Diego Museum,-25.37,CA
5349,1/16/2014,Public Transportation - Bus Pass,-28.16,CA
5349,1/16/2014,Art Museum,-9.84,CA
5349,1/16/2014,Public Transportation - Bus Pass,-29.19,CA
5349,1/16/2014,Restaurant - Burgers,-13.69,CA
5349,1/17/2014,Amazon Order - Star Wars Figurine,-10.45,CA
5349,1/18/2014,Coffee,-12.24,CA
5349,1/18/2014,Amazon Order - Science Book,-24.94,CA
5349,1/18/2014,DVD - Star Trek,-13.01,CA
5349,1/18/2014,Whole Foods,-40.84,CA
5349,1/18/2014,Library Membership,-67.43,CA
5349,1/18/2014,Library Membership,-30.96,CA
5349,1/18/2014,Starbucks Coffee,-105.31,CA
5349,1/19/2014,Science Museum,-4.6,CA
5349,1/19/2014,Von's Groceries,-62.18,CA
5349,1/19/2014,Sprouts Market,-11.25,CA
5349,1/20/2014,Food Delivery - GrubHub,-68.46,CA
5349,1/20/2014,Lyft,-29.95,CA
5349,1/20/2014,Lyft,-32.46,CA
5349,1/20/2014,Amazon Order - Star Wars Figurine,-8.29,CA
5349,1/21/2014,Starbucks Coffee,-10.17,CA
5349,1/21/2014,Amazon Order - Star Wars Figurine,-47.39,CA
5349,1/21/2014,Goods2 - ThinkGeek,-119.39,CA
5349,1/22/2014,Uber,-37.98,CA
5349,1/22/2014,Amazon Order - Star Wars Figurine,-29.66,CA
5349,1/22/2014,Public Transportation - Train Pass,-16.78,CA
5349,1/23/2014,Goods2 - ThinkGeek,-22.14,CA
5349,1/24/2014,Online Education Courses,-30.69,CA
5349,1/24/2014,Coffee,-100.82,CA
5349,1/24/2014,Amazon Order - Mathematics Book,-25.6,CA
5349,1/24/2014,Public Transportation - Bus Pass,-28.07,CA
5349,1/24/2014,DVD - Star Trek,-1.81,CA
5349,1/25/2014,Restaurant - Chinese,-28.53,CA
5349,1/26/2014,Restaurant - Pizza,-33.12,CA
5349,1/26/2014,Coffee,-10.83,CA
5349,1/26/2014,Amazon Order - Star Wars Figurine,-31.42,CA
5349,1/26/2014,Online Education Courses,-33.16,CA
5349,1/26/2014,Restaurant - Pizza,-39.64,CA
5349,1/26/2014,Taxi,-17.29,CA
5349,1/26/2014,Library Membership,-32.74,CA
5349,1/27/2014,Public Transportation - Train Pass,-24.22,CA
5349,1/27/2014,Library Membership,-8.62,CA
5349,1/27/2014,San Diego Museum,-32.81,CA
5349,1/28/2014,Sprouts Market,-39.06,CA
5349,1/28/2014,Taxi,-15.34,CA
5349,1/28/2014,Public Transportation - Train Pass,-27.66,CA
5349,1/29/2014,Online Education Courses,-26.22,CA
5349,1/29/2014,Science Museum,-35.17,CA
5349,1/30/2014,Amazon Order - Star Wars Figurine,-21.09,CA
5349,3/2/2014,Paycheck,3051,CA
5349,3/2/2014,Housing Rent,-1140,CA
5349,3/2/2014,Time Warner Cable,-25,CA
5349,3/2/2014,ACS - Student Loans,-135,CA
5349,3/2/2014,Gas & Electric,-32,CA
5349,3/2/2014,Navient - Student Loans,-197,CA
5349,3/2/2014,Water & Sewer,-53,CA
5349,3/2/2014,Public Transportation - Bus Pass,-20.89,CA
5349,3/2/2014,San Diego Museum,-35.52,CA
5349,3/2/2014,DVD - Star Trek,-11.94,CA
5349,3/2/2014,Uber,-29.3,CA
5349,3/2/2014,Amazon Order - Star Wars Figurine,-85.41,CA
5349,3/3/2014,Goods2 - ThinkGeek,-38.56,CA
5349,3/3/2014,Ralph's Grocery Store,-34.47,CA
5349,3/4/2014,Restaurant - Chinese,-3.83,CA
5349,3/4/2014,Restaurant - Chinese,-26.28,CA
5349,3/5/2014,Amazon Order - Mathematics Book,-117.86,CA
5349,3/5/2014,Science Museum,-32.81,CA
5349,3/5/2014,Amazon Order - Science Book,-86.6,CA
5349,3/5/2014,Online Education Courses,-38.76,CA
5349,3/5/2014,Art Museum,-3.72,CA
5349,3/6/2014,Goods2 - ThinkGeek,-21.57,CA
5349,3/6/2014,Whole Foods,-26.17,CA
5349,3/7/2014,San Diego Museum,-82.11,CA
5349,3/7/2014,Video Game - PlayStation,-37.94,CA
5349,3/8/2014,Amazon Order - Biology Book,-26.93,CA
5349,3/8/2014,Video Game - PlayStation,-109.63,CA
5349,3/8/2014,Amazon Order - Star Wars Figurine,-11.59,CA
5349,3/8/2014,Mary's Book Store,-9.05,CA
5349,3/9/2014,Science Museum,-4.96,CA
5349,3/9/2014,Amazon Order - Science Book,-13.77,CA
5349,3/9/2014,Whole Foods,-30.38,CA
5349,3/9/2014,Art Museum,-23.96,CA
5349,3/10/2014,Public Transportation - Train Pass,-82.59,CA
5349,3/11/2014,Library Membership,-19.98,CA
5349,3/11/2014,Art Museum,-9.45,CA
5349,3/11/2014,Mary's Book Store,-5.06,CA
5349,3/11/2014,Amazon Order - Biology Book,-20.31,CA
5349,3/11/2014,Amazon Order - Mathematics Book,-35.52,CA
5349,3/11/2014,Food Delivery - GrubHub,-36.68,CA
5349,3/12/2014,Science Museum,-27.58,CA
5349,3/13/2014,Science Museum,-80.24,CA
5349,3/13/2014,Video Game - PlayStation,-35.26,CA
5349,3/13/2014,Amazon Order - Mathematics Book,-15.48,CA
5349,3/14/2014,Taxi,-31.45,CA
5349,3/15/2014,San Diego Museum,-10.44,CA
5349,3/16/2014,Public Transportation - Bus Pass,-28.69,CA
5349,3/16/2014,Lyft,-19.46,CA
5349,3/16/2014,Starbucks Coffee,-27.38,CA
5349,3/16/2014,Art Museum,-12.57,CA
5349,3/16/2014,Restaurant - Pizza,-93.57,CA
5349,3/16/2014,DVD - Star Trek,-32.11,CA
5349,3/16/2014,DVD - Star Trek,-13.76,CA
5349,3/16/2014,San Diego Museum,-5.28,CA
5349,3/16/2014,Amazon Order - Star Wars Figurine,-27.52,CA
5349,3/16/2014,Public Transportation - Bus Pass,-38.66,CA
5349,3/16/2014,Amazon Order - Biology Book,-13.68,CA
5349,3/16/2014,Uber,-25.81,CA
5349,3/16/2014,Library Membership,-25.19,CA
5349,3/16/2014,Online Education Courses,-4.64,CA
5349,3/16/2014,Amazon Order - Mathematics Book,-44.95,CA
5349,3/16/2014,Science Museum,-37.11,CA
5349,3/16/2014,Library Membership,-0.13,CA
5349,3/17/2014,Mary's Book Store,-7.44,CA
5349,3/18/2014,Amazon Order - Mathematics Book,-12.94,CA
5349,3/18/2014,Restaurant - Chinese,-24.72,CA
5349,3/18/2014,Sprouts Market,-39.54,CA
5349,3/18/2014,Von's Groceries,-27.72,CA
5349,3/18/2014,Restaurant - Pizza,-0.01,CA
5349,3/18/2014,Whole Foods,-34.49,CA
5349,3/19/2014,Starbucks Coffee,-12.77,CA
5349,3/19/2014,Amazon Order - Star Wars Figurine,-82.81,CA
5349,3/19/2014,Sprouts Market,-19.71,CA
5349,3/19/2014,Amazon Order - Science Book,-37.29,CA
5349,3/19/2014,Restaurant - Steakhouse,-93.71,CA
5349,3/19/2014,Online Education Courses,-11.08,CA
5349,3/20/2014,Mary's Book Store,-1.66,CA
5349,3/20/2014,Amazon Order - Science Book,-9.37,CA
5349,3/20/2014,Amazon Order - Mathematics Book,-2.54,CA
5349,3/20/2014,Goods2 - ThinkGeek,-75.22,CA
5349,3/20/2014,Coffee,-6.42,CA
5349,3/21/2014,Amazon Order - Star Wars Figurine,-14.58,CA
5349,3/21/2014,Taxi,-6.75,CA
5349,3/21/2014,Art Museum,-2.5,CA
5349,3/21/2014,Goods2 - ThinkGeek,-38.96,CA
5349,3/21/2014,Art Museum,-25.82,CA
5349,3/21/2014,San Diego Museum,-3.73,CA
5349,3/22/2014,Whole Foods,-32.04,CA
5349,3/22/2014,San Diego Museum,-21.78,CA
5349,3/22/2014,Amazon Order - Biology Book,-52.43,CA
5349,3/22/2014,DVD - Star Trek,-44.46,CA
5349,3/22/2014,Lyft,-46.25,CA
5349,3/23/2014,Food Delivery - GrubHub,-25.65,CA
5349,3/23/2014,Video Game - PlayStation,-34.84,CA
5349,3/24/2014,Amazon Order - Star Wars Figurine,-25.82,CA
5349,3/24/2014,Coffee,-8.94,CA
5349,3/25/2014,Von's Groceries,-29.73,CA
5349,3/25/2014,Amazon Order - Mathematics Book,-10.3,CA
5349,3/25/2014,Von's Groceries,-34.84,CA
5349,3/25/2014,Taxi,-107.91,CA
5349,3/25/2014,Amazon Order - Science Book,-4.76,CA
5349,3/25/2014,Amazon Order - Science Book,-54.9,CA
5349,3/25/2014,Science Museum,-10.38,CA
5349,3/25/2014,Public Transportation - Train Pass,-26.82,CA
5349,3/26/2014,Amazon Order - Star Wars Figurine,-20.83,CA
5349,3/27/2014,Amazon Order - Science Book,-13.09,CA
5349,3/28/2014,San Diego Museum,-38.39,CA
5349,3/28/2014,Science Museum,-37.19,CA
5349,3/28/2014,Restaurant - Burgers,-17.63,CA
5349,3/28/2014,Online Education Courses,-10.69,CA
5349,3/29/2014,Goods2 - ThinkGeek,-15.51,CA
5349,3/29/2014,Taxi,-15.67,CA
5349,3/29/2014,Amazon Order - Star Wars Figurine,-10.24,CA
5349,3/29/2014,Video Game - PlayStation,-16.92,CA
5349,3/29/2014,Amazon Order - Mathematics Book,-101,CA
5349,3/29/2014,Goods2 - ThinkGeek,-72.93,CA
5349,3/30/2014,Amazon Order - Star Wars Figurine,-28.67,CA
5349,3/30/2014,Restaurant - Chinese,-21.35,CA
5349,4/2/2014,Paycheck,3051,CA
5349,4/2/2014,Housing Rent,-840,CA
5349,4/2/2014,Time Warner Cable,-25,CA
5349,4/2/2014,ACS - Student Loans,-135,CA
5349,4/2/2014,Gas & Electric,-32,CA
5349,4/2/2014,Navient - Student Loans,-197,CA
5349,4/2/2014,Water & Sewer,-53,CA
5349,4/2/2014,Ralph's Grocery Store,-10.12,CA
5349,4/3/2014,Taxi,-26.64,CA
5349,4/3/2014,Ralph's Grocery Store,-5.57,CA
5349,4/4/2014,Science Museum,-24.42,CA
5349,4/5/2014,DVD - Star Trek,-32.03,CA
5349,4/6/2014,Video Game - PlayStation,-4.73,CA
5349,4/6/2014,Amazon Order - Star Wars Figurine,-0.97,CA
5349,4/6/2014,Lyft,-35.45,CA
5349,4/6/2014,Restaurant - Pizza,-78.91,CA
5349,4/6/2014,Starbucks Coffee,-6.84,CA
5349,4/7/2014,Online Education Courses,-21.9,CA
5349,4/7/2014,Von's Groceries,-8.19,CA
5349,4/7/2014,Goods2 - ThinkGeek,-16.88,CA
5349,4/7/2014,Starbucks Coffee,-17.4,CA
5349,4/7/2014,Food Delivery - GrubHub,-18.54,CA
5349,4/8/2014,Lyft,-43.15,CA
5349,4/8/2014,Online Education Courses,-14.36,CA
5349,4/8/2014,Public Transportation - Train Pass,-35.37,CA
5349,4/8/2014,San Diego Museum,-35.87,CA
5349,4/8/2014,DVD - Star Trek,-8.41,CA
5349,4/8/2014,Video Game - PlayStation,-31.58,CA
5349,4/8/2014,Online Education Courses,-111.25,CA
5349,4/9/2014,Science Museum,-4.99,CA
5349,4/10/2014,Goods2 - ThinkGeek,-0.58,CA
5349,4/10/2014,Food Delivery - GrubHub,-5.57,CA
5349,4/10/2014,Online Education Courses,-75.83,CA
5349,4/10/2014,DVD - Star Trek,-62.09,CA
5349,4/10/2014,Mary's Book Store,-28.37,CA
5349,4/10/2014,Online Education Courses,-31.05,CA
5349,4/11/2014,Uber,-13.56,CA
5349,4/11/2014,DVD - Star Trek,-6.26,CA
5349,4/11/2014,Coffee,-2.39,CA
5349,4/12/2014,Science Museum,-30.39,CA
5349,4/12/2014,Amazon Order - Biology Book,-30.61,CA
5349,4/13/2014,Public Transportation - Bus Pass,-53.68,CA
5349,4/13/2014,Public Transportation - Train Pass,-61.72,CA
5349,4/14/2014,Library Membership,-57.76,CA
5349,4/14/2014,Taxi,-16.61,CA
5349,4/15/2014,Restaurant - Chinese,-37.71,CA
5349,4/16/2014,Science Museum,-38.49,CA
5349,4/17/2014,Goods2 - ThinkGeek,-34.04,CA
5349,4/18/2014,Lyft,-9.52,CA
5349,4/18/2014,Coffee,-10.89,CA
5349,4/18/2014,Art Museum,-20.22,CA
5349,4/19/2014,Amazon Order - Star Wars Figurine,-14.46,CA
5349,4/20/2014,Amazon Order - Science Book,-24.23,CA
5349,4/20/2014,Library Membership,-53.52,CA
5349,4/20/2014,Online Education Courses,-44.36,CA
5349,4/20/2014,Restaurant - Burgers,-32.58,CA
5349,4/20/2014,Library Membership,-54.87,CA
5349,4/20/2014,Restaurant - Chinese,-39.89,CA
5349,4/20/2014,Restaurant - Pizza,-3.71,CA
5349,4/20/2014,Lyft,-45.1,CA
5349,4/20/2014,Amazon Order - Biology Book,-44.24,CA
5349,4/21/2014,Art Museum,-21.56,CA
5349,4/21/2014,Amazon Order - Mathematics Book,-11.46,CA
5349,4/22/2014,DVD - Star Trek,-9.86,CA
5349,4/22/2014,Library Membership,-6.06,CA
5349,4/22/2014,Amazon Order - Star Wars Figurine,-23.91,CA
5349,4/22/2014,Amazon Order - Science Book,-36.21,CA
5349,4/22/2014,Public Transportation - Bus Pass,-8.97,CA
5349,4/23/2014,Lyft,-29.05,CA
5349,4/23/2014,Public Transportation - Bus Pass,-2.57,CA
5349,4/24/2014,Amazon Order - Biology Book,-27.98,CA
5349,4/24/2014,Public Transportation - Train Pass,-10.89,CA
5349,4/24/2014,Amazon Order - Biology Book,-31.19,CA
5349,4/25/2014,Amazon Order - Science Book,-19.59,CA
5349,4/25/2014,Coffee,-27.38,CA
5349,4/25/2014,Coffee,-30.49,CA
5349,4/26/2014,Video Game - PlayStation,-36.47,CA
5349,4/26/2014,Amazon Order - Mathematics Book,-37.71,CA
5349,4/26/2014,Food Delivery - GrubHub,-71.38,CA
5349,4/27/2014,Public Transportation - Train Pass,-32.99,CA
5349,4/27/2014,Lyft,-9.8,CA
5349,4/27/2014,Online Education Courses,-56.06,CA
5349,4/27/2014,San Diego Museum,-12.53,CA
5349,4/28/2014,Von's Groceries,-11.66,CA
5349,4/28/2014,Art Museum,-2.51,CA
5349,4/28/2014,Restaurant - Chinese,-0.72,CA
5349,4/28/2014,Amazon Order - Science Book,-13.81,CA
5349,4/28/2014,Whole Foods,-20.54,CA
5349,4/29/2014,Ralph's Grocery Store,-7.25,CA
5349,4/29/2014,Art Museum,-24.17,CA
5349,4/29/2014,Lyft,-102.23,CA
5349,4/29/2014,Sprouts Market,-32.35,CA
5349,4/29/2014,Von's Groceries,-23.09,CA
5349,4/29/2014,Lyft,-23.65,CA
5349,4/29/2014,Restaurant - Burgers,-23.16,CA
5349,4/29/2014,Lyft,-10.96,CA
5349,4/29/2014,Uber,-52.16,CA
5349,4/29/2014,Public Transportation - Train Pass,-22.54,CA
5349,4/30/2014,Sprouts Market,-7.99,CA
5349,4/30/2014,Restaurant - Chinese,-7.92,CA
5349,4/30/2014,Amazon Order - Science Book,-19.62,CA
5349,5/2/2014,Paycheck,3051,CA
5349,5/2/2014,Housing Rent,-1312,CA
5349,5/2/2014,Time Warner Cable,-25,CA
5349,5/2/2014,ACS - Student Loans,-135,CA
5349,5/2/2014,Gas & Electric,-32,CA
5349,5/2/2014,Navient - Student Loans,-197,CA
5349,5/2/2014,Water & Sewer,-53,CA
5349,5/2/2014,Sprouts Market,-31.77,CA
5349,5/2/2014,Restaurant - Burgers,-1.39,CA
5349,5/2/2014,Sprouts Market,-0.81,CA
5349,5/2/2014,San Diego Museum,-37.13,CA
5349,5/3/2014,Amazon Order - Biology Book,-26.31,CA
5349,5/3/2014,Restaurant - Chinese,-16.44,CA
5349,5/3/2014,Amazon Order - Mathematics Book,-1.15,CA
5349,5/3/2014,Sprouts Market,-24.25,CA
5349,5/3/2014,Library Membership,-9.33,CA
5349,5/4/2014,Mary's Book Store,-9.09,CA
5349,5/5/2014,Amazon Order - Science Book,-21.07,CA
5349,5/5/2014,Coffee,-14.34,CA
5349,5/5/2014,Mary's Book Store,-21.03,CA
5349,5/5/2014,Whole Foods,-12.14,CA
5349,5/6/2014,Mary's Book Store,-7.54,CA
5349,5/7/2014,Public Transportation - Bus Pass,-1.43,CA
5349,5/8/2014,Video Game - PlayStation,-73.77,CA
5349,5/8/2014,Von's Groceries,-20.25,CA
5349,5/8/2014,DVD - Star Trek,-45.45,CA
5349,5/8/2014,Library Membership,-5.03,CA
5349,5/8/2014,Science Museum,-51.84,CA
5349,5/8/2014,Science Museum,-13.24,CA
5349,5/9/2014,Video Game - PlayStation,-7.73,CA
5349,5/10/2014,Art Museum,-6.08,CA
5349,5/11/2014,Library Membership,-10.11,CA
5349,5/11/2014,Coffee,-10.37,CA
5349,5/11/2014,Art Museum,-87.61,CA
5349,5/12/2014,DVD - Star Trek,-92.49,CA
5349,5/12/2014,Amazon Order - Mathematics Book,-36.07,CA
5349,5/12/2014,Coffee,-16.21,CA
5349,5/12/2014,DVD - Star Trek,-28.14,CA
5349,5/13/2014,Mary's Book Store,-22.34,CA
5349,5/13/2014,Lyft,-7.47,CA
5349,5/13/2014,Online Education Courses,-24.19,CA
5349,5/13/2014,Restaurant - Burgers,-3.28,CA
5349,5/14/2014,Science Museum,-74.26,CA
5349,5/14/2014,Whole Foods,-34.67,CA
5349,5/14/2014,Mary's Book Store,-31.6,CA
5349,5/14/2014,Uber,-7.79,CA
5349,5/15/2014,San Diego Museum,-19.94,CA
5349,5/16/2014,Public Transportation - Train Pass,-13.83,CA
5349,5/17/2014,Amazon Order - Science Book,-30.44,CA
5349,5/17/2014,Goods2 - ThinkGeek,-27.48,CA
5349,5/18/2014,Von's Groceries,-29.54,CA
5349,5/18/2014,Amazon Order - Mathematics Book,-38.77,CA
5349,5/18/2014,Taxi,-3.63,CA
5349,5/18/2014,Amazon Order - Mathematics Book,-20,CA
5349,5/18/2014,Art Museum,-1.85,CA
5349,5/19/2014,Public Transportation - Bus Pass,-33.34,CA
5349,5/19/2014,Video Game - PlayStation,-9.81,CA
5349,5/19/2014,Restaurant - Pizza,-79.79,CA
5349,5/20/2014,Amazon Order - Science Book,-34.19,CA
5349,5/20/2014,Restaurant - Chinese,-34.94,CA
5349,5/20/2014,Library Membership,-32.3,CA
5349,5/20/2014,Restaurant - Burgers,-2.58,CA
5349,5/21/2014,DVD - Star Trek,-14.16,CA
5349,5/21/2014,Video Game - PlayStation,-65.96,CA
5349,5/22/2014,Sprouts Market,-16.67,CA
5349,5/22/2014,Art Museum,-14.45,CA
5349,5/22/2014,Whole Foods,-6.47,CA
5349,5/22/2014,Lyft,-35.52,CA
5349,5/23/2014,Food Delivery - GrubHub,-43.08,CA
5349,5/23/2014,Public Transportation - Train Pass,-27.27,CA
5349,5/23/2014,San Diego Museum,-58.38,CA
5349,5/24/2014,Public Transportation - Bus Pass,-13.7,CA
5349,5/24/2014,Lyft,-28.88,CA
5349,5/25/2014,Amazon Order - Mathematics Book,-78.81,CA
5349,5/25/2014,Video Game - PlayStation,-23.57,CA
5349,5/26/2014,Taxi,-28.61,CA
5349,5/26/2014,Public Transportation - Bus Pass,-29,CA
5349,5/26/2014,Public Transportation - Train Pass,-0.21,CA
5349,5/26/2014,Lyft,-27.02,CA
5349,5/26/2014,Amazon Order - Mathematics Book,-6.92,CA
5349,5/26/2014,Lyft,-37.51,CA
5349,5/26/2014,San Diego Museum,-6.86,CA
5349,5/27/2014,Sprouts Market,-33.91,CA
5349,5/27/2014,Amazon Order - Biology Book,-34.81,CA
5349,5/27/2014,Amazon Order - Star Wars Figurine,-46.26,CA
5349,5/27/2014,Coffee,-3.23,CA
5349,5/27/2014,San Diego Museum,-20.78,CA
5349,5/27/2014,Mary's Book Store,-2.13,CA
5349,5/27/2014,Sprouts Market,-109.09,CA
5349,5/28/2014,San Diego Museum,-97.87,CA
5349,5/28/2014,Ralph's Grocery Store,-25.01,CA
5349,5/28/2014,Video Game - PlayStation,-16.21,CA
5349,5/28/2014,Ralph's Grocery Store,-8.27,CA
5349,5/28/2014,Amazon Order - Science Book,-9.15,CA
5349,5/29/2014,Online Education Courses,-15.95,CA
5349,5/29/2014,Goods2 - ThinkGeek,-37.95,CA
5349,5/29/2014,Amazon Order - Science Book,-27.37,CA
5349,5/30/2014,DVD - Star Trek,-39.98,CA
5349,6/2/2014,Paycheck,3051,CA
5349,6/2/2014,Housing Rent,-907,CA
5349,6/2/2014,Time Warner Cable,-25,CA
5349,6/2/2014,ACS - Student Loans,-135,CA
5349,6/2/2014,Gas & Electric,-32,CA
5349,6/2/2014,Navient - Student Loans,-197,CA
5349,6/2/2014,Water & Sewer,-53,CA
5349,6/2/2014,Science Museum,-12.21,CA
5349,6/2/2014,Library Membership,-32.62,CA
5349,6/2/2014,Restaurant - Chinese,-106.89,CA
5349,6/2/2014,Von's Groceries,-13.86,CA
5349,6/3/2014,Art Museum,-107.29,CA
5349,6/4/2014,Amazon Order - Biology Book,-8.01,CA
5349,6/5/2014,Online Education Courses,-17.46,CA
5349,6/6/2014,Amazon Order - Biology Book,-19.26,CA
5349,6/6/2014,Online Education Courses,-19.17,CA
5349,6/6/2014,Taxi,-30.21,CA
5349,6/6/2014,Science Museum,-10.05,CA
5349,6/6/2014,Taxi,-19.57,CA
5349,6/6/2014,Goods2 - ThinkGeek,-27.88,CA
5349,6/6/2014,Public Transportation - Train Pass,-28.44,CA
5349,6/6/2014,Taxi,-23.55,CA
5349,6/7/2014,Whole Foods,-19.06,CA
5349,6/7/2014,Public Transportation - Train Pass,-20.76,CA
5349,6/8/2014,San Diego Museum,-9.59,CA
5349,6/8/2014,Goods2 - ThinkGeek,-37.1,CA
5349,6/9/2014,Amazon Order - Biology Book,-20.35,CA
5349,6/9/2014,Restaurant - Pizza,-12.76,CA
5349,6/10/2014,Taxi,-34.99,CA
5349,6/10/2014,Public Transportation - Train Pass,-117.97,CA
5349,6/11/2014,Lyft,-35.95,CA
5349,6/11/2014,Starbucks Coffee,-63.39,CA
5349,6/12/2014,Restaurant - Chinese,-62.75,CA
5349,6/12/2014,Uber,-23.51,CA
5349,6/12/2014,Food Delivery - GrubHub,-1.85,CA
5349,6/13/2014,Video Game - PlayStation,-25.74,CA
5349,6/14/2014,Amazon Order - Biology Book,-20.47,CA
5349,6/14/2014,Food Delivery - GrubHub,-18.39,CA
5349,6/14/2014,Video Game - PlayStation,-33.07,CA
5349,6/15/2014,Mary's Book Store,-17.49,CA
5349,6/15/2014,Mary's Book Store,-25.63,CA
5349,6/15/2014,Taxi,-36.24,CA
5349,6/15/2014,Restaurant - Pizza,-68.07,CA
5349,6/15/2014,Online Education Courses,-27.23,CA
5349,6/15/2014,Public Transportation - Train Pass,-62.37,CA
5349,6/15/2014,Science Museum,-7.61,CA
5349,6/15/2014,Taxi,-20.26,CA
5349,6/16/2014,Uber,-18.56,CA
5349,6/17/2014,San Diego Museum,-33.17,CA
5349,6/18/2014,Public Transportation - Train Pass,-9.39,CA
5349,6/18/2014,Amazon Order - Science Book,-6.65,CA
5349,6/19/2014,Video Game - PlayStation,-23.66,CA
5349,6/19/2014,San Diego Museum,-28.95,CA
5349,6/19/2014,San Diego Museum,-41.47,CA
5349,6/20/2014,Starbucks Coffee,-38.48,CA
5349,6/21/2014,Library Membership,-38.63,CA
5349,6/22/2014,Restaurant - Pizza,-24.45,CA
5349,6/22/2014,Amazon Order - Star Wars Figurine,-8.4,CA
5349,6/23/2014,Mary's Book Store,-22.08,CA
5349,6/23/2014,Taxi,-30.95,CA
5349,6/23/2014,Amazon Order - Star Wars Figurine,-15.43,CA
5349,6/23/2014,Amazon Order - Star Wars Figurine,-15.18,CA
5349,6/23/2014,DVD - Star Trek,-7.43,CA
5349,6/23/2014,Video Game - PlayStation,-4.77,CA
5349,6/23/2014,Amazon Order - Mathematics Book,-2.99,CA
5349,6/23/2014,Coffee,-15.64,CA
5349,6/23/2014,Taxi,-115.73,CA
5349,6/23/2014,Public Transportation - Train Pass,-12.89,CA
5349,6/23/2014,Whole Foods,-66.59,CA
5349,6/24/2014,Taxi,-9.66,CA
5349,6/25/2014,Mary's Book Store,-16.6,CA
5349,6/25/2014,Online Education Courses,-32.66,CA
5349,6/26/2014,Lyft,-19.19,CA
5349,6/26/2014,Online Education Courses,-37.85,CA
5349,6/26/2014,Lyft,-19.17,CA
5349,6/26/2014,Goods2 - ThinkGeek,-0.79,CA
5349,6/26/2014,Library Membership,-102.27,CA
5349,6/27/2014,Art Museum,-51.83,CA
5349,6/28/2014,Coffee,-11.79,CA
5349,6/28/2014,Uber,-22.85,CA
5349,6/29/2014,Library Membership,-103.01,CA
5349,6/29/2014,Video Game - PlayStation,-11.5,CA
5349,6/29/2014,Amazon Order - Science Book,-2.99,CA
5349,6/29/2014,San Diego Museum,-90.25,CA
5349,6/29/2014,Sprouts Market,-32.91,CA
5349,6/29/2014,Video Game - PlayStation,-32.45,CA
5349,6/30/2014,Amazon Order - Star Wars Figurine,-1.36,CA
5349,6/30/2014,Goods2 - ThinkGeek,-20.88,CA
5349,7/2/2014,Paycheck,3051,CA
5349,7/2/2014,Housing Rent,-1102,CA
5349,7/2/2014,Time Warner Cable,-25,CA
5349,7/2/2014,ACS - Student Loans,-135,CA
5349,7/2/2014,Gas & Electric,-32,CA
5349,7/2/2014,Navient - Student Loans,-197,CA
5349,7/2/2014,Water & Sewer,-53,CA
5349,7/2/2014,Public Transportation - Bus Pass,-30.24,CA
5349,7/2/2014,Science Museum,-10.4,CA
5349,7/3/2014,DVD - Star Trek,-20.33,CA
5349,7/4/2014,Restaurant - Chinese,-11.69,CA
5349,7/4/2014,Public Transportation - Bus Pass,-13.44,CA
5349,7/4/2014,Amazon Order - Science Book,-26.32,CA
5349,7/4/2014,Starbucks Coffee,-12.97,CA
5349,7/4/2014,Von's Groceries,-30.54,CA
5349,7/4/2014,Goods2 - ThinkGeek,-69.06,CA
5349,7/4/2014,Amazon Order - Star Wars Figurine,-93,CA
5349,7/5/2014,Public Transportation - Train Pass,-31.88,CA
5349,7/5/2014,Coffee,-23.16,CA
5349,7/5/2014,Public Transportation - Bus Pass,-15.24,CA
5349,7/5/2014,Uber,-3.86,CA
5349,7/5/2014,Coffee,-36.05,CA
5349,7/5/2014,Video Game - PlayStation,-57.03,CA
5349,7/5/2014,Food Delivery - GrubHub,-34.5,CA
5349,7/5/2014,Taxi,-36.6,CA
5349,7/5/2014,Amazon Order - Star Wars Figurine,-28.46,CA
5349,7/5/2014,Restaurant - Pizza,-21.1,CA
5349,7/5/2014,Library Membership,-8.74,CA
5349,7/6/2014,Mary's Book Store,-11.52,CA
5349,7/7/2014,Science Museum,-31.3,CA
5349,7/8/2014,Von's Groceries,-22.26,CA
5349,7/9/2014,Restaurant - Burgers,-114.9,CA
5349,7/9/2014,DVD - Star Trek,-24.08,CA
5349,7/9/2014,Mary's Book Store,-15.99,CA
5349,7/9/2014,Coffee,-23.22,CA
5349,7/9/2014,San Diego Museum,-23.16,CA
5349,7/9/2014,Art Museum,-30.87,CA
5349,7/9/2014,Restaurant - Chinese,-15.82,CA
5349,7/9/2014,Goods2 - ThinkGeek,-93.56,CA
5349,7/9/2014,Restaurant - Steakhouse,-1.74,CA
5349,7/9/2014,Restaurant - Pizza,-38.65,CA
5349,7/10/2014,Video Game - PlayStation,-38.73,CA
5349,7/11/2014,Whole Foods,-96.13,CA
5349,7/11/2014,Coffee,-31.04,CA
5349,7/12/2014,Amazon Order - Biology Book,-18.28,CA
5349,7/12/2014,Ralph's Grocery Store,-15.88,CA
5349,7/13/2014,Public Transportation - Bus Pass,-25.06,CA
5349,7/14/2014,Amazon Order - Mathematics Book,-38.23,CA
5349,7/14/2014,Amazon Order - Mathematics Book,-46.97,CA
5349,7/14/2014,Restaurant - Burgers,-2.35,CA
5349,7/14/2014,Lyft,-9.44,CA
5349,7/14/2014,Restaurant - Pizza,-12.85,CA
5349,7/14/2014,Science Museum,-62.3,CA
5349,7/14/2014,Food Delivery - GrubHub,-17.7,CA
5349,7/15/2014,Amazon Order - Mathematics Book,-24.14,CA
5349,7/16/2014,Restaurant - Burgers,-34.11,CA
5349,7/17/2014,Amazon Order - Mathematics Book,-34.99,CA
5349,7/18/2014,Amazon Order - Biology Book,-36.18,CA
5349,7/18/2014,Lyft,-17.96,CA
5349,7/18/2014,Whole Foods,-24.53,CA
5349,7/18/2014,Coffee,-0.23,CA
5349,7/18/2014,Mary's Book Store,-30.68,CA
5349,7/18/2014,Public Transportation - Bus Pass,-26.39,CA
5349,7/19/2014,Coffee,-61.17,CA
5349,7/20/2014,Public Transportation - Train Pass,-30.37,CA
5349,7/21/2014,Public Transportation - Train Pass,-9.14,CA
5349,7/22/2014,Video Game - PlayStation,-40.27,CA
5349,7/23/2014,Uber,-28.87,CA
5349,7/24/2014,Amazon Order - Science Book,-25.11,CA
5349,7/25/2014,San Diego Museum,-24.41,CA
5349,7/25/2014,Starbucks Coffee,-6.64,CA
5349,7/25/2014,Starbucks Coffee,-5.36,CA
5349,7/26/2014,Ralph's Grocery Store,-5.47,CA
5349,7/27/2014,Amazon Order - Biology Book,-22.07,CA
5349,7/27/2014,Art Museum,-1,CA
5349,7/28/2014,Lyft,-17.06,CA
5349,7/29/2014,Library Membership,-10.34,CA
5349,7/29/2014,Restaurant - Steakhouse,-13.54,CA
5349,7/29/2014,Video Game - PlayStation,-25.67,CA
5349,7/29/2014,Whole Foods,-21.07,CA
5349,7/30/2014,Goods2 - ThinkGeek,-12.29,CA
5349,7/30/2014,Whole Foods,-20.52,CA
5349,7/30/2014,Coffee,-27.94,CA
5349,8/2/2014,Paycheck,3051,CA
5349,8/2/2014,Housing Rent,-911,CA
5349,8/2/2014,Time Warner Cable,-25,CA
5349,8/2/2014,ACS - Student Loans,-135,CA
5349,8/2/2014,Gas & Electric,-32,CA
5349,8/2/2014,Navient - Student Loans,-197,CA
5349,8/2/2014,Water & Sewer,-53,CA
5349,8/2/2014,Coffee,-0.58,CA
5349,8/2/2014,Von's Groceries,-29.49,CA
5349,8/2/2014,Science Museum,-26.37,CA
5349,8/2/2014,Amazon Order - Biology Book,-4.57,CA
5349,8/2/2014,Uber,-20.07,CA
5349,8/2/2014,Food Delivery - GrubHub,-101.98,CA
5349,8/3/2014,Restaurant - Steakhouse,-25.93,CA
5349,8/3/2014,Restaurant - Chinese,-30.73,CA
5349,8/3/2014,Lyft,-36.44,CA
5349,8/3/2014,Amazon Order - Biology Book,-22.11,CA
5349,8/4/2014,Art Museum,-26.36,CA
5349,8/4/2014,Whole Foods,-3.41,CA
5349,8/4/2014,Amazon Order - Science Book,-13.27,CA
5349,8/4/2014,Restaurant - Steakhouse,-19.8,CA
5349,8/4/2014,Mary's Book Store,-8.44,CA
5349,8/4/2014,Video Game - PlayStation,-10.78,CA
5349,8/4/2014,Goods2 - ThinkGeek,-67.01,CA
5349,8/4/2014,Online Education Courses,-86.95,CA
5349,8/5/2014,Amazon Order - Mathematics Book,-21.49,CA
5349,8/6/2014,Restaurant - Pizza,-27.41,CA
5349,8/6/2014,DVD - Star Trek,-31.86,CA
5349,8/6/2014,Lyft,-30.51,CA
5349,8/7/2014,Amazon Order - Mathematics Book,-4.75,CA
5349,8/8/2014,Amazon Order - Science Book,-27.97,CA
5349,8/9/2014,Sprouts Market,-3.26,CA
5349,8/9/2014,Amazon Order - Biology Book,-17.82,CA
5349,8/9/2014,Amazon Order - Science Book,-97.48,CA
5349,8/10/2014,Amazon Order - Science Book,-23.96,CA
5349,8/10/2014,Amazon Order - Science Book,-3.79,CA
5349,8/11/2014,Video Game - PlayStation,-26.05,CA
5349,8/11/2014,Goods2 - ThinkGeek,-2.97,CA
5349,8/11/2014,Science Museum,-27.66,CA
5349,8/11/2014,Amazon Order - Star Wars Figurine,-39.98,CA
5349,8/11/2014,Amazon Order - Science Book,-37,CA
5349,8/11/2014,Amazon Order - Science Book,-0.88,CA
5349,8/11/2014,Von's Groceries,-74.4,CA
5349,8/11/2014,Amazon Order - Biology Book,-21.66,CA
5349,8/12/2014,Mary's Book Store,-23,CA
5349,8/13/2014,Amazon Order - Biology Book,-37.81,CA
5349,8/13/2014,Amazon Order - Star Wars Figurine,-8.97,CA
5349,8/13/2014,Uber,-103.22,CA
5349,8/13/2014,Art Museum,-42.4,CA
5349,8/13/2014,Online Education Courses,-3.02,CA
5349,8/13/2014,DVD - Star Trek,-91.95,CA
5349,8/14/2014,Sprouts Market,-32.27,CA
5349,8/14/2014,Amazon Order - Mathematics Book,-55.48,CA
5349,8/14/2014,Mary's Book Store,-110.53,CA
5349,8/14/2014,Science Museum,-39.53,CA
5349,8/14/2014,Amazon Order - Mathematics Book,-92.43,CA
5349,8/14/2014,Taxi,-26.29,CA
5349,8/14/2014,Public Transportation - Bus Pass,-37.76,CA
5349,8/14/2014,Amazon Order - Mathematics Book,-18.73,CA
5349,8/15/2014,Taxi,-9.86,CA
5349,8/15/2014,Lyft,-8.09,CA
5349,8/15/2014,Restaurant - Pizza,-0.68,CA
5349,8/16/2014,Goods2 - ThinkGeek,-0.37,CA
5349,8/17/2014,Art Museum,-9.86,CA
5349,8/17/2014,Starbucks Coffee,-90.22,CA
5349,8/17/2014,DVD - Star Trek,-19.75,CA
5349,8/18/2014,San Diego Museum,-77.22,CA
5349,8/18/2014,Amazon Order - Star Wars Figurine,-36.21,CA
5349,8/18/2014,Video Game - PlayStation,-7.98,CA
5349,8/19/2014,Taxi,-39.5,CA
5349,8/19/2014,San Diego Museum,-28.05,CA
5349,8/20/2014,Mary's Book Store,-7.6,CA
5349,8/20/2014,Uber,-73.78,CA
5349,8/20/2014,Food Delivery - GrubHub,-3.44,CA
5349,8/20/2014,Online Education Courses,-21.91,CA
5349,8/21/2014,Mary's Book Store,-46.37,CA
5349,8/21/2014,Science Museum,-1.21,CA
5349,8/21/2014,Goods2 - ThinkGeek,-27.35,CA
5349,8/21/2014,Public Transportation - Train Pass,-91.25,CA
5349,8/22/2014,Library Membership,-39.91,CA
5349,8/22/2014,Restaurant - Steakhouse,-15.48,CA
5349,8/23/2014,Taxi,-4.28,CA
5349,8/23/2014,Library Membership,-1.53,CA
5349,8/23/2014,Restaurant - Steakhouse,-6.47,CA
5349,8/23/2014,Science Museum,-18.5,CA
5349,8/24/2014,Amazon Order - Science Book,-25.79,CA
5349,8/24/2014,Lyft,-26.95,CA
5349,8/25/2014,Starbucks Coffee,-9.37,CA
5349,8/25/2014,Art Museum,-26.23,CA
5349,8/26/2014,Video Game - PlayStation,-15.25,CA
5349,8/26/2014,Art Museum,-6.41,CA
5349,8/26/2014,Amazon Order - Science Book,-29.17,CA
5349,8/27/2014,Amazon Order - Star Wars Figurine,-74.46,CA
5349,8/27/2014,Video Game - PlayStation,-66.73,CA
5349,8/27/2014,Mary's Book Store,-32.47,CA
5349,8/28/2014,Video Game - PlayStation,-15.52,CA
5349,8/28/2014,Goods2 - ThinkGeek,-0.5,CA
5349,8/28/2014,Sprouts Market,-14.29,CA
5349,8/29/2014,Restaurant - Steakhouse,-11.54,CA
5349,8/29/2014,San Diego Museum,-29.4,CA
5349,8/30/2014,Library Membership,-7.22,CA
5349,9/2/2014,Paycheck,3051,CA
5349,9/2/2014,Housing Rent,-1263,CA
5349,9/2/2014,Time Warner Cable,-25,CA
5349,9/2/2014,ACS - Student Loans,-135,CA
5349,9/2/2014,Gas & Electric,-32,CA
5349,9/2/2014,Navient - Student Loans,-197,CA
5349,9/2/2014,Water & Sewer,-53,CA
5349,9/2/2014,Video Game - PlayStation,-16.63,CA
5349,9/2/2014,Goods2 - ThinkGeek,-27.18,CA
5349,9/2/2014,Amazon Order - Star Wars Figurine,-14.3,CA
5349,9/2/2014,San Diego Museum,-94.99,CA
5349,9/3/2014,DVD - Star Trek,-4.14,CA
5349,9/4/2014,Science Museum,-113.91,CA
5349,9/4/2014,Art Museum,-77.41,CA
5349,9/4/2014,Restaurant - Steakhouse,-13.41,CA
5349,9/5/2014,Ralph's Grocery Store,-27.65,CA
5349,9/5/2014,Public Transportation - Train Pass,-30.3,CA
5349,9/5/2014,San Diego Museum,-23.28,CA
5349,9/5/2014,Mary's Book Store,-17.42,CA
5349,9/5/2014,Food Delivery - GrubHub,-8.2,CA
5349,9/5/2014,Amazon Order - Biology Book,-2.65,CA
5349,9/5/2014,Video Game - PlayStation,-16.94,CA
5349,9/5/2014,Sprouts Market,-31.17,CA
5349,9/5/2014,Online Education Courses,-32.21,CA
5349,9/5/2014,Art Museum,-29.6,CA
5349,9/5/2014,Lyft,-18.44,CA
5349,9/5/2014,Amazon Order - Star Wars Figurine,-104.04,CA
5349,9/5/2014,Taxi,-18.14,CA
5349,9/6/2014,Amazon Order - Biology Book,-6.36,CA
5349,9/6/2014,Public Transportation - Bus Pass,-3.41,CA
5349,9/6/2014,Amazon Order - Star Wars Figurine,-37.15,CA
5349,9/7/2014,Coffee,-88.94,CA
5349,9/8/2014,Amazon Order - Mathematics Book,-12.59,CA
5349,9/8/2014,Mary's Book Store,-31.82,CA
5349,9/8/2014,Video Game - PlayStation,-1.52,CA
5349,9/8/2014,Online Education Courses,-4.6,CA
5349,9/9/2014,Library Membership,-39.55,CA
5349,9/9/2014,Uber,-22.52,CA
5349,9/9/2014,Goods2 - ThinkGeek,-2.7,CA
5349,9/9/2014,Online Education Courses,-26.68,CA
5349,9/9/2014,Public Transportation - Bus Pass,-13.33,CA
5349,9/9/2014,Mary's Book Store,-39.29,CA
5349,9/10/2014,Public Transportation - Bus Pass,-34.76,CA
5349,9/10/2014,Online Education Courses,-0.51,CA
5349,9/10/2014,Science Museum,-10.93,CA
5349,9/10/2014,Starbucks Coffee,-17.86,CA
5349,9/10/2014,Taxi,-6.41,CA
5349,9/10/2014,Amazon Order - Science Book,-23.37,CA
5349,9/10/2014,Restaurant - Chinese,-55.81,CA
5349,9/11/2014,Goods2 - ThinkGeek,-8.52,CA
5349,9/12/2014,Taxi,-33.63,CA
5349,9/12/2014,Ralph's Grocery Store,-28.81,CA
5349,9/12/2014,Lyft,-90.9,CA
5349,9/12/2014,Amazon Order - Science Book,-34.29,CA
5349,9/13/2014,Amazon Order - Star Wars Figurine,-23.57,CA
5349,9/13/2014,Goods2 - ThinkGeek,-64.15,CA
5349,9/13/2014,Amazon Order - Biology Book,-13.51,CA
5349,9/13/2014,Restaurant - Chinese,-104.23,CA
5349,9/13/2014,Amazon Order - Biology Book,-25.24,CA
5349,9/14/2014,DVD - Star Trek,-21.64,CA
5349,9/14/2014,Coffee,-27.31,CA
5349,9/15/2014,Science Museum,-3.93,CA
5349,9/15/2014,Library Membership,-0.72,CA
5349,9/16/2014,San Diego Museum,-42.78,CA
5349,9/17/2014,Library Membership,-27.4,CA
5349,9/18/2014,Science Museum,-8.36,CA
5349,9/18/2014,Public Transportation - Train Pass,-0.39,CA
5349,9/18/2014,Amazon Order - Star Wars Figurine,-28.79,CA
5349,9/19/2014,Restaurant - Steakhouse,-107.7,CA
5349,9/19/2014,Art Museum,-97.39,CA
5349,9/19/2014,Science Museum,-16.71,CA
5349,9/20/2014,Goods2 - ThinkGeek,-15.48,CA
5349,9/20/2014,Art Museum,-31.28,CA
5349,9/20/2014,Starbucks Coffee,-27.4,CA
5349,9/21/2014,Uber,-31.84,CA
5349,9/21/2014,Amazon Order - Biology Book,-1.59,CA
5349,9/21/2014,Uber,-24.79,CA
5349,9/21/2014,Science Museum,-30.19,CA
5349,9/21/2014,Art Museum,-34.12,CA
5349,9/21/2014,Restaurant - Chinese,-14.72,CA
5349,9/22/2014,DVD - Star Trek,-63.4,CA
5349,9/22/2014,Art Museum,-17.28,CA
5349,9/23/2014,Lyft,-28.34,CA
5349,9/23/2014,Amazon Order - Science Book,-41.45,CA
5349,9/24/2014,Amazon Order - Star Wars Figurine,-5.72,CA
5349,9/24/2014,Taxi,-35.4,CA
5349,9/24/2014,Public Transportation - Train Pass,-43.58,CA
5349,9/24/2014,Video Game - PlayStation,-34.57,CA
5349,9/25/2014,Video Game - PlayStation,-18.5,CA
5349,9/25/2014,Lyft,-9.96,CA
5349,9/25/2014,Restaurant - Burgers,0,CA
5349,9/25/2014,Amazon Order - Science Book,-29.99,CA
5349,9/26/2014,San Diego Museum,-14.96,CA
5349,9/27/2014,Ralph's Grocery Store,-26.41,CA
5349,9/27/2014,Restaurant - Steakhouse,-10.5,CA
5349,9/27/2014,Goods2 - ThinkGeek,-18.22,CA
5349,9/27/2014,Video Game - PlayStation,-19.95,CA
5349,9/27/2014,Lyft,-33.67,CA
5349,9/27/2014,Art Museum,-39.93,CA
5349,9/27/2014,Public Transportation - Bus Pass,-20.13,CA
5349,9/27/2014,Art Museum,-12.72,CA
5349,9/27/2014,Amazon Order - Star Wars Figurine,-13.05,CA
5349,9/28/2014,Whole Foods,-29.45,CA
5349,9/29/2014,Library Membership,-2.28,CA
5349,9/30/2014,San Diego Museum,-44.19,CA
5349,9/30/2014,Amazon Order - Star Wars Figurine,-6.83,CA
5349,9/30/2014,Online Education Courses,-10.06,CA
5349,9/30/2014,Public Transportation - Train Pass,-36.58,CA
5349,9/30/2014,Taxi,-30.73,CA
5349,10/2/2014,Paycheck,3051,CA
5349,10/2/2014,Housing Rent,-1225,CA
5349,10/2/2014,Time Warner Cable,-25,CA
5349,10/2/2014,ACS - Student Loans,-135,CA
5349,10/2/2014,Gas & Electric,-32,CA
5349,10/2/2014,Navient - Student Loans,-197,CA
5349,10/2/2014,Water & Sewer,-53,CA
5349,10/2/2014,Science Museum,-30.93,CA
5349,10/3/2014,Amazon Order - Mathematics Book,-13.72,CA
5349,10/4/2014,Amazon Order - Star Wars Figurine,-37.49,CA
5349,10/5/2014,Coffee,-32.79,CA
5349,10/6/2014,Amazon Order - Science Book,-27.29,CA
5349,10/7/2014,DVD - Star Trek,-99.73,CA
5349,10/7/2014,Online Education Courses,-38.5,CA
5349,10/8/2014,Taxi,-22.91,CA
5349,10/8/2014,Video Game - PlayStation,-12.34,CA
5349,10/9/2014,Whole Foods,-37.28,CA
5349,10/9/2014,Public Transportation - Train Pass,-31.32,CA
5349,10/9/2014,Whole Foods,-33.15,CA
5349,10/9/2014,San Diego Museum,-104.51,CA
5349,10/9/2014,Art Museum,-22.96,CA
5349,10/10/2014,Mary's Book Store,-26.23,CA
5349,10/11/2014,Von's Groceries,-4.5,CA
5349,10/11/2014,Restaurant - Burgers,-25.99,CA
5349,10/11/2014,Amazon Order - Science Book,-112.07,CA
5349,10/12/2014,Food Delivery - GrubHub,-33.79,CA
5349,10/13/2014,Public Transportation - Train Pass,-37.5,CA
5349,10/14/2014,Taxi,-17.87,CA
5349,10/14/2014,Science Museum,-19.8,CA
5349,10/15/2014,Video Game - PlayStation,-14.06,CA
5349,10/16/2014,Restaurant - Pizza,-92.74,CA
5349,10/17/2014,Restaurant - Pizza,-38.99,CA
5349,10/17/2014,Public Transportation - Train Pass,-115.81,CA
5349,10/17/2014,Uber,-113.48,CA
5349,10/18/2014,Restaurant - Steakhouse,-118.07,CA
5349,10/18/2014,Art Museum,-7.51,CA
5349,10/18/2014,Library Membership,-29.86,CA
5349,10/18/2014,Amazon Order - Science Book,-8.53,CA
5349,10/19/2014,Taxi,-0.58,CA
5349,10/20/2014,Von's Groceries,-16.08,CA
5349,10/20/2014,San Diego Museum,-0.07,CA
5349,10/21/2014,Online Education Courses,-35.39,CA
5349,10/22/2014,Amazon Order - Mathematics Book,-18.07,CA
5349,10/22/2014,Amazon Order - Star Wars Figurine,-11.25,CA
5349,10/23/2014,Art Museum,-22.88,CA
5349,10/23/2014,Amazon Order - Science Book,-100.3,CA
5349,10/23/2014,Mary's Book Store,-28.69,CA
5349,10/24/2014,Restaurant - Steakhouse,-104.66,CA
5349,10/24/2014,Restaurant - Pizza,-34.38,CA
5349,10/25/2014,San Diego Museum,-6.42,CA
5349,10/25/2014,Mary's Book Store,-33.27,CA
5349,10/26/2014,Taxi,-37.72,CA
5349,10/26/2014,Science Museum,-41.23,CA
5349,10/26/2014,Taxi,-36.83,CA
5349,10/27/2014,Taxi,-12.82,CA
5349,10/27/2014,Mary's Book Store,-18.31,CA
5349,10/27/2014,Amazon Order - Star Wars Figurine,-26.78,CA
5349,10/27/2014,Public Transportation - Train Pass,-16.24,CA
5349,10/28/2014,Taxi,-27.55,CA
5349,10/28/2014,Public Transportation - Bus Pass,-89.13,CA
5349,10/29/2014,Amazon Order - Mathematics Book,-30.59,CA
5349,10/29/2014,Restaurant - Chinese,-37.72,CA
5349,10/29/2014,Taxi,-27.49,CA
5349,10/30/2014,Whole Foods,-9.34,CA
5349,11/2/2014,Paycheck,3051,CA
5349,11/2/2014,Housing Rent,-1269,CA
5349,11/2/2014,Time Warner Cable,-25,CA
5349,11/2/2014,ACS - Student Loans,-135,CA
5349,11/2/2014,Gas & Electric,-32,CA
5349,11/2/2014,Navient - Student Loans,-197,CA
5349,11/2/2014,Water & Sewer,-53,CA
5349,11/2/2014,Online Education Courses,-23.31,CA
5349,11/2/2014,Uber,-14.38,CA
5349,11/2/2014,Mary's Book Store,-51.45,CA
5349,11/2/2014,Public Transportation - Bus Pass,-3.41,CA
5349,11/2/2014,Uber,-0.54,CA
5349,11/2/2014,Coffee,-28.13,CA
5349,11/3/2014,Coffee,-4.61,CA
5349,11/3/2014,Amazon Order - Science Book,-13.81,CA
5349,11/4/2014,Uber,-31.39,CA
5349,11/4/2014,Library Membership,-30.55,CA
5349,11/5/2014,Science Museum,-11.18,CA
5349,11/6/2014,San Diego Museum,-13.1,CA
5349,11/6/2014,Von's Groceries,-33.9,CA
5349,11/7/2014,Goods2 - ThinkGeek,-10.45,CA
5349,11/7/2014,Uber,-28.05,CA
5349,11/7/2014,Art Museum,-21.83,CA
5349,11/7/2014,Restaurant - Burgers,-26.84,CA
5349,11/7/2014,Food Delivery - GrubHub,-42.68,CA
5349,11/8/2014,Video Game - PlayStation,-61.79,CA
5349,11/8/2014,Amazon Order - Science Book,-0.49,CA
5349,11/8/2014,Whole Foods,-19.3,CA
5349,11/8/2014,Mary's Book Store,-4.64,CA
5349,11/8/2014,Public Transportation - Bus Pass,-11.42,CA
5349,11/8/2014,Amazon Order - Star Wars Figurine,-5.23,CA
5349,11/8/2014,Video Game - PlayStation,-17.15,CA
5349,11/9/2014,Food Delivery - GrubHub,-31.71,CA
5349,11/9/2014,Uber,-21.12,CA
5349,11/10/2014,Uber,-16.57,CA
5349,11/10/2014,Science Museum,-3.81,CA
5349,11/10/2014,Art Museum,-13.14,CA
5349,11/10/2014,Art Museum,-78.05,CA
5349,11/11/2014,Amazon Order - Biology Book,-3.54,CA
5349,11/12/2014,Amazon Order - Star Wars Figurine,-16.2,CA
5349,11/12/2014,Sprouts Market,-37.51,CA
5349,11/12/2014,Von's Groceries,-36.59,CA
5349,11/12/2014,Goods2 - ThinkGeek,-23.04,CA
5349,11/13/2014,Science Museum,-26.31,CA
5349,11/13/2014,Online Education Courses,-23.14,CA
5349,11/13/2014,Public Transportation - Train Pass,-4.97,CA
5349,11/13/2014,DVD - Star Trek,-34.42,CA
5349,11/13/2014,Ralph's Grocery Store,-34.8,CA
5349,11/13/2014,DVD - Star Trek,-14.45,CA
5349,11/14/2014,Amazon Order - Biology Book,-12.2,CA
5349,11/14/2014,Whole Foods,-16.88,CA
5349,11/14/2014,Library Membership,-22.02,CA
5349,11/14/2014,Amazon Order - Science Book,-67.49,CA
5349,11/15/2014,Art Museum,-63.73,CA
5349,11/15/2014,Amazon Order - Star Wars Figurine,-25.63,CA
5349,11/15/2014,Amazon Order - Biology Book,-102.55,CA
5349,11/15/2014,Goods2 - ThinkGeek,-15.21,CA
5349,11/16/2014,DVD - Star Trek,-10.58,CA
5349,11/16/2014,Amazon Order - Mathematics Book,-5.55,CA
5349,11/17/2014,Uber,-99.46,CA
5349,11/17/2014,San Diego Museum,-8.76,CA
5349,11/18/2014,Public Transportation - Bus Pass,-6.59,CA
5349,11/18/2014,Science Museum,-36.39,CA
5349,11/19/2014,Amazon Order - Mathematics Book,-69.95,CA
5349,11/19/2014,Art Museum,-25.4,CA
5349,11/19/2014,Food Delivery - GrubHub,-21.12,CA
5349,11/19/2014,Coffee,-96.34,CA
5349,11/19/2014,DVD - Star Trek,-12.66,CA
5349,11/19/2014,Restaurant - Chinese,-23.29,CA
5349,11/19/2014,Amazon Order - Biology Book,-13.61,CA
5349,11/19/2014,Amazon Order - Biology Book,-17.62,CA
5349,11/19/2014,DVD - Star Trek,-37.94,CA
5349,11/20/2014,Restaurant - Steakhouse,-3.85,CA
5349,11/21/2014,Coffee,-34.21,CA
5349,11/22/2014,Ralph's Grocery Store,-112.31,CA
5349,11/23/2014,Taxi,-37.37,CA
5349,11/23/2014,Von's Groceries,-2.16,CA
5349,11/23/2014,Coffee,-29.02,CA
5349,11/23/2014,San Diego Museum,-8.13,CA
5349,11/24/2014,Coffee,-15.34,CA
5349,11/24/2014,Restaurant - Steakhouse,-31.45,CA
5349,11/24/2014,Sprouts Market,-35.85,CA
5349,11/25/2014,Sprouts Market,-21.81,CA
5349,11/26/2014,Art Museum,-0.47,CA
5349,11/26/2014,San Diego Museum,-16.38,CA
5349,11/26/2014,DVD - Star Trek,-35.85,CA
5349,11/26/2014,Online Education Courses,-24.37,CA
5349,11/26/2014,Amazon Order - Mathematics Book,-0.04,CA
5349,11/26/2014,Public Transportation - Bus Pass,-8.11,CA
5349,11/26/2014,Amazon Order - Star Wars Figurine,-26.14,CA
5349,11/26/2014,Video Game - PlayStation,-10.31,CA
5349,11/27/2014,DVD - Star Trek,-1.19,CA
5349,11/27/2014,Online Education Courses,-39.66,CA
5349,11/28/2014,Library Membership,-12.37,CA
5349,11/28/2014,Library Membership,-10.65,CA
5349,11/29/2014,Mary's Book Store,-0.34,CA
5349,11/29/2014,Starbucks Coffee,-6.99,CA
5349,11/29/2014,Uber,-18.43,CA
5349,11/30/2014,Mary's Book Store,-25.01,CA
5349,11/30/2014,Amazon Order - Star Wars Figurine,-31.94,CA
5349,12/2/2014,Paycheck,3051,CA
5349,12/2/2014,Housing Rent,-942,CA
5349,12/2/2014,Time Warner Cable,-25,CA
5349,12/2/2014,ACS - Student Loans,-135,CA
5349,12/2/2014,Gas & Electric,-32,CA
5349,12/2/2014,Navient - Student Loans,-197,CA
5349,12/2/2014,Water & Sewer,-53,CA
5349,12/2/2014,Amazon Order - Mathematics Book,-1.97,CA
5349,12/2/2014,Sprouts Market,-10.84,CA
5349,12/2/2014,Science Museum,-90.26,CA
5349,12/2/2014,Art Museum,-115.39,CA
5349,12/2/2014,Library Membership,-8.3,CA
5349,12/3/2014,San Diego Museum,-31.05,CA
5349,12/3/2014,Restaurant - Steakhouse,-23.63,CA
5349,12/3/2014,Video Game - PlayStation,-80.75,CA
5349,12/4/2014,Public Transportation - Train Pass,-21.53,CA
5349,12/4/2014,Science Museum,-15.48,CA
5349,12/5/2014,Amazon Order - Star Wars Figurine,-112.38,CA
5349,12/6/2014,Von's Groceries,-37.98,CA
5349,12/6/2014,Online Education Courses,-104.91,CA
5349,12/7/2014,Science Museum,-17.24,CA
5349,12/7/2014,San Diego Museum,-12.16,CA
5349,12/7/2014,Whole Foods,-34.19,CA
5349,12/7/2014,San Diego Museum,-7.83,CA
5349,12/7/2014,Mary's Book Store,-35.52,CA
5349,12/8/2014,Restaurant - Pizza,-3.79,CA
5349,12/9/2014,Amazon Order - Star Wars Figurine,-25.5,CA
5349,12/10/2014,Video Game - PlayStation,-9.37,CA
5349,12/10/2014,Coffee,-47.47,CA
5349,12/10/2014,Uber,-26.9,CA
5349,12/10/2014,Restaurant - Burgers,-34.65,CA
5349,12/10/2014,Restaurant - Burgers,-3.5,CA
5349,12/10/2014,Sprouts Market,-23.41,CA
5349,12/11/2014,Public Transportation - Bus Pass,-0.55,CA
5349,12/11/2014,San Diego Museum,-31.54,CA
5349,12/12/2014,Library Membership,-74.14,CA
5349,12/12/2014,Restaurant - Burgers,-21.62,CA
5349,12/13/2014,Art Museum,-53.62,CA
5349,12/14/2014,Online Education Courses,-37,CA
5349,12/14/2014,Mary's Book Store,-73,CA
5349,12/14/2014,Coffee,-32.91,CA
5349,12/14/2014,Goods2 - ThinkGeek,-24.04,CA
5349,12/14/2014,DVD - Star Trek,-8.62,CA
5349,12/14/2014,Sprouts Market,-14.24,CA
5349,12/15/2014,Amazon Order - Star Wars Figurine,-16.74,CA
5349,12/15/2014,San Diego Museum,-23.91,CA
5349,12/16/2014,Whole Foods,-37.48,CA
5349,12/16/2014,Public Transportation - Train Pass,-103.07,CA
5349,12/16/2014,Starbucks Coffee,-76.32,CA
5349,12/16/2014,Public Transportation - Train Pass,-17.91,CA
5349,12/16/2014,Restaurant - Steakhouse,-30.03,CA
5349,12/17/2014,Public Transportation - Train Pass,-2.73,CA
5349,12/17/2014,Uber,-15.81,CA
5349,12/17/2014,Taxi,-29.05,CA
5349,12/18/2014,Science Museum,-31.31,CA
5349,12/19/2014,San Diego Museum,-4.19,CA
5349,12/20/2014,DVD - Star Trek,-7.57,CA
5349,12/20/2014,DVD - Star Trek,-35.91,CA
5349,12/20/2014,Lyft,-8.96,CA
5349,12/20/2014,Ralph's Grocery Store,-38.83,CA
5349,12/20/2014,Amazon Order - Biology Book,-35.26,CA
5349,12/21/2014,Science Museum,-7.82,CA
5349,12/21/2014,Lyft,-22.9,CA
5349,12/22/2014,Public Transportation - Bus Pass,-24.16,CA
5349,12/22/2014,Restaurant - Burgers,-6.79,CA
5349,12/23/2014,Video Game - PlayStation,-10.42,CA
5349,12/23/2014,Science Museum,-23.79,CA
5349,12/23/2014,Public Transportation - Train Pass,-116.68,CA
5349,12/23/2014,Art Museum,-4.38,CA
5349,12/24/2014,Art Museum,-19.01,CA
5349,12/24/2014,San Diego Museum,-22.57,CA
5349,12/24/2014,Taxi,-2.02,CA
5349,12/24/2014,Public Transportation - Bus Pass,-39.32,CA
5349,12/24/2014,San Diego Museum,-27.15,CA
5349,12/24/2014,Amazon Order - Mathematics Book,-8.54,CA
5349,12/24/2014,Public Transportation - Train Pass,-23.71,CA
5349,12/25/2014,Public Transportation - Bus Pass,-13.03,CA
5349,12/25/2014,Online Education Courses,-29.53,CA
5349,12/25/2014,Lyft,-17.92,CA
5349,12/25/2014,DVD - Star Trek,-34.63,CA
5349,12/25/2014,Public Transportation - Bus Pass,-9.23,CA
5349,12/25/2014,Uber,-8.17,CA
5349,12/25/2014,Goods2 - ThinkGeek,-5.55,CA
5349,12/26/2014,Von's Groceries,-35.74,CA
5349,12/26/2014,Lyft,-12.45,CA
5349,12/27/2014,Starbucks Coffee,-8.39,CA
5349,12/27/2014,Art Museum,-72.13,CA
5349,12/27/2014,Starbucks Coffee,-45.19,CA
5349,12/27/2014,Goods2 - ThinkGeek,-19.54,CA
5349,12/27/2014,Ralph's Grocery Store,-29.48,CA
5349,12/27/2014,Online Education Courses,-31.16,CA
5349,12/27/2014,Amazon Order - Biology Book,-6.8,CA
5349,12/27/2014,Online Education Courses,-18.12,CA
5349,12/28/2014,Science Museum,-22.17,CA
5349,12/28/2014,Public Transportation - Bus Pass,-31.37,CA
5349,12/28/2014,Video Game - PlayStation,-16.19,CA
5349,12/28/2014,Food Delivery - GrubHub,-29.33,CA
5349,12/28/2014,Ralph's Grocery Store,-29.68,CA
5349,12/28/2014,Amazon Order - Biology Book,-38.58,CA
5349,12/28/2014,Uber,-24.77,CA
5349,12/28/2014,Online Education Courses,-29.91,CA
5349,12/28/2014,Coffee,-45.83,CA
5349,12/28/2014,Amazon Order - Science Book,-27.99,CA
5349,12/28/2014,Science Museum,-25.5,CA
5349,12/29/2014,Science Museum,-118.44,CA
5349,12/29/2014,Library Membership,-0.09,CA
5349,12/30/2014,Uber,-85.89,CA
5349,12/30/2014,San Diego Museum,-45.3,CA
5349,12/30/2014,San Diego Museum,-43.63,CA
5349,12/30/2014,San Diego Museum,-9.76,CA
5349,12/30/2014,Uber,-29.25,CA
5349,12/30/2014,Lyft,-13.92,CA
5349,12/30/2014,Amazon Order - Science Book,-1.48,CA
5349,12/30/2014,Mary's Book Store,-88.57,CA
5349,12/32/2014,San Diego Museum,-6.79,CA
5349,12/32/2014,Public Transportation - Bus Pass,-3.52,CA
