auth_id, Date, Vendor, Amount, Location 
55836,1/2/2013,Painting Course Fees,-8.91,CA
55836,1/3/2013,Painting Course Fees,-26.45,CA
55836,1/3/2013,Music Lessons - Piano,-34.04,CA
55836,1/3/2013,Michael's Crafts,-0.61,CA
55836,1/4/2013,Amazon Order - Paint Bushes,-38.61,CA
55836,1/4/2013,Art's Art Supplies,-14.61,CA
55836,1/5/2013,Amazon Order - Paint Bushes,-22.59,CA
55836,1/5/2013,Restaurant - Burgers,-23.22,CA
55836,1/5/2013,Lyft,-11.65,CA
55836,1/5/2013,Art Auction,-67.64,CA
55836,1/6/2013,Art Auction,-13.84,CA
55836,1/6/2013,Amazon Order - Paint Canvas,-61.04,CA
55836,1/6/2013,Taxi,-18.07,CA
55836,1/6/2013,Music Lessons - Piano,-18.39,CA
55836,1/7/2013,Lyft,-6.75,CA
55836,1/7/2013,Music Lessons - Piano,-10.57,CA
55836,1/8/2013,Painting Course Fees,-26.42,CA
55836,1/8/2013,Music Lessons - Piano,-4.44,CA
55836,1/8/2013,Lyft,-12.57,CA
55836,1/9/2013,Uber,-9.93,CA
55836,1/9/2013,Ashley's Craft Store,-33.94,CA
55836,1/10/2013,Restaurant - Burgers,-9.54,CA
55836,1/10/2013,Music Lessons - Piano,-4.04,CA
55836,1/10/2013,Amazon Order - Paint Bushes,-36.61,CA
55836,1/11/2013,Whole Foods,-0.89,CA
55836,1/11/2013,Uber,-0.07,CA
55836,1/11/2013,Ashley's Craft Store,-18.62,CA
55836,1/11/2013,Guitar Center,-27.32,CA
55836,1/11/2013,Housing Rent - Late Fee,-0.08,CA
55836,1/11/2013,Ashley's Craft Store,-2.08,CA
55836,1/11/2013,Starbucks Coffee,-11.42,CA
55836,1/11/2013,Whole Foods,-18.17,CA
55836,1/11/2013,Painting Course Fees,-74.44,CA
55836,1/11/2013,Amazon Order - Paint Canvas,-38.88,CA
55836,1/11/2013,Amazon Order - Paint Canvas,-19.54,CA
55836,1/12/2013,Public Transportation - Bus Pass,-97.84,CA
55836,1/13/2013,Restaurant - Steakhouse,-24.03,CA
55836,1/14/2013,Ashley's Craft Store,-8.28,CA
55836,1/14/2013,Sprouts Market,-0.75,CA
55836,1/14/2013,Art Auction,-27.18,CA
55836,1/14/2013,Taxi,-119.93,CA
55836,1/14/2013,Ashley's Craft Store,-25.25,CA
55836,1/15/2013,Lyft,-0.11,CA
55836,1/15/2013,Public Transportation - Bus Pass,-31.26,CA
55836,1/15/2013,Whole Foods,-66.45,CA
55836,1/15/2013,Guitar Center,-9.48,CA
55836,1/16/2013,Music Lessons - Piano,-32.84,CA
55836,1/16/2013,Starbucks Coffee,-9.09,CA
55836,1/16/2013,Von's Groceries,-4.28,CA
55836,1/16/2013,Amazon Order - Paint Bushes,-12.42,CA
55836,1/16/2013,Credit Card Overdraft Fee,-5.71,CA
55836,1/16/2013,Guitar Center,-19.56,CA
55836,1/16/2013,Whole Foods,-53.77,CA
55836,1/17/2013,Public Transportation - Bus Pass,-37.67,CA
55836,1/17/2013,Restaurant - Chinese,-28.97,CA
55836,1/17/2013,Art's Art Supplies,-32.48,CA
55836,1/17/2013,Guitar Center,-72.55,CA
55836,1/17/2013,Starbucks Coffee,-24.62,CA
55836,1/18/2013,Art's Art Supplies,-5.51,CA
55836,1/18/2013,Michael's Crafts,-4.39,CA
55836,1/18/2013,Public Transportation - Bus Pass,-115.32,CA
55836,1/19/2013,Amazon Order - Paint Canvas,-4.07,CA
55836,1/20/2013,Housing Rent - Late Fee,-39.07,CA
55836,1/20/2013,Whole Foods,-118.52,CA
55836,1/20/2013,Whole Foods,-39.11,CA
55836,1/20/2013,Lyft,-13.38,CA
55836,1/20/2013,Sprouts Market,-2.29,CA
55836,1/21/2013,Whole Foods,-68.11,CA
55836,1/22/2013,Public Transportation - Train Pass,-17.89,CA
55836,1/22/2013,Painting Course Fees,-7.67,CA
55836,1/22/2013,Taxi,-71.62,CA
55836,1/22/2013,Ashley's Craft Store,-18.42,CA
55836,1/22/2013,Guitar Center,-57.39,CA
55836,1/22/2013,Uber,-34.57,CA
55836,1/22/2013,Amazon Order - Paint Canvas,-1,CA
55836,1/22/2013,Whole Foods,-10.96,CA
55836,1/22/2013,Restaurant - Steakhouse,-69.47,CA
55836,1/23/2013,Ashley's Craft Store,-0.81,CA
55836,1/24/2013,Art's Art Supplies,-28.35,CA
55836,1/24/2013,Art Auction,-4.56,CA
55836,1/25/2013,Music Lessons - Piano,-1.93,CA
55836,1/25/2013,Art Auction,-8.34,CA
55836,1/25/2013,Art Auction,-90.52,CA
55836,1/25/2013,Lyft,-86.89,CA
55836,1/25/2013,Ashley's Craft Store,-90.63,CA
55836,1/26/2013,Amazon Order - Paint Canvas,-5.79,CA
55836,1/26/2013,Ashley's Craft Store,-14.41,CA
55836,1/27/2013,Art Auction,-16.95,CA
55836,1/27/2013,Whole Foods,-21,CA
55836,1/28/2013,Ashley's Craft Store,-89,CA
55836,1/29/2013,Public Transportation - Bus Pass,-26.8,CA
55836,1/29/2013,Amazon Order - Paint Canvas,-23.5,CA
55836,1/29/2013,Art Auction,-19.15,CA
55836,1/29/2013,Michael's Crafts,-16.17,CA
55836,1/29/2013,Von's Groceries,-40.15,CA
55836,1/29/2013,Art Auction,-27.29,CA
55836,1/30/2013,Lyft,-76.04,CA
55836,3/2/2013,Housing Rent,-1176,CA
55836,3/2/2013,Time Warner Cable,-25,CA
55836,3/2/2013,Gas & Electric,-32,CA
55836,3/2/2013,Lyft,-34.37,CA
55836,3/3/2013,Art's Art Supplies,-2.67,CA
55836,3/3/2013,Guitar Center,-15.14,CA
55836,3/3/2013,Public Transportation - Train Pass,-32.48,CA
55836,3/4/2013,Ashley's Craft Store,-57.65,CA
55836,3/4/2013,Music Lessons - Piano,-39.48,CA
55836,3/5/2013,Restaurant - Pizza,-32.69,CA
55836,3/5/2013,Restaurant - Pizza,-5.7,CA
55836,3/6/2013,Guitar Center,-3.88,CA
55836,3/7/2013,Public Transportation - Train Pass,-19.97,CA
55836,3/7/2013,Michael's Crafts,-14.53,CA
55836,3/7/2013,Water & Sewer - Late Payment Penalty,-34.46,CA
55836,3/7/2013,Amazon Order - Paint Canvas,-20.87,CA
55836,3/7/2013,Restaurant - Steakhouse,-33.01,CA
55836,3/8/2013,Credit Card Overdraft Fee,-0.7,CA
55836,3/8/2013,Restaurant - Burgers,-29.56,CA
55836,3/8/2013,Art Auction,-39.2,CA
55836,3/8/2013,Art Auction,-31.89,CA
55836,3/8/2013,Public Transportation - Train Pass,-0.52,CA
55836,3/9/2013,Uber,-113.7,CA
55836,3/9/2013,Restaurant - Burgers,-39.9,CA
55836,3/9/2013,Von's Groceries,-33.7,CA
55836,3/10/2013,Music Lessons - Piano,-29.18,CA
55836,3/11/2013,Sprouts Market,-1.22,CA
55836,3/11/2013,Painting Course Fees,-19.17,CA
55836,3/11/2013,Ashley's Craft Store,-3.35,CA
55836,3/11/2013,Guitar Center,-36.15,CA
55836,3/11/2013,Painting Course Fees,-9.41,CA
55836,3/11/2013,Music Lessons - Piano,-36.81,CA
55836,3/11/2013,Amazon Order - Paint Canvas,-69.16,CA
55836,3/12/2013,Restaurant - Pizza,-20.87,CA
55836,3/13/2013,Art's Art Supplies,-28.77,CA
55836,3/13/2013,Restaurant - Chinese,-103.95,CA
55836,3/13/2013,Restaurant - Steakhouse,-0.96,CA
55836,3/13/2013,Amazon Order - Paint Canvas,-11.06,CA
55836,3/13/2013,Ralph's Grocery Store,-23.6,CA
55836,3/14/2013,Amazon Order - Paint Bushes,-26.17,CA
55836,3/14/2013,Ashley's Craft Store,-25.16,CA
55836,3/15/2013,Michael's Crafts,-67.15,CA
55836,3/15/2013,Music Lessons - Piano,-16.57,CA
55836,3/15/2013,Art's Art Supplies,-112.19,CA
55836,3/15/2013,Painting Course Fees,-23.03,CA
55836,3/16/2013,Art's Art Supplies,-54,CA
55836,3/16/2013,Sprouts Market,-83.9,CA
55836,3/16/2013,Michael's Crafts,-21.45,CA
55836,3/16/2013,Painting Course Fees,-21.34,CA
55836,3/17/2013,Michael's Crafts,-9.99,CA
55836,3/18/2013,Lyft,-36.05,CA
55836,3/18/2013,Painting Course Fees,-5.88,CA
55836,3/18/2013,Public Transportation - Train Pass,-21.71,CA
55836,3/18/2013,Public Transportation - Train Pass,-50.87,CA
55836,3/19/2013,Music Lessons - Piano,-20.02,CA
55836,3/19/2013,Music Lessons - Piano,-101.23,CA
55836,3/19/2013,Art's Art Supplies,-41.94,CA
55836,3/19/2013,Taxi,-4.24,CA
55836,3/20/2013,Taxi,-69.21,CA
55836,3/20/2013,Art's Art Supplies,-12.71,CA
55836,3/21/2013,Art Auction,-105.74,CA
55836,3/21/2013,Amazon Order - Paint Bushes,-33.66,CA
55836,3/22/2013,Amazon Order - Paint Canvas,-2.59,CA
55836,3/22/2013,Amazon Order - Paint Canvas,-2.12,CA
55836,3/23/2013,Time Warne Cable - Late Payment Fee,-20.43,CA
55836,3/23/2013,Music Lessons - Piano,-6.96,CA
55836,3/23/2013,Uber,-2.68,CA
55836,3/23/2013,Public Transportation - Bus Pass,-5.49,CA
55836,3/23/2013,Taxi,-99.43,CA
55836,3/23/2013,Art's Art Supplies,-39.15,CA
55836,3/23/2013,Von's Groceries,-17.09,CA
55836,3/23/2013,Amazon Order - Paint Canvas,-30.4,CA
55836,3/23/2013,Credit Card Overdraft Fee,-23.98,CA
55836,3/23/2013,Restaurant - Steakhouse,-4.56,CA
55836,3/24/2013,Public Transportation - Train Pass,-13.81,CA
55836,3/25/2013,Lyft,-18.09,CA
55836,3/25/2013,Art Auction,-30.86,CA
55836,3/26/2013,Michael's Crafts,-34.4,CA
55836,3/27/2013,Art's Art Supplies,-8.3,CA
55836,3/28/2013,Restaurant - Chinese,-6.13,CA
55836,3/28/2013,Restaurant - Steakhouse,-32.46,CA
55836,3/29/2013,Water & Sewer - Late Payment Penalty,-29.51,CA
55836,3/29/2013,Art's Art Supplies,-19.44,CA
55836,3/29/2013,Painting Course Fees,-1.06,CA
55836,3/30/2013,Art Auction,-19.58,CA
55836,3/30/2013,Whole Foods,-29.59,CA
55836,3/30/2013,Ashley's Craft Store,-7.35,CA
55836,3/30/2013,Michael's Crafts,-15.62,CA
55836,4/2/2013,Paycheck,4513,CA
55836,4/2/2013,Housing Rent,-1180,CA
55836,4/2/2013,Time Warner Cable,-25,CA
55836,4/2/2013,Gas & Electric,-32,CA
55836,4/2/2013,Ashley's Craft Store,-44.52,CA
55836,4/2/2013,Housing Rent - Late Fee,-38.81,CA
55836,4/3/2013,Restaurant - Burgers,-35.52,CA
55836,4/3/2013,Starbucks Coffee,-33.74,CA
55836,4/3/2013,Lyft,-101.51,CA
55836,4/3/2013,Public Transportation - Bus Pass,-10.35,CA
55836,4/4/2013,Ralph's Grocery Store,-12.5,CA
55836,4/4/2013,Ashley's Craft Store,-14.63,CA
55836,4/4/2013,Painting Course Fees,-79.46,CA
55836,4/5/2013,Music Lessons - Piano,-37.9,CA
55836,4/5/2013,Amazon Order - Paint Bushes,-23.05,CA
55836,4/6/2013,Art's Art Supplies,-5.04,CA
55836,4/6/2013,Taxi,-10.53,CA
55836,4/7/2013,Food Delivery - GrubHub,-2.35,CA
55836,4/7/2013,Ashley's Craft Store,-2.15,CA
55836,4/8/2013,Art's Art Supplies,-4.51,CA
55836,4/8/2013,Music Lessons - Piano,-15.09,CA
55836,4/8/2013,Ashley's Craft Store,-38.24,CA
55836,4/9/2013,Amazon Order - Paint Canvas,-80.73,CA
55836,4/10/2013,Taxi,-16.61,CA
55836,4/10/2013,Lyft,-32.73,CA
55836,4/11/2013,Restaurant - Pizza,-91.47,CA
55836,4/12/2013,Art's Art Supplies,-36.24,CA
55836,4/13/2013,Public Transportation - Bus Pass,-7.77,CA
55836,4/13/2013,Guitar Center,-27.14,CA
55836,4/13/2013,Ralph's Grocery Store,-32.03,CA
55836,4/14/2013,Restaurant - Burgers,-7.52,CA
55836,4/14/2013,Amazon Order - Paint Bushes,-11.31,CA
55836,4/14/2013,Uber,-31.1,CA
55836,4/14/2013,Michael's Crafts,-11.69,CA
55836,4/14/2013,Michael's Crafts,-72.94,CA
55836,4/14/2013,Uber,-43.26,CA
55836,4/15/2013,Amazon Order - Paint Canvas,-20.54,CA
55836,4/15/2013,Sprouts Market,-21.07,CA
55836,4/15/2013,Bank Fee - Negative Balance,-31.3,CA
55836,4/15/2013,Restaurant - Pizza,-15.63,CA
55836,4/15/2013,Lyft,-5.32,CA
55836,4/15/2013,Art's Art Supplies,-4.36,CA
55836,4/16/2013,Amazon Order - Paint Bushes,-36.26,CA
55836,4/17/2013,Uber,-25.1,CA
55836,4/17/2013,Art Auction,-34.36,CA
55836,4/18/2013,Music Lessons - Piano,-24.43,CA
55836,4/18/2013,Restaurant - Burgers,-19.31,CA
55836,4/19/2013,Public Transportation - Train Pass,-40.74,CA
55836,4/20/2013,Public Transportation - Train Pass,-12.08,CA
55836,4/21/2013,Art Auction,-35.2,CA
55836,4/22/2013,Restaurant - Pizza,-30.74,CA
55836,4/22/2013,Amazon Order - Paint Canvas,-11.47,CA
55836,4/22/2013,Food Delivery - GrubHub,-50.45,CA
55836,4/22/2013,Michael's Crafts,-26.21,CA
55836,4/23/2013,Ralph's Grocery Store,-72.17,CA
55836,4/24/2013,Uber,-39.36,CA
55836,4/24/2013,Michael's Crafts,-8.19,CA
55836,4/24/2013,Public Transportation - Bus Pass,-72.94,CA
55836,4/24/2013,Food Delivery - GrubHub,-33.23,CA
55836,4/24/2013,Michael's Crafts,-39.17,CA
55836,4/24/2013,Restaurant - Steakhouse,-56.23,CA
55836,4/25/2013,Public Transportation - Train Pass,-10.53,CA
55836,4/25/2013,Taxi,-1.01,CA
55836,4/25/2013,Painting Course Fees,-39.04,CA
55836,4/25/2013,Food Delivery - GrubHub,-33.26,CA
55836,4/25/2013,Amazon Order - Paint Canvas,-24.64,CA
55836,4/25/2013,Amazon Order - Paint Canvas,-7.92,CA
55836,4/26/2013,Art Auction,-23.65,CA
55836,4/26/2013,Starbucks Coffee,-36.63,CA
55836,4/26/2013,Taxi,-27.29,CA
55836,4/27/2013,Painting Course Fees,-20.19,CA
55836,4/27/2013,Lyft,-10.86,CA
55836,4/28/2013,Michael's Crafts,-37.85,CA
55836,4/28/2013,Ashley's Craft Store,-7.92,CA
55836,4/28/2013,Art Auction,-23.88,CA
55836,4/28/2013,Lyft,-38.2,CA
55836,4/28/2013,Ashley's Craft Store,-93.36,CA
55836,4/28/2013,Music Lessons - Piano,-26.57,CA
55836,4/28/2013,Music Lessons - Piano,-37.99,CA
55836,4/29/2013,Restaurant - Steakhouse,-34.2,CA
55836,4/30/2013,Amazon Order - Paint Bushes,-4.7,CA
55836,5/2/2013,Paycheck,4513,CA
55836,5/2/2013,Housing Rent,-725,CA
55836,5/2/2013,Time Warner Cable,-25,CA
55836,5/2/2013,Gas & Electric,-32,CA
55836,5/2/2013,Painting Course Fees,-5.12,CA
55836,5/3/2013,Amazon Order - Paint Bushes,-29.27,CA
55836,5/4/2013,Ralph's Grocery Store,-20.2,CA
55836,5/4/2013,Painting Course Fees,-3.17,CA
55836,5/4/2013,Public Transportation - Train Pass,-19.65,CA
55836,5/5/2013,Art's Art Supplies,-67.69,CA
55836,5/6/2013,Public Transportation - Train Pass,-24.39,CA
55836,5/6/2013,Uber,-71.35,CA
55836,5/6/2013,Michael's Crafts,-21.97,CA
55836,5/6/2013,Guitar Center,-38.9,CA
55836,5/6/2013,Michael's Crafts,-8.59,CA
55836,5/6/2013,Michael's Crafts,-79.19,CA
55836,5/7/2013,Sprouts Market,-37.59,CA
55836,5/7/2013,Taxi,-24.38,CA
55836,5/8/2013,Amazon Order - Paint Bushes,-20.47,CA
55836,5/8/2013,Amazon Order - Paint Canvas,-28.76,CA
55836,5/9/2013,Amazon Order - Paint Canvas,-7.22,CA
55836,5/9/2013,Michael's Crafts,-35.52,CA
55836,5/9/2013,Michael's Crafts,-22.84,CA
55836,5/10/2013,Amazon Order - Paint Canvas,-11.12,CA
55836,5/11/2013,Ashley's Craft Store,-33.62,CA
55836,5/12/2013,Lyft,-2.24,CA
55836,5/12/2013,Public Transportation - Bus Pass,-14.51,CA
55836,5/12/2013,Art Auction,-116.7,CA
55836,5/12/2013,Amazon Order - Paint Canvas,-16.2,CA
55836,5/12/2013,Ralph's Grocery Store,-9.72,CA
55836,5/13/2013,Painting Course Fees,-17.04,CA
55836,5/13/2013,Restaurant - Pizza,-117.28,CA
55836,5/13/2013,Michael's Crafts,-32.87,CA
55836,5/14/2013,Painting Course Fees,-27.61,CA
55836,5/14/2013,Music Lessons - Piano,-19.34,CA
55836,5/15/2013,Music Lessons - Piano,-24.5,CA
55836,5/15/2013,Guitar Center,-0.96,CA
55836,5/15/2013,Public Transportation - Train Pass,-35.58,CA
55836,5/15/2013,Amazon Order - Paint Canvas,-8.56,CA
55836,5/15/2013,Ashley's Craft Store,-17.44,CA
55836,5/15/2013,Credit Card Overdraft Fee,-33.11,CA
55836,5/15/2013,Lyft,-50.01,CA
55836,5/15/2013,Amazon Order - Paint Canvas,-2.1,CA
55836,5/15/2013,Michael's Crafts,-37.33,CA
55836,5/16/2013,Uber,-93.82,CA
55836,5/16/2013,Restaurant - Pizza,-1.76,CA
55836,5/17/2013,Ashley's Craft Store,-109.6,CA
55836,5/18/2013,Ashley's Craft Store,-28.19,CA
55836,5/19/2013,Amazon Order - Paint Canvas,-31.51,CA
55836,5/20/2013,Amazon Order - Paint Canvas,-50.55,CA
55836,5/20/2013,Painting Course Fees,-22.68,CA
55836,5/21/2013,Guitar Center,-13.08,CA
55836,5/21/2013,Whole Foods,-98.85,CA
55836,5/21/2013,Amazon Order - Paint Bushes,-92.36,CA
55836,5/21/2013,Restaurant - Steakhouse,-14.61,CA
55836,5/22/2013,Lyft,-1.03,CA
55836,5/23/2013,Sprouts Market,-10.09,CA
55836,5/23/2013,Ashley's Craft Store,-3.47,CA
55836,5/23/2013,Painting Course Fees,-39.53,CA
55836,5/23/2013,Taxi,-117.91,CA
55836,5/23/2013,Restaurant - Chinese,-28.3,CA
55836,5/23/2013,Public Transportation - Train Pass,-15.34,CA
55836,5/23/2013,Michael's Crafts,-15.34,CA
55836,5/23/2013,Art's Art Supplies,-17.74,CA
55836,5/24/2013,Lyft,-5.89,CA
55836,5/24/2013,Time Warne Cable - Late Payment Fee,-30.07,CA
55836,5/25/2013,Music Lessons - Piano,-31.53,CA
55836,5/25/2013,Public Transportation - Bus Pass,-38.09,CA
55836,5/25/2013,Public Transportation - Train Pass,-97.66,CA
55836,5/26/2013,Von's Groceries,-11.72,CA
55836,5/26/2013,Art Auction,-95.42,CA
55836,5/26/2013,Music Lessons - Piano,-15.19,CA
55836,5/26/2013,Art Auction,-17.14,CA
55836,5/26/2013,Music Lessons - Piano,-15.09,CA
55836,5/26/2013,Restaurant - Steakhouse,-25.82,CA
55836,5/26/2013,Art Auction,-26.12,CA
55836,5/26/2013,Ashley's Craft Store,-80.07,CA
55836,5/26/2013,Restaurant - Chinese,-14.37,CA
55836,5/26/2013,Restaurant - Steakhouse,-39.91,CA
55836,5/27/2013,Public Transportation - Train Pass,-3.67,CA
55836,5/27/2013,Sprouts Market,-100.9,CA
55836,5/27/2013,Credit Card Overdraft Fee,-76.77,CA
55836,5/28/2013,Painting Course Fees,-36.69,CA
55836,5/29/2013,Bank Fee - Negative Balance,-32.16,CA
55836,5/30/2013,Michael's Crafts,-46.9,CA
55836,6/2/2013,Paycheck,4513,CA
55836,6/2/2013,Housing Rent,-1316,CA
55836,6/2/2013,Time Warner Cable,-25,CA
55836,6/2/2013,Gas & Electric,-32,CA
55836,6/2/2013,Michael's Crafts,-65.98,CA
55836,6/2/2013,Starbucks Coffee,-35.71,CA
55836,6/2/2013,Starbucks Coffee,-15.34,CA
55836,6/3/2013,Time Warne Cable - Late Payment Fee,-5.9,CA
55836,6/4/2013,Restaurant - Burgers,-27.18,CA
55836,6/4/2013,Ashley's Craft Store,-15.04,CA
55836,6/4/2013,Ashley's Craft Store,-11.58,CA
55836,6/4/2013,Art Auction,-33.75,CA
55836,6/4/2013,Lyft,-16.97,CA
55836,6/4/2013,Time Warne Cable - Late Payment Fee,-24.13,CA
55836,6/4/2013,Restaurant - Chinese,-35.93,CA
55836,6/4/2013,Amazon Order - Paint Canvas,-9.67,CA
55836,6/5/2013,Sprouts Market,-17.78,CA
55836,6/5/2013,Art Auction,-115.48,CA
55836,6/5/2013,Amazon Order - Paint Canvas,-13.13,CA
55836,6/5/2013,Whole Foods,-46.62,CA
55836,6/6/2013,Amazon Order - Paint Canvas,-14.17,CA
55836,6/6/2013,Music Lessons - Piano,-25.82,CA
55836,6/6/2013,Whole Foods,-33.94,CA
55836,6/6/2013,Art's Art Supplies,-35.69,CA
55836,6/6/2013,Amazon Order - Paint Canvas,-4.49,CA
55836,6/6/2013,Music Lessons - Piano,-9.89,CA
55836,6/7/2013,Ashley's Craft Store,-58.79,CA
55836,6/7/2013,Ashley's Craft Store,-30.74,CA
55836,6/7/2013,Sprouts Market,-27.2,CA
55836,6/7/2013,Starbucks Coffee,-21.05,CA
55836,6/8/2013,Public Transportation - Train Pass,-3.12,CA
55836,6/9/2013,Ashley's Craft Store,-6.97,CA
55836,6/9/2013,Michael's Crafts,-29.31,CA
55836,6/10/2013,Food Delivery - GrubHub,-18.06,CA
55836,6/10/2013,Uber,-35.66,CA
55836,6/10/2013,Painting Course Fees,-4.12,CA
55836,6/10/2013,Public Transportation - Bus Pass,-39.28,CA
55836,6/11/2013,Painting Course Fees,-23.79,CA
55836,6/11/2013,Amazon Order - Paint Bushes,-1.52,CA
55836,6/11/2013,Lyft,-3.7,CA
55836,6/11/2013,Painting Course Fees,-19.34,CA
55836,6/11/2013,Art's Art Supplies,-26.13,CA
55836,6/11/2013,Amazon Order - Paint Bushes,-27.38,CA
55836,6/11/2013,Water & Sewer - Late Payment Penalty,-32.06,CA
55836,6/11/2013,Painting Course Fees,-22.76,CA
55836,6/11/2013,Amazon Order - Paint Bushes,-72.06,CA
55836,6/11/2013,Von's Groceries,-36.06,CA
55836,6/12/2013,Art's Art Supplies,-28.83,CA
55836,6/13/2013,Art's Art Supplies,-1.12,CA
55836,6/13/2013,Time Warne Cable - Late Payment Fee,-16.17,CA
55836,6/14/2013,Art Auction,-34.94,CA
55836,6/14/2013,Music Lessons - Piano,-24.27,CA
55836,6/14/2013,Michael's Crafts,-92.31,CA
55836,6/14/2013,Amazon Order - Paint Bushes,-27,CA
55836,6/14/2013,Art Auction,-2.53,CA
55836,6/14/2013,Michael's Crafts,-19.78,CA
55836,6/14/2013,Michael's Crafts,-22.34,CA
55836,6/15/2013,Ashley's Craft Store,-90.23,CA
55836,6/16/2013,Food Delivery - GrubHub,-18.92,CA
55836,6/16/2013,Art Auction,-4.21,CA
55836,6/16/2013,Taxi,-8.03,CA
55836,6/16/2013,Food Delivery - GrubHub,-34.53,CA
55836,6/17/2013,Credit Card Overdraft Fee,-34.15,CA
55836,6/17/2013,Amazon Order - Paint Bushes,-102.88,CA
55836,6/17/2013,Public Transportation - Train Pass,-19.98,CA
55836,6/18/2013,Art's Art Supplies,-5.37,CA
55836,6/18/2013,Taxi,-24.67,CA
55836,6/18/2013,Michael's Crafts,-21.13,CA
55836,6/18/2013,Guitar Center,-13.99,CA
55836,6/19/2013,Music Lessons - Piano,-25,CA
55836,6/20/2013,Art Auction,-30.16,CA
55836,6/20/2013,Michael's Crafts,-29.41,CA
55836,6/21/2013,Amazon Order - Paint Bushes,-29.64,CA
55836,6/21/2013,Public Transportation - Bus Pass,-38.46,CA
55836,6/22/2013,Guitar Center,-16.15,CA
55836,6/22/2013,Amazon Order - Paint Bushes,-1.36,CA
55836,6/22/2013,Lyft,-29.37,CA
55836,6/22/2013,Whole Foods,-30.62,CA
55836,6/23/2013,Music Lessons - Piano,-36.33,CA
55836,6/24/2013,Credit Card Overdraft Fee,-93.71,CA
55836,6/24/2013,Painting Course Fees,-34.13,CA
55836,6/24/2013,Amazon Order - Paint Bushes,-3.88,CA
55836,6/24/2013,Art's Art Supplies,-39.82,CA
55836,6/24/2013,Taxi,-44.67,CA
55836,6/24/2013,Art Auction,-114.78,CA
55836,6/24/2013,Art Auction,-37.11,CA
55836,6/24/2013,Art's Art Supplies,-38.61,CA
55836,6/24/2013,Ashley's Craft Store,-17.4,CA
55836,6/25/2013,Music Lessons - Piano,-103.19,CA
55836,6/25/2013,Public Transportation - Train Pass,-35.3,CA
55836,6/25/2013,Painting Course Fees,-31.2,CA
55836,6/25/2013,Lyft,-25.74,CA
55836,6/26/2013,Starbucks Coffee,-9.36,CA
55836,6/26/2013,Uber,-14.52,CA
55836,6/26/2013,Ralph's Grocery Store,-10.33,CA
55836,6/26/2013,Music Lessons - Piano,-16.22,CA
55836,6/27/2013,Lyft,-6.11,CA
55836,6/27/2013,Painting Course Fees,-16.62,CA
55836,6/27/2013,Amazon Order - Paint Bushes,-30.21,CA
55836,6/28/2013,Lyft,-0.71,CA
55836,6/28/2013,Bank Fee - Negative Balance,-37.68,CA
55836,6/28/2013,Guitar Center,-36.02,CA
55836,6/28/2013,Michael's Crafts,-17.55,CA
55836,6/29/2013,Von's Groceries,-5.56,CA
55836,6/29/2013,Public Transportation - Train Pass,-36.07,CA
55836,6/29/2013,Art's Art Supplies,-0.07,CA
55836,6/29/2013,Lyft,-32.51,CA
55836,6/29/2013,Guitar Center,-37.9,CA
55836,6/30/2013,Public Transportation - Bus Pass,-79.27,CA
55836,6/30/2013,Ralph's Grocery Store,-32.7,CA
55836,7/2/2013,Paycheck,4513,CA
55836,7/2/2013,Housing Rent,-777,CA
55836,7/2/2013,Time Warner Cable,-25,CA
55836,7/2/2013,Gas & Electric,-32,CA
55836,7/2/2013,Amazon Order - Paint Bushes,-31.26,CA
55836,7/3/2013,Restaurant - Chinese,-30.31,CA
55836,7/4/2013,Public Transportation - Train Pass,-11.42,CA
55836,7/5/2013,Public Transportation - Train Pass,-22.52,CA
55836,7/5/2013,Food Delivery - GrubHub,-21.23,CA
55836,7/5/2013,Painting Course Fees,-20.34,CA
55836,7/6/2013,Amazon Order - Paint Bushes,-31.07,CA
55836,7/7/2013,Michael's Crafts,-38.53,CA
55836,7/8/2013,Music Lessons - Piano,-32.34,CA
55836,7/8/2013,Food Delivery - GrubHub,-92.76,CA
55836,7/8/2013,Amazon Order - Paint Bushes,-32.93,CA
55836,7/9/2013,Amazon Order - Paint Bushes,-31.34,CA
55836,7/9/2013,Restaurant - Steakhouse,-16.34,CA
55836,7/9/2013,Music Lessons - Piano,-71.1,CA
55836,7/9/2013,Amazon Order - Paint Canvas,-112.19,CA
55836,7/9/2013,Art's Art Supplies,-32.13,CA
55836,7/9/2013,Music Lessons - Piano,-51.45,CA
55836,7/9/2013,Ashley's Craft Store,-77.71,CA
55836,7/9/2013,Public Transportation - Bus Pass,-102.55,CA
55836,7/10/2013,Ashley's Craft Store,-32.77,CA
55836,7/10/2013,Art's Art Supplies,-16.3,CA
55836,7/10/2013,Taxi,-4.57,CA
55836,7/11/2013,Public Transportation - Train Pass,-27.49,CA
55836,7/11/2013,Water & Sewer - Late Payment Penalty,-117.41,CA
55836,7/11/2013,Music Lessons - Piano,-5.73,CA
55836,7/11/2013,Ralph's Grocery Store,-7.55,CA
55836,7/11/2013,Ashley's Craft Store,-8.76,CA
55836,7/12/2013,Sprouts Market,-61.88,CA
55836,7/12/2013,Painting Course Fees,-25.19,CA
55836,7/12/2013,Sprouts Market,-0.56,CA
55836,7/12/2013,Von's Groceries,-10.96,CA
55836,7/12/2013,Guitar Center,-16.14,CA
55836,7/12/2013,Housing Rent - Late Fee,-24.07,CA
55836,7/12/2013,Amazon Order - Paint Canvas,-6.28,CA
55836,7/12/2013,Uber,-13.11,CA
55836,7/12/2013,Lyft,-32.64,CA
55836,7/12/2013,Water & Sewer - Late Payment Penalty,-39.63,CA
55836,7/12/2013,Restaurant - Chinese,-25.05,CA
55836,7/12/2013,Michael's Crafts,-25.04,CA
55836,7/12/2013,Art Auction,-28.96,CA
55836,7/13/2013,Amazon Order - Paint Canvas,-13.22,CA
55836,7/14/2013,Michael's Crafts,-38.27,CA
55836,7/14/2013,Guitar Center,-1.84,CA
55836,7/14/2013,Restaurant - Pizza,-17.65,CA
55836,7/15/2013,Music Lessons - Piano,-30,CA
55836,7/16/2013,Public Transportation - Bus Pass,-35.45,CA
55836,7/17/2013,Restaurant - Steakhouse,-17.13,CA
55836,7/18/2013,Restaurant - Steakhouse,-9.89,CA
55836,7/19/2013,Credit Card Overdraft Fee,-23.18,CA
55836,7/20/2013,Lyft,-22.61,CA
55836,7/20/2013,Restaurant - Chinese,-38.24,CA
55836,7/20/2013,Painting Course Fees,-28.16,CA
55836,7/20/2013,Lyft,-13.84,CA
55836,7/20/2013,Art Auction,-60.9,CA
55836,7/20/2013,Art's Art Supplies,-11.73,CA
55836,7/20/2013,Amazon Order - Paint Bushes,-30.09,CA
55836,7/20/2013,Amazon Order - Paint Canvas,-36.56,CA
55836,7/20/2013,Restaurant - Steakhouse,-32.33,CA
55836,7/20/2013,Restaurant - Chinese,-16.06,CA
55836,7/21/2013,Amazon Order - Baby Crib,-3.05,CA
55836,7/21/2013,Hospital - Prenatal Care,-9.47,CA
55836,7/21/2013,Babies "R" Us,-13.86,CA
55836,7/21/2013,BuyBuyBaby.com,-8.71,CA
55836,7/22/2013,Taxi,-48.34,CA
55836,7/22/2013,Lyft,-2.49,CA
55836,7/22/2013,Ralph's Grocery Store,-4.17,CA
55836,7/23/2013,Amazon Order - Paint Canvas,-74.33,CA
55836,7/23/2013,Sprouts Market,-37.58,CA
55836,7/23/2013,Amazon Order - Paint Bushes,-29.09,CA
55836,7/24/2013,Amazon Order - Paint Canvas,-27.82,CA
55836,7/24/2013,Painting Course Fees,-39.01,CA
55836,7/24/2013,Taxi,-19.77,CA
55836,7/24/2013,Von's Groceries,-27.04,CA
55836,7/24/2013,Amazon Order - Paint Bushes,-11.31,CA
55836,7/25/2013,Uber,-29.91,CA
55836,7/25/2013,Food Delivery - GrubHub,-17.73,CA
55836,7/25/2013,Public Transportation - Bus Pass,-28.49,CA
55836,7/25/2013,Uber,-37.44,CA
55836,7/25/2013,Starbucks Coffee,-21.88,CA
55836,7/25/2013,Art Auction,-13.2,CA
55836,7/25/2013,Credit Card Overdraft Fee,-32.83,CA
55836,7/25/2013,Taxi,-35.04,CA
55836,7/25/2013,Art Auction,-6.36,CA
55836,7/26/2013,Guitar Center,-48.42,CA
55836,7/26/2013,Starbucks Coffee,-17.36,CA
55836,7/26/2013,Music Lessons - Piano,-18.07,CA
55836,7/27/2013,Amazon Order - Paint Canvas,-89.81,CA
55836,7/27/2013,Uber,-52.75,CA
55836,7/27/2013,Public Transportation - Train Pass,-34.64,CA
55836,7/28/2013,Sprouts Market,-35.41,CA
55836,7/28/2013,Amazon Order - Paint Canvas,-33.74,CA
55836,7/28/2013,Music Lessons - Piano,-39.04,CA
55836,7/29/2013,Public Transportation - Train Pass,-37.22,CA
55836,7/30/2013,Bank Fee - Negative Balance,-36.6,CA
55836,8/2/2013,Paycheck,4513,CA
55836,8/2/2013,Housing Rent,-953,CA
55836,8/2/2013,Time Warner Cable,-25,CA
55836,8/2/2013,Gas & Electric,-32,CA
55836,8/2/2013,Amazon Order - Paint Canvas,-4.24,CA
55836,8/2/2013,Restaurant - Steakhouse,-30.17,CA
55836,8/2/2013,Music Lessons - Piano,-57.58,CA
55836,8/3/2013,Restaurant - Burgers,-20.01,CA
55836,8/4/2013,Painting Course Fees,-21.86,CA
55836,8/5/2013,Ashley's Craft Store,-30.01,CA
55836,8/5/2013,Housing Rent - Late Fee,-53.72,CA
55836,8/5/2013,Credit Card Overdraft Fee,-24.47,CA
55836,8/5/2013,Ralph's Grocery Store,-0.56,CA
55836,8/6/2013,Amazon Order - Paint Bushes,-23.45,CA
55836,8/6/2013,Restaurant - Pizza,-4.31,CA
55836,8/6/2013,Amazon Order - Paint Bushes,-25.85,CA
55836,8/6/2013,Food Delivery - GrubHub,-8.05,CA
55836,8/7/2013,Whole Foods,-5.95,CA
55836,8/7/2013,Michael's Crafts,-28.55,CA
55836,8/7/2013,Whole Foods,-31.31,CA
55836,8/7/2013,Amazon Order - Paint Canvas,-19.16,CA
55836,8/7/2013,Amazon Order - Paint Bushes,-11.77,CA
55836,8/7/2013,Credit Card Overdraft Fee,-35.14,CA
55836,8/8/2013,Ashley's Craft Store,-35.59,CA
55836,8/9/2013,Michael's Crafts,-113.52,CA
55836,8/9/2013,Restaurant - Steakhouse,-29.84,CA
55836,8/9/2013,Ashley's Craft Store,-38.66,CA
55836,8/10/2013,Ashley's Craft Store,-71.05,CA
55836,8/10/2013,Sprouts Market,-8.82,CA
55836,8/10/2013,Ralph's Grocery Store,-0.16,CA
55836,8/10/2013,Guitar Center,-10.04,CA
55836,8/10/2013,Amazon Order - Paint Bushes,-12.43,CA
55836,8/11/2013,Ralph's Grocery Store,-21.33,CA
55836,8/11/2013,Painting Course Fees,-12.03,CA
55836,8/11/2013,Ashley's Craft Store,-77.64,CA
55836,8/11/2013,Amazon Order - Paint Canvas,-37.73,CA
55836,8/11/2013,Uber,-14.61,CA
55836,8/12/2013,Food Delivery - GrubHub,-26.54,CA
55836,8/13/2013,Art Auction,-14.86,CA
55836,8/13/2013,Lyft,-8.76,CA
55836,8/13/2013,Ashley's Craft Store,-1.07,CA
55836,8/13/2013,Art's Art Supplies,-26.29,CA
55836,8/13/2013,Art's Art Supplies,-14.58,CA
55836,8/14/2013,Painting Course Fees,-34.56,CA
55836,8/15/2013,Painting Course Fees,-27.64,CA
55836,8/15/2013,Lyft,-12.09,CA
55836,8/16/2013,Amazon Order - Paint Bushes,-36.87,CA
55836,8/16/2013,Art Auction,-77.59,CA
55836,8/16/2013,Painting Course Fees,-19.41,CA
55836,8/16/2013,Amazon Order - Paint Canvas,-24.91,CA
55836,8/16/2013,Art Auction,-8.58,CA
55836,8/16/2013,Amazon Order - Paint Canvas,-35.19,CA
55836,8/16/2013,Michael's Crafts,-27,CA
55836,8/17/2013,Amazon Order - Paint Bushes,-72.8,CA
55836,8/17/2013,Amazon Order - Paint Bushes,-24.31,CA
55836,8/18/2013,Painting Course Fees,-27.28,CA
55836,8/18/2013,Public Transportation - Train Pass,-9.19,CA
55836,8/18/2013,Painting Course Fees,-16.7,CA
55836,8/18/2013,Music Lessons - Piano,-21.89,CA
55836,8/18/2013,Music Lessons - Piano,-2.81,CA
55836,8/19/2013,Restaurant - Burgers,-37.21,CA
55836,8/19/2013,Sprouts Market,-38.09,CA
55836,8/20/2013,Food Delivery - GrubHub,-112.8,CA
55836,8/21/2013,Lyft,-40.13,CA
55836,8/21/2013,Taxi,-23.14,CA
55836,8/21/2013,Restaurant - Pizza,-36.38,CA
55836,8/21/2013,Taxi,-18.03,CA
55836,8/22/2013,Art Auction,-28.06,CA
55836,8/22/2013,Ashley's Craft Store,-19.57,CA
55836,8/22/2013,Sprouts Market,-115.35,CA
55836,8/22/2013,Guitar Center,-18.06,CA
55836,8/23/2013,Michael's Crafts,-34.3,CA
55836,8/24/2013,Amazon Order - Paint Canvas,-20.07,CA
55836,8/24/2013,Art's Art Supplies,-60.4,CA
55836,8/24/2013,Public Transportation - Bus Pass,-54.55,CA
55836,8/25/2013,Taxi,-13.7,CA
55836,8/26/2013,Art's Art Supplies,-34.69,CA
55836,8/26/2013,Michael's Crafts,-22.93,CA
55836,8/26/2013,Public Transportation - Train Pass,-58.37,CA
55836,8/26/2013,Restaurant - Steakhouse,-22.44,CA
55836,8/26/2013,Music Lessons - Piano,-37.72,CA
55836,8/26/2013,Public Transportation - Train Pass,-26.38,CA
55836,8/27/2013,Restaurant - Steakhouse,-9.85,CA
55836,8/27/2013,Public Transportation - Train Pass,-73.88,CA
55836,8/28/2013,Amazon Order - Paint Canvas,-27.84,CA
55836,8/28/2013,Starbucks Coffee,-64.21,CA
55836,8/28/2013,Housing Rent - Late Fee,-22.75,CA
55836,8/29/2013,Guitar Center,-3.18,CA
55836,8/30/2013,Restaurant - Steakhouse,-1.28,CA
55836,8/30/2013,Amazon Order - Paint Canvas,-33.86,CA
55836,9/2/2013,Paycheck,4513,CA
55836,9/2/2013,Housing Rent,-819,CA
55836,9/2/2013,Time Warner Cable,-25,CA
55836,9/2/2013,Gas & Electric,-32,CA
55836,9/2/2013,Amazon Order - Paint Canvas,-96.2,CA
55836,9/2/2013,Amazon Order - Paint Bushes,-24.51,CA
55836,9/3/2013,Whole Foods,-16.83,CA
55836,9/4/2013,Guitar Center,-36.74,CA
55836,9/4/2013,Lyft,-107.12,CA
55836,9/5/2013,Uber,-3.97,CA
55836,9/5/2013,Painting Course Fees,-32.71,CA
55836,9/5/2013,Time Warne Cable - Late Payment Fee,-6.25,CA
55836,9/6/2013,Art Auction,-0.46,CA
55836,9/7/2013,Art's Art Supplies,-32.96,CA
55836,9/8/2013,Taxi,-6.64,CA
55836,9/9/2013,Restaurant - Burgers,-0.95,CA
55836,9/10/2013,Housing Rent - Late Fee,-38.62,CA
55836,9/10/2013,Music Lessons - Piano,-36.25,CA
55836,9/10/2013,Taxi,-32.93,CA
55836,9/10/2013,Painting Course Fees,-25.43,CA
55836,9/10/2013,Michael's Crafts,-42.83,CA
55836,9/10/2013,Painting Course Fees,-20.38,CA
55836,9/11/2013,Restaurant - Steakhouse,-4.84,CA
55836,9/11/2013,Art's Art Supplies,-5.51,CA
55836,9/11/2013,Ashley's Craft Store,-9.26,CA
55836,9/11/2013,Amazon Order - Paint Canvas,-87.77,CA
55836,9/12/2013,Restaurant - Pizza,-94.96,CA
55836,9/12/2013,Amazon Order - Paint Canvas,-5.13,CA
55836,9/12/2013,Painting Course Fees,-16.34,CA
55836,9/12/2013,Restaurant - Chinese,-19.26,CA
55836,9/12/2013,Food Delivery - GrubHub,-17.02,CA
55836,9/13/2013,Whole Foods,-14.66,CA
55836,9/13/2013,Sprouts Market,-2.99,CA
55836,9/13/2013,Whole Foods,-35.84,CA
55836,9/13/2013,Guitar Center,-116.18,CA
55836,9/13/2013,Taxi,-0.86,CA
55836,9/14/2013,Amazon Order - Paint Canvas,-4.19,CA
55836,9/14/2013,Food Delivery - GrubHub,-6.42,CA
55836,9/15/2013,Food Delivery - GrubHub,-10.47,CA
55836,9/16/2013,Restaurant - Pizza,-9.95,CA
55836,9/17/2013,Painting Course Fees,-58.54,CA
55836,9/17/2013,Von's Groceries,-12.23,CA
55836,9/17/2013,Restaurant - Burgers,-53.49,CA
55836,9/17/2013,Food Delivery - GrubHub,-85.22,CA
55836,9/17/2013,Music Lessons - Piano,-11.77,CA
55836,9/18/2013,Music Lessons - Piano,-97.26,CA
55836,9/18/2013,Food Delivery - GrubHub,-19.68,CA
55836,9/18/2013,Ashley's Craft Store,-39.19,CA
55836,9/19/2013,Whole Foods,-16.69,CA
55836,9/19/2013,Taxi,-17.27,CA
55836,9/19/2013,Painting Course Fees,-72.64,CA
55836,9/19/2013,Credit Card Overdraft Fee,-17.77,CA
55836,9/19/2013,Painting Course Fees,-6.91,CA
55836,9/19/2013,Taxi,-19.59,CA
55836,9/19/2013,Public Transportation - Train Pass,-8.37,CA
55836,9/20/2013,Michael's Crafts,-25.43,CA
55836,9/21/2013,Art's Art Supplies,-2.45,CA
55836,9/21/2013,Starbucks Coffee,-17.04,CA
55836,9/22/2013,Music Lessons - Piano,-32.31,CA
55836,9/22/2013,Amazon Order - Paint Bushes,-35.02,CA
55836,9/22/2013,Art Auction,-13.06,CA
55836,9/23/2013,Amazon Order - Paint Canvas,-32.12,CA
55836,9/23/2013,Ashley's Craft Store,-35.39,CA
55836,9/24/2013,Michael's Crafts,-35.23,CA
55836,9/25/2013,Taxi,-25.65,CA
55836,9/25/2013,Michael's Crafts,-1.4,CA
55836,9/26/2013,Music Lessons - Piano,-51.72,CA
55836,9/26/2013,Guitar Center,-24.34,CA
55836,9/26/2013,Public Transportation - Bus Pass,-71.55,CA
55836,9/26/2013,Art's Art Supplies,-11.78,CA
55836,9/26/2013,Art's Art Supplies,-23.48,CA
55836,9/27/2013,Public Transportation - Train Pass,-18.11,CA
55836,9/27/2013,Sprouts Market,-33.47,CA
55836,9/27/2013,Michael's Crafts,-16.39,CA
55836,9/27/2013,Painting Course Fees,-12.3,CA
55836,9/27/2013,Music Lessons - Piano,-19.28,CA
55836,9/27/2013,Painting Course Fees,-10.48,CA
55836,9/28/2013,Ashley's Craft Store,-3.75,CA
55836,9/29/2013,Uber,-0.16,CA
55836,9/30/2013,Amazon Order - Paint Canvas,-32.94,CA
55836,10/2/2013,Paycheck,4513,CA
55836,10/2/2013,Housing Rent,-1033,CA
55836,10/2/2013,Time Warner Cable,-25,CA
55836,10/2/2013,Gas & Electric,-32,CA
55836,10/2/2013,Art Auction,-16.91,CA
55836,10/2/2013,Lyft,-2.4,CA
55836,10/2/2013,Painting Course Fees,-30.13,CA
55836,10/2/2013,Credit Card Overdraft Fee,-79.52,CA
55836,10/2/2013,Food Delivery - GrubHub,-24.06,CA
55836,10/2/2013,Public Transportation - Bus Pass,-10.09,CA
55836,10/2/2013,Taxi,-19.86,CA
55836,10/2/2013,Restaurant - Chinese,-7.44,CA
55836,10/3/2013,Sprouts Market,-23.42,CA
55836,10/3/2013,Public Transportation - Train Pass,-11.12,CA
55836,10/3/2013,Ashley's Craft Store,-7.07,CA
55836,10/3/2013,Amazon Order - Paint Canvas,-4.87,CA
55836,10/4/2013,Michael's Crafts,-84.27,CA
55836,10/4/2013,Uber,-6.22,CA
55836,10/4/2013,Painting Course Fees,-4.31,CA
55836,10/5/2013,Restaurant - Pizza,-4.12,CA
55836,10/5/2013,Ralph's Grocery Store,-8.95,CA
55836,10/6/2013,Michael's Crafts,-38.82,CA
55836,10/6/2013,Art Auction,-92.62,CA
55836,10/6/2013,Public Transportation - Train Pass,-22.41,CA
55836,10/7/2013,Credit Card Overdraft Fee,-12.07,CA
55836,10/7/2013,Ashley's Craft Store,-6.07,CA
55836,10/8/2013,Water & Sewer - Late Payment Penalty,-112.22,CA
55836,10/8/2013,Amazon Order - Paint Bushes,-18.74,CA
55836,10/8/2013,Taxi,-63.08,CA
55836,10/8/2013,Art's Art Supplies,-62.21,CA
55836,10/8/2013,Painting Course Fees,-5.27,CA
55836,10/8/2013,Amazon Order - Paint Canvas,-36.3,CA
55836,10/9/2013,Bank Fee - Negative Balance,-20.71,CA
55836,10/9/2013,Art Auction,-8.37,CA
55836,10/9/2013,Public Transportation - Bus Pass,-103.83,CA
55836,10/9/2013,Lyft,-30.48,CA
55836,10/9/2013,Amazon Order - Paint Bushes,-23.49,CA
55836,10/9/2013,Credit Card Overdraft Fee,-35.56,CA
55836,10/10/2013,Starbucks Coffee,-30.56,CA
55836,10/10/2013,Art Auction,-37.49,CA
55836,10/11/2013,Ashley's Craft Store,-50.3,CA
55836,10/11/2013,Ashley's Craft Store,-37.45,CA
55836,10/11/2013,Amazon Order - Paint Canvas,-36.66,CA
55836,10/11/2013,Art's Art Supplies,-14.62,CA
55836,10/11/2013,Lyft,-27.84,CA
55836,10/12/2013,Restaurant - Chinese,-112.56,CA
55836,10/13/2013,Music Lessons - Piano,-44.28,CA
55836,10/14/2013,Music Lessons - Piano,-53.83,CA
55836,10/14/2013,Lyft,-26.41,CA
55836,10/14/2013,Amazon Order - Paint Canvas,-16.48,CA
55836,10/14/2013,Taxi,-12.59,CA
55836,10/15/2013,Painting Course Fees,-23.18,CA
55836,10/15/2013,Painting Course Fees,-8.39,CA
55836,10/15/2013,Uber,-7.05,CA
55836,10/16/2013,Ashley's Craft Store,-30.09,CA
55836,10/16/2013,Art Auction,-39.9,CA
55836,10/16/2013,Ralph's Grocery Store,-32.13,CA
55836,10/16/2013,Ashley's Craft Store,-94.16,CA
55836,10/17/2013,Starbucks Coffee,-19.92,CA
55836,10/18/2013,Starbucks Coffee,-2.49,CA
55836,10/18/2013,Taxi,-20.77,CA
55836,10/18/2013,Restaurant - Chinese,-21.7,CA
55836,10/18/2013,Uber,-12.02,CA
55836,10/18/2013,Public Transportation - Bus Pass,-0.29,CA
55836,10/18/2013,Public Transportation - Train Pass,-58.96,CA
55836,10/18/2013,Public Transportation - Train Pass,-6.41,CA
55836,10/19/2013,Bank Fee - Negative Balance,-69.59,CA
55836,10/19/2013,Restaurant - Burgers,-26.05,CA
55836,10/19/2013,Painting Course Fees,-52.08,CA
55836,10/19/2013,Amazon Order - Paint Canvas,-19.6,CA
55836,10/20/2013,Time Warne Cable - Late Payment Fee,-13.46,CA
55836,10/21/2013,Taxi,-13.18,CA
55836,10/21/2013,Restaurant - Steakhouse,-11.83,CA
55836,10/21/2013,Uber,-10.3,CA
55836,10/22/2013,Lyft,-28.32,CA
55836,10/23/2013,Art's Art Supplies,-22.79,CA
55836,10/23/2013,Ashley's Craft Store,-31.81,CA
55836,10/23/2013,Painting Course Fees,-21.71,CA
55836,10/23/2013,Time Warne Cable - Late Payment Fee,-2.68,CA
55836,10/23/2013,Taxi,-79.79,CA
55836,10/23/2013,Restaurant - Chinese,-30.6,CA
55836,10/23/2013,Restaurant - Pizza,-102.02,CA
55836,10/24/2013,Ashley's Craft Store,-28.36,CA
55836,10/24/2013,Music Lessons - Piano,-4.01,CA
55836,10/24/2013,Michael's Crafts,-15.29,CA
55836,10/25/2013,Amazon Order - Paint Bushes,-10.52,CA
55836,10/25/2013,Art's Art Supplies,-20.18,CA
55836,10/25/2013,Painting Course Fees,-39.25,CA
55836,10/25/2013,Sprouts Market,-17.06,CA
55836,10/26/2013,Painting Course Fees,-18.78,CA
55836,10/26/2013,Starbucks Coffee,-24.2,CA
55836,10/27/2013,Art's Art Supplies,-13.84,CA
55836,10/28/2013,Painting Course Fees,-115.77,CA
55836,10/28/2013,Taxi,-22.16,CA
55836,10/28/2013,Guitar Center,-39.18,CA
55836,10/29/2013,Art's Art Supplies,-9.41,CA
55836,10/29/2013,Guitar Center,-23.03,CA
55836,10/29/2013,Restaurant - Pizza,-2.65,CA
55836,10/30/2013,Food Delivery - GrubHub,-82.03,CA
55836,10/30/2013,Michael's Crafts,-31.88,CA
55836,10/30/2013,Amazon Order - Paint Canvas,-112.26,CA
55836,10/30/2013,Public Transportation - Bus Pass,-16.47,CA
55836,10/30/2013,Uber,-33.85,CA
55836,11/2/2013,Paycheck,4513,CA
55836,11/2/2013,Housing Rent,-1006,CA
55836,11/2/2013,Time Warner Cable,-25,CA
55836,11/2/2013,Gas & Electric,-32,CA
55836,11/2/2013,Uber,-21.47,CA
55836,11/3/2013,Restaurant - Steakhouse,-10.14,CA
55836,11/3/2013,Music Lessons - Piano,-77.02,CA
55836,11/4/2013,Ralph's Grocery Store,-119.68,CA
55836,11/5/2013,Restaurant - Pizza,-16.22,CA
55836,11/5/2013,Public Transportation - Bus Pass,-12.67,CA
55836,11/6/2013,Art Auction,-19.35,CA
55836,11/6/2013,Michael's Crafts,-13.66,CA
55836,11/6/2013,Uber,-20.52,CA
55836,11/6/2013,Bank Fee - Negative Balance,-19.16,CA
55836,11/7/2013,Restaurant - Burgers,-6.34,CA
55836,11/7/2013,Guitar Center,-29.18,CA
55836,11/8/2013,Art Auction,-38.51,CA
55836,11/8/2013,Amazon Order - Paint Canvas,-14.34,CA
55836,11/8/2013,Art Auction,-25.31,CA
55836,11/8/2013,Restaurant - Chinese,-23.07,CA
55836,11/9/2013,Water & Sewer - Late Payment Penalty,-36.62,CA
55836,11/9/2013,Taxi,-27.21,CA
55836,11/10/2013,Housing Rent - Late Fee,-55.09,CA
55836,11/10/2013,Credit Card Overdraft Fee,-10.94,CA
55836,11/11/2013,Art's Art Supplies,-38.87,CA
55836,11/12/2013,Public Transportation - Bus Pass,-104.1,CA
55836,11/12/2013,Ashley's Craft Store,-36.48,CA
55836,11/13/2013,Restaurant - Pizza,-74.43,CA
55836,11/13/2013,Guitar Center,-109.54,CA
55836,11/13/2013,Credit Card Overdraft Fee,-38.11,CA
55836,11/14/2013,Taxi,-27.51,CA
55836,11/14/2013,Michael's Crafts,-17.54,CA
55836,11/14/2013,Painting Course Fees,-21.35,CA
55836,11/15/2013,Lyft,-14.45,CA
55836,11/15/2013,Painting Course Fees,-36.81,CA
55836,11/16/2013,Amazon Order - Paint Bushes,-32.73,CA
55836,11/16/2013,Art Auction,-27.51,CA
55836,11/16/2013,Lyft,-32.53,CA
55836,11/16/2013,Amazon Order - Paint Canvas,-102.56,CA
55836,11/16/2013,Painting Course Fees,-9.38,CA
55836,11/16/2013,Credit Card Overdraft Fee,-119.32,CA
55836,11/16/2013,Taxi,-32.58,CA
55836,11/16/2013,Art's Art Supplies,-5.61,CA
55836,11/17/2013,Amazon Order - Paint Bushes,-12.05,CA
55836,11/18/2013,Michael's Crafts,-101.56,CA
55836,11/18/2013,Music Lessons - Piano,-8.25,CA
55836,11/19/2013,Music Lessons - Piano,-34.58,CA
55836,11/20/2013,Restaurant - Pizza,-11.84,CA
55836,11/20/2013,Amazon Order - Paint Canvas,-24.08,CA
55836,11/21/2013,Taxi,-30.27,CA
55836,11/21/2013,Art's Art Supplies,-103.65,CA
55836,11/21/2013,Ralph's Grocery Store,-29.79,CA
55836,11/21/2013,Public Transportation - Train Pass,-15.75,CA
55836,11/21/2013,Ashley's Craft Store,-18.18,CA
55836,11/21/2013,Food Delivery - GrubHub,-15.78,CA
55836,11/21/2013,Art's Art Supplies,-10.44,CA
55836,11/21/2013,Restaurant - Chinese,-39.17,CA
55836,11/21/2013,Starbucks Coffee,-39.79,CA
55836,11/22/2013,Amazon Order - Paint Canvas,-30.75,CA
55836,11/22/2013,Housing Rent - Late Fee,-23.15,CA
55836,11/23/2013,Time Warne Cable - Late Payment Fee,-68.89,CA
55836,11/24/2013,Bank Fee - Negative Balance,-27.28,CA
55836,11/24/2013,Starbucks Coffee,-4.28,CA
55836,11/24/2013,Restaurant - Pizza,-24.43,CA
55836,11/24/2013,Amazon Order - Paint Canvas,-24.23,CA
55836,11/25/2013,Art Auction,-9.9,CA
55836,11/25/2013,Public Transportation - Train Pass,-32.48,CA
55836,11/25/2013,Guitar Center,-18.05,CA
55836,11/26/2013,Painting Course Fees,-10.17,CA
55836,11/26/2013,Restaurant - Pizza,-27.24,CA
55836,11/26/2013,Housing Rent - Late Fee,-24.74,CA
55836,11/27/2013,Lyft,-31.66,CA
55836,11/27/2013,Art Auction,-17.33,CA
55836,11/28/2013,Ashley's Craft Store,-80.34,CA
55836,11/28/2013,Starbucks Coffee,-32.31,CA
55836,11/28/2013,Taxi,-11.27,CA
55836,11/29/2013,Restaurant - Burgers,-17.57,CA
55836,11/30/2013,Lyft,-119.23,CA
55836,11/30/2013,Guitar Center,-8.73,CA
55836,11/30/2013,Time Warne Cable - Late Payment Fee,-22.16,CA
55836,11/30/2013,Art Auction,-7.57,CA
55836,11/30/2013,Public Transportation - Bus Pass,-22.51,CA
55836,11/30/2013,Public Transportation - Train Pass,-32.17,CA
55836,12/2/2013,Paycheck,4513,CA
55836,12/2/2013,Housing Rent,-1356,CA
55836,12/2/2013,Time Warner Cable,-25,CA
55836,12/2/2013,Gas & Electric,-32,CA
55836,12/2/2013,Restaurant - Burgers,-31.63,CA
55836,12/2/2013,Housing Rent - Late Fee,-64.09,CA
55836,12/2/2013,Ashley's Craft Store,-33.86,CA
55836,12/3/2013,Amazon Order - Paint Canvas,-20.15,CA
55836,12/3/2013,Painting Course Fees,-72.73,CA
55836,12/3/2013,Starbucks Coffee,-18.42,CA
55836,12/3/2013,Lyft,-23.07,CA
55836,12/4/2013,Public Transportation - Bus Pass,-68.2,CA
55836,12/4/2013,Lyft,-9.44,CA
55836,12/4/2013,Michael's Crafts,-8.7,CA
55836,12/4/2013,Whole Foods,-22.74,CA
55836,12/4/2013,Taxi,-19.09,CA
55836,12/4/2013,Art's Art Supplies,-29.16,CA
55836,12/4/2013,Sprouts Market,-8.08,CA
55836,12/4/2013,Time Warne Cable - Late Payment Fee,-108.6,CA
55836,12/4/2013,Amazon Order - Paint Canvas,-24.48,CA
55836,12/5/2013,Public Transportation - Bus Pass,-18.73,CA
55836,12/5/2013,Lyft,-15.44,CA
55836,12/5/2013,Restaurant - Pizza,-15.7,CA
55836,12/5/2013,Michael's Crafts,-20.99,CA
55836,12/5/2013,Amazon Order - Paint Bushes,-36.67,CA
55836,12/5/2013,Michael's Crafts,-68.7,CA
55836,12/5/2013,Art Auction,-10.25,CA
55836,12/5/2013,Michael's Crafts,-16.73,CA
55836,12/6/2013,Lyft,-60.98,CA
55836,12/6/2013,Music Lessons - Piano,-7.37,CA
55836,12/6/2013,Art's Art Supplies,-7.84,CA
55836,12/6/2013,Art's Art Supplies,-18.24,CA
55836,12/6/2013,Art Auction,-31.69,CA
55836,12/6/2013,Art Auction,-21.59,CA
55836,12/6/2013,Art Auction,-24.67,CA
55836,12/6/2013,Bank Fee - Negative Balance,-5.34,CA
55836,12/6/2013,Taxi,-8.42,CA
55836,12/6/2013,Art Auction,-36.58,CA
55836,12/6/2013,Water & Sewer - Late Payment Penalty,-1.97,CA
55836,12/6/2013,Art's Art Supplies,-5.19,CA
55836,12/6/2013,Painting Course Fees,-2.38,CA
55836,12/6/2013,Food Delivery - GrubHub,-24.8,CA
55836,12/7/2013,Painting Course Fees,-45.3,CA
55836,12/7/2013,Von's Groceries,-18.38,CA
55836,12/7/2013,Art's Art Supplies,-8.09,CA
55836,12/7/2013,Water & Sewer - Late Payment Penalty,-20.98,CA
55836,12/7/2013,Art's Art Supplies,-6.74,CA
55836,12/7/2013,Art's Art Supplies,-31.3,CA
55836,12/7/2013,Guitar Center,-53.76,CA
55836,12/7/2013,Art's Art Supplies,-10.98,CA
55836,12/7/2013,Ashley's Craft Store,-18.86,CA
55836,12/7/2013,Guitar Center,-2.98,CA
55836,12/7/2013,Ralph's Grocery Store,-32.62,CA
55836,12/7/2013,Amazon Order - Paint Canvas,-28.64,CA
55836,12/7/2013,Public Transportation - Bus Pass,-20.92,CA
55836,12/8/2013,Art Auction,-8.41,CA
55836,12/8/2013,Guitar Center,-35.82,CA
55836,12/9/2013,Music Lessons - Piano,-34.04,CA
55836,12/9/2013,Michael's Crafts,-20.8,CA
55836,12/9/2013,Painting Course Fees,-28.37,CA
55836,12/9/2013,Art's Art Supplies,-3.6,CA
55836,12/10/2013,Michael's Crafts,-47.97,CA
55836,12/11/2013,Sprouts Market,-34.25,CA
55836,12/11/2013,Music Lessons - Piano,-3.89,CA
55836,12/12/2013,Water & Sewer - Late Payment Penalty,-29.86,CA
55836,12/12/2013,Music Lessons - Piano,-21.02,CA
55836,12/12/2013,Housing Rent - Late Fee,-18.65,CA
55836,12/13/2013,Art Auction,-19.19,CA
55836,12/13/2013,Public Transportation - Train Pass,-12.94,CA
55836,12/13/2013,Lyft,-100.93,CA
55836,12/14/2013,Water & Sewer - Late Payment Penalty,-36.98,CA
55836,12/14/2013,Guitar Center,-21.27,CA
55836,12/14/2013,Lyft,-32.46,CA
55836,12/14/2013,Uber,-84.83,CA
55836,12/15/2013,Amazon Order - Paint Canvas,-11.65,CA
55836,12/15/2013,Lyft,-69.2,CA
55836,12/16/2013,Credit Card Overdraft Fee,-106.46,CA
55836,12/16/2013,Ralph's Grocery Store,-3.96,CA
55836,12/17/2013,Art Auction,-7.34,CA
55836,12/18/2013,Painting Course Fees,-7.62,CA
55836,12/18/2013,Ashley's Craft Store,-4.3,CA
55836,12/18/2013,Food Delivery - GrubHub,-31.82,CA
55836,12/19/2013,Restaurant - Chinese,-37.91,CA
55836,12/19/2013,Restaurant - Chinese,-10.06,CA
55836,12/20/2013,Restaurant - Chinese,-28.3,CA
55836,12/21/2013,Sprouts Market,-14.61,CA
55836,12/21/2013,Ashley's Craft Store,-25.51,CA
55836,12/21/2013,Whole Foods,-8.09,CA
55836,12/21/2013,Public Transportation - Bus Pass,-21.75,CA
55836,12/21/2013,Uber,-22.76,CA
55836,12/22/2013,Ashley's Craft Store,-86.82,CA
55836,12/22/2013,Amazon Order - Paint Bushes,-114.52,CA
55836,12/22/2013,Restaurant - Steakhouse,-7.6,CA
55836,12/22/2013,Restaurant - Steakhouse,-8.26,CA
55836,12/22/2013,Art's Art Supplies,-23.13,CA
55836,12/22/2013,Taxi,-3.5,CA
55836,12/23/2013,Public Transportation - Bus Pass,-12.34,CA
55836,12/24/2013,Lyft,-35.27,CA
55836,12/24/2013,Michael's Crafts,-24.12,CA
55836,12/25/2013,Amazon Order - Paint Canvas,-4.55,CA
55836,12/26/2013,Michael's Crafts,-23.35,CA
55836,12/26/2013,Michael's Crafts,-16.23,CA
55836,12/26/2013,Sprouts Market,-65.04,CA
55836,12/27/2013,Public Transportation - Train Pass,-13.08,CA
55836,12/27/2013,Art Auction,-14.44,CA
55836,12/27/2013,Credit Card Overdraft Fee,-0.35,CA
55836,12/28/2013,Lyft,-34.83,CA
55836,12/28/2013,Lyft,-17.26,CA
55836,12/28/2013,Michael's Crafts,-106.21,CA
55836,12/29/2013,Credit Card Overdraft Fee,-28.22,CA
55836,12/30/2013,Painting Course Fees,-14.41,CA
55836,12/30/2013,Amazon Order - Paint Bushes,-32.98,CA
55836,12/32/2013,Lyft,-17.25,CA
55836,12/32/2013,Amazon Order - Paint Canvas,-8.25,CA
55836,12/32/2013,Food Delivery - GrubHub,-5.79,CA
55836,1/2/2014,Restaurant - Burgers,-16.77,CA
55836,1/2/2014,Public Transportation - Train Pass,-29.7,CA
55836,1/3/2014,Restaurant - Burgers,-15.37,CA
55836,1/3/2014,Art's Art Supplies,-4.27,CA
55836,1/4/2014,Lyft,-3.08,CA
55836,1/5/2014,Ashley's Craft Store,-16.39,CA
55836,1/5/2014,Michael's Crafts,-36.49,CA
55836,1/5/2014,Guitar Center,-34.53,CA
55836,1/5/2014,Lyft,-10.64,CA
55836,1/6/2014,Starbucks Coffee,-7.91,CA
55836,1/7/2014,Restaurant - Steakhouse,-37.05,CA
55836,1/7/2014,Restaurant - Steakhouse,-29.23,CA
55836,1/7/2014,Ashley's Craft Store,-29.46,CA
55836,1/7/2014,Ashley's Craft Store,-20.31,CA
55836,1/7/2014,Time Warne Cable - Late Payment Fee,-74.84,CA
55836,1/7/2014,Amazon Order - Paint Bushes,-83.22,CA
55836,1/8/2014,Guitar Center,-4.31,CA
55836,1/8/2014,Painting Course Fees,-63.62,CA
55836,1/8/2014,Painting Course Fees,-21.23,CA
55836,1/9/2014,Public Transportation - Bus Pass,-25.95,CA
55836,1/9/2014,Restaurant - Pizza,-9.28,CA
55836,1/9/2014,Amazon Order - Paint Bushes,-26.67,CA
55836,1/9/2014,Amazon Order - Paint Canvas,-17.43,CA
55836,1/9/2014,Taxi,-28.61,CA
55836,1/9/2014,Amazon Order - Paint Canvas,-18.6,CA
55836,1/9/2014,Uber,-27.52,CA
55836,1/9/2014,Taxi,-4.01,CA
55836,1/9/2014,Michael's Crafts,-4.43,CA
55836,1/9/2014,Taxi,-25.7,CA
55836,1/9/2014,Food Delivery - GrubHub,-93.41,CA
55836,1/9/2014,Michael's Crafts,-30.17,CA
55836,1/9/2014,Taxi,-25.45,CA
55836,1/10/2014,Amazon Order - Paint Canvas,-22.81,CA
55836,1/10/2014,Public Transportation - Bus Pass,-16.84,CA
55836,1/10/2014,Restaurant - Pizza,-2.68,CA
55836,1/10/2014,Music Lessons - Piano,-0.14,CA
55836,1/10/2014,Lyft,-49.85,CA
55836,1/10/2014,Art's Art Supplies,-87.08,CA
55836,1/11/2014,Painting Course Fees,-4.38,CA
55836,1/12/2014,Water & Sewer - Late Payment Penalty,-17.12,CA
55836,1/12/2014,Ralph's Grocery Store,-36.1,CA
55836,1/12/2014,Public Transportation - Bus Pass,-12.05,CA
55836,1/12/2014,Taxi,-6.07,CA
55836,1/12/2014,Painting Course Fees,-38.28,CA
55836,1/13/2014,Guitar Center,-5.98,CA
55836,1/13/2014,Art's Art Supplies,-63.16,CA
55836,1/13/2014,Michael's Crafts,-70.5,CA
55836,1/13/2014,Art Auction,-108.89,CA
55836,1/13/2014,Sprouts Market,-29.09,CA
55836,1/13/2014,Uber,-35.5,CA
55836,1/13/2014,Amazon Order - Paint Canvas,-36.9,CA
55836,1/13/2014,Amazon Order - Paint Bushes,-10.33,CA
55836,1/13/2014,Amazon Order - Paint Bushes,-23.52,CA
55836,1/13/2014,Guitar Center,-115.12,CA
55836,1/13/2014,Restaurant - Burgers,-39.56,CA
55836,1/13/2014,Starbucks Coffee,-20.53,CA
55836,1/13/2014,Credit Card Overdraft Fee,-26.54,CA
55836,1/13/2014,Ashley's Craft Store,-6,CA
55836,1/13/2014,Uber,-67.13,CA
55836,1/13/2014,Public Transportation - Train Pass,-31.19,CA
55836,1/14/2014,Sprouts Market,-21.36,CA
55836,1/15/2014,Amazon Order - Paint Canvas,-17.48,CA
55836,1/15/2014,Lyft,-16.02,CA
55836,1/15/2014,Credit Card Overdraft Fee,-7.5,CA
55836,1/15/2014,Art's Art Supplies,-34.65,CA
55836,1/16/2014,Von's Groceries,-88.98,CA
55836,1/17/2014,Ashley's Craft Store,-7.65,CA
55836,1/17/2014,Lyft,-15.95,CA
55836,1/17/2014,Michael's Crafts,-34.31,CA
55836,1/17/2014,Amazon Order - Paint Bushes,-13.87,CA
55836,1/17/2014,Art's Art Supplies,-4.58,CA
55836,1/18/2014,Painting Course Fees,-33.8,CA
55836,1/18/2014,Michael's Crafts,-65.61,CA
55836,1/19/2014,Amazon Order - Paint Canvas,-10.64,CA
55836,1/19/2014,Restaurant - Pizza,-20.39,CA
55836,1/20/2014,Uber,-32.14,CA
55836,1/20/2014,Restaurant - Pizza,-31.91,CA
55836,1/20/2014,Painting Course Fees,-17.02,CA
55836,1/20/2014,Guitar Center,-26.51,CA
55836,1/20/2014,Lyft,-17.49,CA
55836,1/20/2014,Public Transportation - Bus Pass,-25.86,CA
55836,1/21/2014,Public Transportation - Bus Pass,-20.68,CA
55836,1/21/2014,Ashley's Craft Store,-22.75,CA
55836,1/21/2014,Whole Foods,-9.77,CA
55836,1/21/2014,Ralph's Grocery Store,-75.69,CA
55836,1/21/2014,Bank Fee - Negative Balance,-37.39,CA
55836,1/21/2014,Amazon Order - Paint Canvas,-28.49,CA
55836,1/22/2014,Food Delivery - GrubHub,-34.03,CA
55836,1/22/2014,Ashley's Craft Store,-12.86,CA
55836,1/23/2014,Lyft,-30.88,CA
55836,1/24/2014,Restaurant - Chinese,-85.34,CA
55836,1/24/2014,Art's Art Supplies,-12.81,CA
55836,1/24/2014,Art's Art Supplies,-71.76,CA
55836,1/25/2014,Starbucks Coffee,-28.58,CA
55836,1/26/2014,Michael's Crafts,-6.48,CA
55836,1/26/2014,Art Auction,-9.14,CA
55836,1/26/2014,Food Delivery - GrubHub,-39.11,CA
55836,1/26/2014,Water & Sewer - Late Payment Penalty,-39.71,CA
55836,1/26/2014,Art Auction,-3.3,CA
55836,1/26/2014,Art Auction,-96.94,CA
55836,1/26/2014,Von's Groceries,-32.34,CA
55836,1/26/2014,Art's Art Supplies,-15.35,CA
55836,1/26/2014,Art Auction,-7,CA
55836,1/27/2014,Music Lessons - Piano,-107.23,CA
55836,1/27/2014,Art Auction,-76.12,CA
55836,1/27/2014,Ralph's Grocery Store,-70.78,CA
55836,1/27/2014,Michael's Crafts,-25.88,CA
55836,1/27/2014,Painting Course Fees,-2.9,CA
55836,1/27/2014,Michael's Crafts,-90.96,CA
55836,1/27/2014,Whole Foods,-12.68,CA
55836,1/28/2014,Public Transportation - Bus Pass,-10.17,CA
55836,1/28/2014,Art Auction,-27.13,CA
55836,1/29/2014,Ashley's Craft Store,-4.18,CA
55836,1/29/2014,Painting Course Fees,-3.62,CA
55836,1/29/2014,Public Transportation - Train Pass,-56.71,CA
55836,1/29/2014,Music Lessons - Piano,-23.46,CA
55836,1/29/2014,Restaurant - Steakhouse,-20.86,CA
55836,1/30/2014,Whole Foods,-7.38,CA
55836,3/2/2014,Paycheck,4513,CA
55836,3/2/2014,Housing Rent,-1056,CA
55836,3/2/2014,Time Warner Cable,-25,CA
55836,3/2/2014,Gas & Electric,-32,CA
55836,3/2/2014,Water & Sewer - Late Payment Penalty,-3.28,CA
55836,3/3/2014,Painting Course Fees,-0.07,CA
55836,3/3/2014,Painting Course Fees,-8.23,CA
55836,3/3/2014,Art's Art Supplies,-37.81,CA
55836,3/3/2014,Michael's Crafts,-7.14,CA
55836,3/3/2014,Michael's Crafts,-6.24,CA
55836,3/4/2014,Restaurant - Chinese,-26.65,CA
55836,3/5/2014,Music Lessons - Piano,-64.13,CA
55836,3/5/2014,Ashley's Craft Store,-10.3,CA
55836,3/5/2014,Starbucks Coffee,-5.07,CA
55836,3/5/2014,Ashley's Craft Store,-37.22,CA
55836,3/6/2014,Von's Groceries,-19.88,CA
55836,3/6/2014,Music Lessons - Piano,-23.14,CA
55836,3/7/2014,Lyft,-25.44,CA
55836,3/7/2014,Guitar Center,-2.18,CA
55836,3/7/2014,Whole Foods,-39.73,CA
55836,3/7/2014,Uber,-26.46,CA
55836,3/7/2014,Uber,-37.57,CA
55836,3/7/2014,Ashley's Craft Store,-27.58,CA
55836,3/7/2014,Ashley's Craft Store,-36.01,CA
55836,3/7/2014,Amazon Order - Paint Bushes,-18.94,CA
55836,3/7/2014,Music Lessons - Piano,-3.54,CA
55836,3/8/2014,Uber,-0.55,CA
55836,3/9/2014,Guitar Center,-18.49,CA
55836,3/9/2014,Music Lessons - Piano,-79.17,CA
55836,3/9/2014,Taxi,-39.96,CA
55836,3/10/2014,Von's Groceries,-13.98,CA
55836,3/10/2014,Restaurant - Steakhouse,-10.21,CA
55836,3/10/2014,Amazon Order - Paint Canvas,-32.42,CA
55836,3/10/2014,Music Lessons - Piano,-3.31,CA
55836,3/11/2014,Time Warne Cable - Late Payment Fee,-32.41,CA
55836,3/11/2014,Water & Sewer - Late Payment Penalty,-21.86,CA
55836,3/12/2014,Painting Course Fees,-3.36,CA
55836,3/13/2014,Guitar Center,-23.43,CA
55836,3/14/2014,Art's Art Supplies,-9.12,CA
55836,3/14/2014,Taxi,-32.36,CA
55836,3/14/2014,Michael's Crafts,-4.9,CA
55836,3/14/2014,Whole Foods,-5.93,CA
55836,3/14/2014,Lyft,-17.66,CA
55836,3/15/2014,Von's Groceries,-11.59,CA
55836,3/15/2014,Credit Card Overdraft Fee,-3.81,CA
55836,3/15/2014,Sprouts Market,-13.07,CA
55836,3/15/2014,Restaurant - Burgers,-90.57,CA
55836,3/16/2014,Art's Art Supplies,-38.29,CA
55836,3/16/2014,Art Auction,-68.26,CA
55836,3/16/2014,Restaurant - Pizza,-35.25,CA
55836,3/16/2014,Amazon Order - Paint Canvas,-72.41,CA
55836,3/17/2014,Taxi,-12.03,CA
55836,3/17/2014,Restaurant - Pizza,-30.47,CA
55836,3/17/2014,Art Auction,-92.8,CA
55836,3/18/2014,Sprouts Market,-18.87,CA
55836,3/18/2014,Art's Art Supplies,-25.04,CA
55836,3/19/2014,Music Lessons - Piano,-109.05,CA
55836,3/19/2014,Ashley's Craft Store,-17.65,CA
55836,3/19/2014,Music Lessons - Piano,-27.06,CA
55836,3/19/2014,Michael's Crafts,-93.14,CA
55836,3/19/2014,Uber,-37.18,CA
55836,3/20/2014,Ralph's Grocery Store,-6.04,CA
55836,3/20/2014,Restaurant - Chinese,-2.6,CA
55836,3/21/2014,Michael's Crafts,-28.07,CA
55836,3/22/2014,Amazon Order - Paint Canvas,-34.51,CA
55836,3/22/2014,Starbucks Coffee,-31.89,CA
55836,3/22/2014,Credit Card Overdraft Fee,-91.91,CA
55836,3/23/2014,Restaurant - Chinese,-119.45,CA
55836,3/23/2014,Art Auction,-93.37,CA
55836,3/24/2014,Credit Card Overdraft Fee,-30.2,CA
55836,3/24/2014,Starbucks Coffee,-12.22,CA
55836,3/24/2014,Ralph's Grocery Store,-11.68,CA
55836,3/24/2014,Art Auction,-6.79,CA
55836,3/24/2014,Whole Foods,-16.18,CA
55836,3/24/2014,Art's Art Supplies,-46.41,CA
55836,3/24/2014,Food Delivery - GrubHub,-2.32,CA
55836,3/24/2014,Von's Groceries,-1.01,CA
55836,3/24/2014,Water & Sewer - Late Payment Penalty,-28.93,CA
55836,3/24/2014,Restaurant - Pizza,-20.45,CA
55836,3/25/2014,Amazon Order - Paint Canvas,-23.7,CA
55836,3/25/2014,Painting Course Fees,-2.2,CA
55836,3/25/2014,Taxi,-77.89,CA
55836,3/25/2014,Restaurant - Burgers,-7.14,CA
55836,3/26/2014,Public Transportation - Bus Pass,-24.82,CA
55836,3/26/2014,Public Transportation - Bus Pass,-4.07,CA
55836,3/27/2014,Ashley's Craft Store,-39.57,CA
55836,3/27/2014,Sprouts Market,-25.18,CA
55836,3/27/2014,Art's Art Supplies,-8.32,CA
55836,3/27/2014,Public Transportation - Train Pass,-25.23,CA
55836,3/27/2014,Public Transportation - Train Pass,-36.55,CA
55836,3/28/2014,Music Lessons - Piano,-99.6,CA
55836,3/28/2014,Ashley's Craft Store,-14.83,CA
55836,3/29/2014,Amazon Order - Paint Bushes,-92.31,CA
55836,3/29/2014,Lyft,-3.26,CA
55836,3/29/2014,Restaurant - Burgers,-15.27,CA
55836,3/30/2014,Restaurant - Chinese,-90.94,CA
55836,3/30/2014,Painting Course Fees,-32.66,CA
55836,3/30/2014,Art Auction,-34.64,CA
55836,3/30/2014,Lyft,-27.9,CA
55836,3/30/2014,Painting Course Fees,-28.65,CA
55836,3/30/2014,Painting Course Fees,-20.69,CA
55836,4/2/2014,Paycheck,4513,CA
55836,4/2/2014,Housing Rent,-828,CA
55836,4/2/2014,Time Warner Cable,-25,CA
55836,4/2/2014,Gas & Electric,-32,CA
55836,4/2/2014,Lyft,-1.36,CA
55836,4/3/2014,Time Warne Cable - Late Payment Fee,-14.19,CA
55836,4/4/2014,Sprouts Market,-101.97,CA
55836,4/5/2014,Restaurant - Steakhouse,-37.85,CA
55836,4/5/2014,Public Transportation - Train Pass,-1.15,CA
55836,4/5/2014,Taxi,-20.41,CA
55836,4/5/2014,Ralph's Grocery Store,-9.2,CA
55836,4/5/2014,Guitar Center,-16.62,CA
55836,4/6/2014,Public Transportation - Bus Pass,-9.72,CA
55836,4/6/2014,Amazon Order - Paint Canvas,-10.41,CA
55836,4/6/2014,Music Lessons - Piano,-16.79,CA
55836,4/7/2014,Michael's Crafts,-38.09,CA
55836,4/8/2014,Amazon Order - Paint Bushes,-3.22,CA
55836,4/8/2014,Credit Card Overdraft Fee,-10.97,CA
55836,4/8/2014,Public Transportation - Bus Pass,-5.72,CA
55836,4/9/2014,Amazon Order - Paint Bushes,-2.17,CA
55836,4/9/2014,Public Transportation - Train Pass,-7.07,CA
55836,4/9/2014,Guitar Center,-28.1,CA
55836,4/10/2014,Art's Art Supplies,-93.53,CA
55836,4/10/2014,Uber,-27.92,CA
55836,4/10/2014,Painting Course Fees,-4.92,CA
55836,4/10/2014,Music Lessons - Piano,-14.94,CA
55836,4/10/2014,Music Lessons - Piano,-15.21,CA
55836,4/10/2014,Ralph's Grocery Store,-3.71,CA
55836,4/10/2014,Von's Groceries,-84.71,CA
55836,4/10/2014,Painting Course Fees,-93.19,CA
55836,4/10/2014,Amazon Order - Paint Canvas,-26.07,CA
55836,4/10/2014,Uber,-13.38,CA
55836,4/10/2014,Art Auction,-2.46,CA
55836,4/10/2014,Lyft,-27.02,CA
55836,4/11/2014,Restaurant - Chinese,-31.34,CA
55836,4/11/2014,Amazon Order - Paint Canvas,-41.53,CA
55836,4/11/2014,Ashley's Craft Store,-32.56,CA
55836,4/12/2014,Music Lessons - Piano,-82.5,CA
55836,4/13/2014,Food Delivery - GrubHub,-105.94,CA
55836,4/13/2014,Lyft,-23.87,CA
55836,4/13/2014,Restaurant - Steakhouse,-5.03,CA
55836,4/14/2014,Painting Course Fees,-17.42,CA
55836,4/14/2014,Uber,-14.02,CA
55836,4/14/2014,Public Transportation - Bus Pass,-24.54,CA
55836,4/15/2014,Ralph's Grocery Store,-25.43,CA
55836,4/16/2014,Guitar Center,-10.56,CA
55836,4/16/2014,Music Lessons - Piano,-5.46,CA
55836,4/17/2014,Michael's Crafts,-4.61,CA
55836,4/17/2014,Music Lessons - Piano,-21.87,CA
55836,4/17/2014,Music Lessons - Piano,-28.19,CA
55836,4/18/2014,Art's Art Supplies,-25.14,CA
55836,4/18/2014,Credit Card Overdraft Fee,-55.56,CA
55836,4/18/2014,Amazon Order - Paint Canvas,-6.79,CA
55836,4/19/2014,Uber,-0.32,CA
55836,4/19/2014,Amazon Order - Paint Canvas,-31.6,CA
55836,4/20/2014,Amazon Order - Paint Bushes,-5.69,CA
55836,4/21/2014,Music Lessons - Piano,-10.13,CA
55836,4/22/2014,Lyft,-11.03,CA
55836,4/22/2014,Michael's Crafts,-37.45,CA
55836,4/22/2014,Art's Art Supplies,-9.06,CA
55836,4/22/2014,Time Warne Cable - Late Payment Fee,-21.74,CA
55836,4/23/2014,Restaurant - Pizza,-11.27,CA
55836,4/24/2014,Amazon Order - Paint Bushes,-14.66,CA
55836,4/25/2014,Amazon Order - Paint Canvas,-1.93,CA
55836,4/25/2014,Public Transportation - Train Pass,-17,CA
55836,4/25/2014,Food Delivery - GrubHub,-8.04,CA
55836,4/26/2014,Food Delivery - GrubHub,-5.93,CA
55836,4/26/2014,Amazon Order - Paint Bushes,-37.89,CA
55836,4/26/2014,Public Transportation - Train Pass,-24.26,CA
55836,4/26/2014,Guitar Center,-7.69,CA
55836,4/26/2014,Ralph's Grocery Store,-36.49,CA
55836,4/26/2014,Sprouts Market,-31.3,CA
55836,4/27/2014,Restaurant - Steakhouse,-7.88,CA
55836,4/28/2014,Amazon Order - Paint Canvas,-31.13,CA
55836,4/28/2014,Guitar Center,-24.79,CA
55836,4/28/2014,Restaurant - Chinese,-31.9,CA
55836,4/28/2014,Taxi,-100.62,CA
55836,4/29/2014,Restaurant - Pizza,-12.18,CA
55836,4/29/2014,Amazon Order - Paint Bushes,-26.85,CA
55836,4/30/2014,Restaurant - Pizza,-35.47,CA
55836,5/2/2014,Paycheck,4513,CA
55836,5/2/2014,Housing Rent,-1293,CA
55836,5/2/2014,Time Warner Cable,-25,CA
55836,5/2/2014,Gas & Electric,-32,CA
55836,5/2/2014,Art's Art Supplies,-22.27,CA
55836,5/3/2014,Starbucks Coffee,-92.35,CA
55836,5/4/2014,Taxi,-0.81,CA
55836,5/5/2014,Art's Art Supplies,-62.16,CA
55836,5/5/2014,Amazon Order - Paint Bushes,-25.88,CA
55836,5/5/2014,Restaurant - Burgers,-118.75,CA
55836,5/5/2014,Amazon Order - Paint Canvas,-26.37,CA
55836,5/5/2014,Whole Foods,-23.73,CA
55836,5/6/2014,Starbucks Coffee,-53.4,CA
55836,5/6/2014,Michael's Crafts,-25.56,CA
55836,5/6/2014,Art Auction,-43.11,CA
55836,5/7/2014,Michael's Crafts,-68.76,CA
55836,5/7/2014,Ralph's Grocery Store,-2.88,CA
55836,5/7/2014,Taxi,-39.88,CA
55836,5/8/2014,Music Lessons - Piano,-26.07,CA
55836,5/9/2014,Sprouts Market,-15.64,CA
55836,5/9/2014,Uber,-87.43,CA
55836,5/9/2014,Guitar Center,-19.34,CA
55836,5/9/2014,Von's Groceries,-23.57,CA
55836,5/9/2014,Lyft,-6.85,CA
55836,5/9/2014,Music Lessons - Piano,-31.12,CA
55836,5/10/2014,Amazon Order - Paint Canvas,-12.55,CA
55836,5/10/2014,Taxi,-18.21,CA
55836,5/11/2014,Art Auction,-13.9,CA
55836,5/11/2014,Ralph's Grocery Store,-25.78,CA
55836,5/12/2014,Taxi,-7.79,CA
55836,5/13/2014,Restaurant - Chinese,-22.64,CA
55836,5/13/2014,Ralph's Grocery Store,-9.92,CA
55836,5/14/2014,Amazon Order - Paint Canvas,-16.01,CA
55836,5/14/2014,Amazon Order - Paint Canvas,-2.12,CA
55836,5/15/2014,Painting Course Fees,-12.65,CA
55836,5/15/2014,Michael's Crafts,-18.43,CA
55836,5/16/2014,Restaurant - Pizza,-24.34,CA
55836,5/16/2014,Sprouts Market,-18.79,CA
55836,5/16/2014,Music Lessons - Piano,-15.64,CA
55836,5/16/2014,Michael's Crafts,-10.38,CA
55836,5/16/2014,Whole Foods,-38,CA
55836,5/17/2014,Ashley's Craft Store,-5.77,CA
55836,5/17/2014,Ashley's Craft Store,-28.27,CA
55836,5/17/2014,Amazon Order - Paint Canvas,-6.47,CA
55836,5/18/2014,Whole Foods,-6.28,CA
55836,5/18/2014,Music Lessons - Piano,-101.96,CA
55836,5/18/2014,Music Lessons - Piano,-6.09,CA
55836,5/18/2014,Amazon Order - Paint Bushes,-5.2,CA
55836,5/18/2014,Ashley's Craft Store,-24.69,CA
55836,5/19/2014,Ashley's Craft Store,-55.7,CA
55836,5/19/2014,Ashley's Craft Store,-46.75,CA
55836,5/19/2014,Art's Art Supplies,-8.48,CA
55836,5/19/2014,Painting Course Fees,-17.55,CA
55836,5/20/2014,Art's Art Supplies,-24.12,CA
55836,5/21/2014,Painting Course Fees,-23.89,CA
55836,5/21/2014,Housing Rent - Late Fee,-20.37,CA
55836,5/21/2014,Restaurant - Pizza,-7.67,CA
55836,5/21/2014,Music Lessons - Piano,-92.4,CA
55836,5/22/2014,Whole Foods,-24.57,CA
55836,5/22/2014,Guitar Center,-21.5,CA
55836,5/22/2014,Whole Foods,-28.12,CA
55836,5/22/2014,Sprouts Market,-30.46,CA
55836,5/22/2014,Bank Fee - Negative Balance,-9.03,CA
55836,5/22/2014,Ashley's Craft Store,-21,CA
55836,5/22/2014,Restaurant - Steakhouse,-1.93,CA
55836,5/22/2014,Painting Course Fees,-23.36,CA
55836,5/23/2014,Sprouts Market,-7.16,CA
55836,5/23/2014,Art Auction,-17.02,CA
55836,5/23/2014,Amazon Order - Paint Bushes,-28.04,CA
55836,5/23/2014,Amazon Order - Paint Bushes,-6.82,CA
55836,5/23/2014,Guitar Center,-10.27,CA
55836,5/24/2014,Credit Card Overdraft Fee,-15.11,CA
55836,5/24/2014,Michael's Crafts,-93.33,CA
55836,5/25/2014,Art Auction,-21.48,CA
55836,5/25/2014,Michael's Crafts,-32.76,CA
55836,5/25/2014,Art Auction,-36.01,CA
55836,5/25/2014,Music Lessons - Piano,-0.95,CA
55836,5/26/2014,Taxi,-29.58,CA
55836,5/26/2014,Michael's Crafts,-26.16,CA
55836,5/27/2014,Painting Course Fees,-92.17,CA
55836,5/27/2014,Art Auction,-12.21,CA
55836,5/27/2014,Public Transportation - Bus Pass,-26.02,CA
55836,5/27/2014,Music Lessons - Piano,-10.65,CA
55836,5/27/2014,Michael's Crafts,-10.99,CA
55836,5/27/2014,Guitar Center,-39.88,CA
55836,5/28/2014,Art's Art Supplies,-34.68,CA
55836,5/29/2014,Uber,-33.88,CA
55836,5/29/2014,Restaurant - Chinese,-35.31,CA
55836,5/29/2014,Ashley's Craft Store,-16.18,CA
55836,5/29/2014,Amazon Order - Paint Canvas,-12.48,CA
55836,5/29/2014,Starbucks Coffee,-58,CA
55836,5/29/2014,Michael's Crafts,-15.51,CA
55836,5/29/2014,Uber,-12.01,CA
55836,5/29/2014,Whole Foods,-27.79,CA
55836,5/29/2014,Starbucks Coffee,-112.54,CA
55836,5/29/2014,Art's Art Supplies,-30.86,CA
55836,5/29/2014,Painting Course Fees,-0.04,CA
55836,5/30/2014,Amazon Order - Paint Bushes,-37.71,CA
55836,6/2/2014,Paycheck,4513,CA
55836,6/2/2014,Housing Rent,-1347,CA
55836,6/2/2014,Time Warner Cable,-25,CA
55836,6/2/2014,Gas & Electric,-32,CA
55836,6/2/2014,Ralph's Grocery Store,-3.79,CA
55836,6/2/2014,Credit Card Overdraft Fee,-23.01,CA
55836,6/3/2014,Public Transportation - Bus Pass,-65.05,CA
55836,6/4/2014,Von's Groceries,-33.74,CA
55836,6/4/2014,Credit Card Overdraft Fee,-2.37,CA
55836,6/4/2014,Water & Sewer - Late Payment Penalty,-29.78,CA
55836,6/4/2014,Ashley's Craft Store,-7.34,CA
55836,6/4/2014,Starbucks Coffee,-26.17,CA
55836,6/4/2014,Art's Art Supplies,-18.48,CA
55836,6/4/2014,Restaurant - Burgers,-9.58,CA
55836,6/5/2014,Lyft,-14.9,CA
55836,6/5/2014,Amazon Order - Paint Bushes,-24.85,CA
55836,6/5/2014,Public Transportation - Bus Pass,-67.14,CA
55836,6/5/2014,Credit Card Overdraft Fee,-1.51,CA
55836,6/5/2014,Sprouts Market,-3.83,CA
55836,6/6/2014,Music Lessons - Piano,-19.07,CA
55836,6/7/2014,Guitar Center,-5.61,CA
55836,6/7/2014,Art Auction,-20.71,CA
55836,6/7/2014,Painting Course Fees,-76.55,CA
55836,6/8/2014,Guitar Center,-0.12,CA
55836,6/9/2014,Amazon Order - Paint Canvas,-15.5,CA
55836,6/9/2014,Amazon Order - Paint Bushes,-1.9,CA
55836,6/9/2014,Ashley's Craft Store,-15.51,CA
55836,6/9/2014,Starbucks Coffee,-110.62,CA
55836,6/10/2014,Art Auction,-22.13,CA
55836,6/11/2014,Amazon Order - Paint Canvas,-32.84,CA
55836,6/11/2014,Music Lessons - Piano,-13.1,CA
55836,6/11/2014,Amazon Order - Paint Canvas,-7.02,CA
55836,6/11/2014,Guitar Center,-11.94,CA
55836,6/11/2014,Michael's Crafts,-86.03,CA
55836,6/12/2014,Taxi,-18.48,CA
55836,6/12/2014,Food Delivery - GrubHub,-22.65,CA
55836,6/12/2014,Sprouts Market,-19.95,CA
55836,6/13/2014,Ashley's Craft Store,-27.16,CA
55836,6/13/2014,Restaurant - Chinese,-16.74,CA
55836,6/13/2014,Painting Course Fees,-111.59,CA
55836,6/13/2014,Art Auction,-98.92,CA
55836,6/13/2014,Painting Course Fees,-1.4,CA
55836,6/13/2014,Art's Art Supplies,-11.75,CA
55836,6/13/2014,Public Transportation - Bus Pass,-2.46,CA
55836,6/13/2014,Art's Art Supplies,-39.36,CA
55836,6/13/2014,Amazon Order - Paint Bushes,-2.2,CA
55836,6/13/2014,Art Auction,-99.35,CA
55836,6/13/2014,Amazon Order - Paint Canvas,-10.69,CA
55836,6/13/2014,Ashley's Craft Store,-42.97,CA
55836,6/14/2014,Painting Course Fees,-15.78,CA
55836,6/14/2014,Art Auction,-11.49,CA
55836,6/14/2014,Music Lessons - Piano,-26.98,CA
55836,6/14/2014,Ralph's Grocery Store,-38.11,CA
55836,6/14/2014,Von's Groceries,-15.24,CA
55836,6/14/2014,Public Transportation - Train Pass,-5.57,CA
55836,6/14/2014,Art Auction,-24.97,CA
55836,6/14/2014,Painting Course Fees,-11.79,CA
55836,6/15/2014,Public Transportation - Bus Pass,-31.26,CA
55836,6/16/2014,Michael's Crafts,-18.51,CA
55836,6/16/2014,Art's Art Supplies,-9.12,CA
55836,6/16/2014,Ashley's Craft Store,-10.04,CA
55836,6/16/2014,Ralph's Grocery Store,-23.55,CA
55836,6/17/2014,Sprouts Market,-21.21,CA
55836,6/18/2014,Painting Course Fees,-39.2,CA
55836,6/18/2014,Starbucks Coffee,-28.5,CA
55836,6/19/2014,Art's Art Supplies,-114.69,CA
55836,6/19/2014,Music Lessons - Piano,-22.63,CA
55836,6/19/2014,Restaurant - Burgers,-36.96,CA
55836,6/19/2014,Art's Art Supplies,-38.27,CA
55836,6/19/2014,Public Transportation - Train Pass,-30.46,CA
55836,6/19/2014,Michael's Crafts,-15.44,CA
55836,6/19/2014,Credit Card Overdraft Fee,-14,CA
55836,6/20/2014,Michael's Crafts,-7.4,CA
55836,6/20/2014,Amazon Order - Paint Bushes,-22.25,CA
55836,6/21/2014,Art's Art Supplies,-5.65,CA
55836,6/21/2014,Uber,-34.26,CA
55836,6/21/2014,Ashley's Craft Store,-26.04,CA
55836,6/22/2014,Restaurant - Pizza,-21.98,CA
55836,6/23/2014,Uber,-15.21,CA
55836,6/23/2014,Michael's Crafts,-6.43,CA
55836,6/23/2014,Guitar Center,-4.53,CA
55836,6/23/2014,Lyft,-27.35,CA
55836,6/23/2014,Painting Course Fees,-17.12,CA
55836,6/23/2014,Time Warne Cable - Late Payment Fee,-33.39,CA
55836,6/23/2014,Uber,-48.65,CA
55836,6/24/2014,Lyft,-12.68,CA
55836,6/25/2014,Art's Art Supplies,-8.39,CA
55836,6/25/2014,Guitar Center,-17.92,CA
55836,6/25/2014,Restaurant - Burgers,-29.56,CA
55836,6/25/2014,Restaurant - Burgers,-21.76,CA
55836,6/25/2014,Public Transportation - Bus Pass,-70.62,CA
55836,6/26/2014,Taxi,-24.39,CA
55836,6/26/2014,Amazon Order - Paint Bushes,-13.76,CA
55836,6/26/2014,Uber,-34.9,CA
55836,6/27/2014,Bank Fee - Negative Balance,-32.51,CA
55836,6/27/2014,Sprouts Market,-36.33,CA
55836,6/27/2014,Ralph's Grocery Store,-31.05,CA
55836,6/27/2014,Public Transportation - Bus Pass,-0.55,CA
55836,6/27/2014,Art Auction,-4.09,CA
55836,6/28/2014,Von's Groceries,-38.24,CA
55836,6/28/2014,Art Auction,-30.92,CA
55836,6/28/2014,Painting Course Fees,-26.17,CA
55836,6/28/2014,Restaurant - Pizza,-30.04,CA
55836,6/28/2014,Amazon Order - Paint Bushes,-0.45,CA
55836,6/29/2014,Amazon Order - Paint Bushes,-50.78,CA
55836,6/29/2014,Restaurant - Pizza,-0.23,CA
55836,6/29/2014,Restaurant - Pizza,-3.61,CA
55836,6/29/2014,Von's Groceries,-31,CA
55836,6/29/2014,Ralph's Grocery Store,-17.84,CA
55836,6/29/2014,Amazon Order - Paint Canvas,-1.64,CA
55836,6/29/2014,Amazon Order - Paint Canvas,-69.65,CA
55836,6/29/2014,Public Transportation - Bus Pass,-16.09,CA
55836,6/29/2014,Von's Groceries,-30.65,CA
55836,6/30/2014,Sprouts Market,-5.62,CA
55836,7/2/2014,Paycheck,4513,CA
55836,7/2/2014,Housing Rent,-1365,CA
55836,7/2/2014,Time Warner Cable,-25,CA
55836,7/2/2014,Gas & Electric,-32,CA
55836,7/2/2014,Music Lessons - Piano,-29.78,CA
55836,7/2/2014,Amazon Order - Paint Bushes,-11.71,CA
55836,7/2/2014,Michael's Crafts,-111.54,CA
55836,7/3/2014,Michael's Crafts,-0.15,CA
55836,7/4/2014,Restaurant - Burgers,-25.1,CA
55836,7/5/2014,Art's Art Supplies,-20.52,CA
55836,7/5/2014,Lyft,-5.79,CA
55836,7/5/2014,Guitar Center,-7.19,CA
55836,7/5/2014,Uber,-24.6,CA
55836,7/5/2014,Lyft,-7.12,CA
55836,7/5/2014,Public Transportation - Bus Pass,-13.46,CA
55836,7/6/2014,Amazon Order - Paint Bushes,-26.87,CA
55836,7/6/2014,Art Auction,-116.71,CA
55836,7/6/2014,Whole Foods,-9.82,CA
55836,7/6/2014,Art's Art Supplies,-38.6,CA
55836,7/6/2014,Public Transportation - Bus Pass,-22.31,CA
55836,7/6/2014,Public Transportation - Train Pass,-9.73,CA
55836,7/6/2014,Restaurant - Burgers,-28.52,CA
55836,7/7/2014,Amazon Order - Paint Canvas,-64.28,CA
55836,7/7/2014,Public Transportation - Train Pass,-22.48,CA
55836,7/7/2014,Art Auction,-10.9,CA
55836,7/8/2014,Ashley's Craft Store,-17.84,CA
55836,7/8/2014,Ashley's Craft Store,-0.31,CA
55836,7/8/2014,Housing Rent - Late Fee,-93.39,CA
55836,7/8/2014,Guitar Center,-20.05,CA
55836,7/9/2014,Public Transportation - Train Pass,-4.07,CA
55836,7/9/2014,Taxi,-31.29,CA
55836,7/9/2014,Art's Art Supplies,-27.13,CA
55836,7/9/2014,Amazon Order - Paint Canvas,-39.57,CA
55836,7/9/2014,Starbucks Coffee,-1.59,CA
55836,7/9/2014,Ralph's Grocery Store,-14.02,CA
55836,7/9/2014,Michael's Crafts,-18.57,CA
55836,7/10/2014,Taxi,-66.3,CA
55836,7/11/2014,Art's Art Supplies,-6.99,CA
55836,7/11/2014,Painting Course Fees,-11.05,CA
55836,7/11/2014,Public Transportation - Train Pass,-85.74,CA
55836,7/12/2014,Restaurant - Pizza,-21.15,CA
55836,7/12/2014,Public Transportation - Train Pass,-36,CA
55836,7/12/2014,Music Lessons - Piano,-33.5,CA
55836,7/12/2014,Art Auction,-16.8,CA
55836,7/12/2014,Amazon Order - Paint Bushes,-10.51,CA
55836,7/12/2014,Sprouts Market,-14.1,CA
55836,7/12/2014,Restaurant - Pizza,-99.96,CA
55836,7/12/2014,Guitar Center,-25.23,CA
55836,7/13/2014,Restaurant - Pizza,-23.62,CA
55836,7/13/2014,Taxi,-14.16,CA
55836,7/13/2014,Restaurant - Burgers,-23.93,CA
55836,7/13/2014,Credit Card Overdraft Fee,-10.15,CA
55836,7/13/2014,Art's Art Supplies,-2.89,CA
55836,7/13/2014,Amazon Order - Paint Canvas,-33.49,CA
55836,7/13/2014,Restaurant - Steakhouse,-35.77,CA
55836,7/13/2014,Uber,-35.56,CA
55836,7/13/2014,Lyft,-10.44,CA
55836,7/14/2014,Ralph's Grocery Store,-8.43,CA
55836,7/14/2014,Taxi,-18.61,CA
55836,7/14/2014,Taxi,-1.55,CA
55836,7/15/2014,Bank Fee - Negative Balance,-38.24,CA
55836,7/15/2014,Music Lessons - Piano,-89.36,CA
55836,7/16/2014,Uber,-22.13,CA
55836,7/16/2014,Lyft,-37.38,CA
55836,7/17/2014,Painting Course Fees,-79.18,CA
55836,7/18/2014,Von's Groceries,-37.4,CA
55836,7/18/2014,Food Delivery - GrubHub,-8.24,CA
55836,7/18/2014,Painting Course Fees,-19.9,CA
55836,7/19/2014,Ralph's Grocery Store,-28.66,CA
55836,7/19/2014,Restaurant - Burgers,-69.76,CA
55836,7/19/2014,Restaurant - Steakhouse,-3.66,CA
55836,7/20/2014,Painting Course Fees,-27.67,CA
55836,7/21/2014,Michael's Crafts,-57.49,CA
55836,7/22/2014,Lyft,-29.35,CA
55836,7/23/2014,Painting Course Fees,-33.55,CA
55836,7/23/2014,Art Auction,-26.11,CA
55836,7/24/2014,Ralph's Grocery Store,-106.57,CA
55836,7/24/2014,Sprouts Market,-36.15,CA
55836,7/25/2014,Sprouts Market,-25.24,CA
55836,7/25/2014,Amazon Order - Paint Bushes,-88.89,CA
55836,7/26/2014,Art's Art Supplies,-25.62,CA
55836,7/26/2014,Art Auction,-27.09,CA
55836,7/26/2014,Public Transportation - Bus Pass,-14.6,CA
55836,7/27/2014,Von's Groceries,-11.4,CA
55836,7/28/2014,Taxi,-10.66,CA
55836,7/28/2014,Amazon Order - Paint Canvas,-25.4,CA
55836,7/29/2014,Michael's Crafts,-24.02,CA
55836,7/29/2014,Public Transportation - Train Pass,-52.56,CA
55836,7/30/2014,Art's Art Supplies,-7.46,CA
55836,7/30/2014,Restaurant - Burgers,-7.64,CA
55836,8/2/2014,Paycheck,4513,CA
55836,8/2/2014,Housing Rent,-846,CA
55836,8/2/2014,Time Warner Cable,-25,CA
55836,8/2/2014,Gas & Electric,-32,CA
55836,8/2/2014,Guitar Center,-26.77,CA
55836,8/2/2014,Ashley's Craft Store,-4.07,CA
55836,8/2/2014,Music Lessons - Piano,-6.09,CA
55836,8/2/2014,Ashley's Craft Store,-14.18,CA
55836,8/2/2014,Music Lessons - Piano,-16.28,CA
55836,8/2/2014,Taxi,-19.27,CA
55836,8/2/2014,Ashley's Craft Store,-37.91,CA
55836,8/2/2014,Guitar Center,-35.96,CA
55836,8/2/2014,Art's Art Supplies,-33.09,CA
55836,8/3/2014,Michael's Crafts,-29.63,CA
55836,8/4/2014,Art's Art Supplies,-7.35,CA
55836,8/4/2014,Von's Groceries,-36.01,CA
55836,8/4/2014,Public Transportation - Bus Pass,-14.63,CA
55836,8/4/2014,Restaurant - Chinese,-31.39,CA
55836,8/4/2014,Art's Art Supplies,-107.77,CA
55836,8/5/2014,Music Lessons - Piano,-38.89,CA
55836,8/5/2014,Painting Course Fees,-81.93,CA
55836,8/5/2014,Art's Art Supplies,-12.37,CA
55836,8/6/2014,Food Delivery - GrubHub,-16.48,CA
55836,8/7/2014,Starbucks Coffee,-16.25,CA
55836,8/7/2014,Water & Sewer - Late Payment Penalty,-26.23,CA
55836,8/7/2014,Music Lessons - Piano,-0.95,CA
55836,8/8/2014,Taxi,-53.86,CA
55836,8/8/2014,Painting Course Fees,-17.14,CA
55836,8/8/2014,Food Delivery - GrubHub,-28.41,CA
55836,8/8/2014,Ralph's Grocery Store,-33.08,CA
55836,8/8/2014,Lyft,-22.26,CA
55836,8/8/2014,Starbucks Coffee,-2,CA
55836,8/9/2014,Music Lessons - Piano,-21.24,CA
55836,8/9/2014,Public Transportation - Bus Pass,-35.15,CA
55836,8/9/2014,Art Auction,-13.33,CA
55836,8/9/2014,Guitar Center,-35.4,CA
55836,8/10/2014,Public Transportation - Bus Pass,-17.85,CA
55836,8/11/2014,Art's Art Supplies,-32.93,CA
55836,8/11/2014,Restaurant - Pizza,-0.52,CA
55836,8/12/2014,Art's Art Supplies,-3.4,CA
55836,8/12/2014,Time Warne Cable - Late Payment Fee,-14.94,CA
55836,8/12/2014,Guitar Center,-16.01,CA
55836,8/13/2014,Amazon Order - Paint Bushes,-35.14,CA
55836,8/13/2014,Food Delivery - GrubHub,-20.2,CA
55836,8/14/2014,Starbucks Coffee,-36.49,CA
55836,8/14/2014,Amazon Order - Paint Bushes,-111.69,CA
55836,8/14/2014,Food Delivery - GrubHub,-21.32,CA
55836,8/14/2014,Lyft,-29.67,CA
55836,8/15/2014,Public Transportation - Bus Pass,-5.37,CA
55836,8/15/2014,Painting Course Fees,-34.51,CA
55836,8/15/2014,Restaurant - Chinese,-2.89,CA
55836,8/15/2014,Art Auction,-38.63,CA
55836,8/15/2014,Public Transportation - Train Pass,-22.76,CA
55836,8/15/2014,Sprouts Market,-55.77,CA
55836,8/15/2014,Amazon Order - Paint Canvas,-25.25,CA
55836,8/16/2014,Restaurant - Chinese,-1,CA
55836,8/16/2014,Art Auction,-4.73,CA
55836,8/17/2014,Music Lessons - Piano,-14.28,CA
55836,8/17/2014,Bank Fee - Negative Balance,-33.77,CA
55836,8/17/2014,Ralph's Grocery Store,-31.59,CA
55836,8/17/2014,Art Auction,-84.33,CA
55836,8/18/2014,Music Lessons - Piano,-33.07,CA
55836,8/18/2014,Guitar Center,-38.05,CA
55836,8/18/2014,Music Lessons - Piano,-3,CA
55836,8/18/2014,Sprouts Market,-5.57,CA
55836,8/18/2014,Housing Rent - Late Fee,-20.47,CA
55836,8/18/2014,Public Transportation - Train Pass,-19.67,CA
55836,8/19/2014,Guitar Center,-22.73,CA
55836,8/19/2014,Bank Fee - Negative Balance,-12.75,CA
55836,8/20/2014,Lyft,-71.42,CA
55836,8/20/2014,Bank Fee - Negative Balance,-8.03,CA
55836,8/20/2014,Uber,-28.7,CA
55836,8/20/2014,Lyft,-3.41,CA
55836,8/21/2014,Amazon Order - Paint Canvas,-33.81,CA
55836,8/22/2014,Restaurant - Pizza,-2.47,CA
55836,8/22/2014,Ashley's Craft Store,-7.01,CA
55836,8/23/2014,Michael's Crafts,-20.04,CA
55836,8/24/2014,Food Delivery - GrubHub,-28.26,CA
55836,8/25/2014,Uber,-13.99,CA
55836,8/26/2014,Credit Card Overdraft Fee,-39.15,CA
55836,8/26/2014,Art Auction,-38.68,CA
55836,8/26/2014,Ralph's Grocery Store,-21.25,CA
55836,8/26/2014,Amazon Order - Paint Canvas,-36.2,CA
55836,8/27/2014,Painting Course Fees,-81.26,CA
55836,8/27/2014,Painting Course Fees,-4.51,CA
55836,8/28/2014,Ashley's Craft Store,-15.11,CA
55836,8/29/2014,Housing Rent - Late Fee,-45.06,CA
55836,8/29/2014,Von's Groceries,-39.82,CA
55836,8/29/2014,Public Transportation - Bus Pass,-29.52,CA
55836,8/29/2014,Ashley's Craft Store,-11.6,CA
55836,8/29/2014,Amazon Order - Paint Bushes,-12.28,CA
55836,8/29/2014,Guitar Center,-38.27,CA
55836,8/29/2014,Ashley's Craft Store,-30.04,CA
55836,8/29/2014,Taxi,-35.79,CA
55836,8/29/2014,Uber,-9.54,CA
55836,8/30/2014,Bank Fee - Negative Balance,-9.72,CA
55836,8/30/2014,Art's Art Supplies,-7.12,CA
55836,8/30/2014,Music Lessons - Piano,-18.44,CA
55836,8/30/2014,Amazon Order - Paint Canvas,-7.54,CA
55836,9/2/2014,Paycheck,4513,CA
55836,9/2/2014,Housing Rent,-1201,CA
55836,9/2/2014,Time Warner Cable,-25,CA
55836,9/2/2014,Gas & Electric,-32,CA
55836,9/2/2014,Amazon Order - Paint Canvas,-86.09,CA
55836,9/3/2014,Restaurant - Pizza,-94.37,CA
55836,9/3/2014,Michael's Crafts,-61.03,CA
55836,9/3/2014,Lyft,-10.1,CA
55836,9/4/2014,Sprouts Market,-4.75,CA
55836,9/4/2014,Michael's Crafts,-76.18,CA
55836,9/4/2014,Starbucks Coffee,-19.06,CA
55836,9/5/2014,Whole Foods,-27.11,CA
55836,9/5/2014,Amazon Order - Paint Canvas,-14.91,CA
55836,9/5/2014,Credit Card Overdraft Fee,-27.88,CA
55836,9/5/2014,Music Lessons - Piano,-14.82,CA
55836,9/5/2014,Mark's Movers,-33.31,CA
55836,9/5/2014,FedEx Shipping,-46.59,CA
55836,9/5/2014,Jerome's Furniture,-46.25,CA
55836,9/5/2014,Home Depot,-9.98,CA
55836,9/5/2014,Refrigerator Depot,-29.8,CA
55836,9/5/2014,Hamilton Move & Storage,-37.02,CA
55836,9/6/2014,Amazon Order - Paint Canvas,-7.31,CA
55836,9/6/2014,Lyft,-43.51,CA
55836,9/6/2014,Food Delivery - GrubHub,-26.72,CA
55836,9/7/2014,Art Auction,-34.63,CA
55836,9/7/2014,Public Transportation - Train Pass,-27.71,CA
55836,9/8/2014,Public Transportation - Bus Pass,-3.44,CA
55836,9/8/2014,Art's Art Supplies,-99.01,CA
55836,9/9/2014,Restaurant - Chinese,-27.41,CA
55836,9/9/2014,Starbucks Coffee,-115.51,CA
55836,9/10/2014,Guitar Center,-25.2,CA
55836,9/10/2014,Art Auction,-23.75,CA
55836,9/10/2014,Whole Foods,-90.86,CA
55836,9/10/2014,Water & Sewer - Late Payment Penalty,-11.75,CA
55836,9/10/2014,Art Auction,-29.93,CA
55836,9/10/2014,Painting Course Fees,-20.66,CA
55836,9/10/2014,Credit Card Overdraft Fee,-23.57,CA
55836,9/11/2014,Restaurant - Steakhouse,-26.72,CA
55836,9/11/2014,Michael's Crafts,-73.34,CA
55836,9/11/2014,Amazon Order - Paint Canvas,-14.23,CA
55836,9/12/2014,Restaurant - Steakhouse,-13.79,CA
55836,9/13/2014,Art Auction,-17.53,CA
55836,9/14/2014,Taxi,-24.32,CA
55836,9/14/2014,Whole Foods,-30.02,CA
55836,9/14/2014,Art's Art Supplies,-2.27,CA
55836,9/15/2014,Music Lessons - Piano,-12.07,CA
55836,9/15/2014,Art Auction,-26.39,CA
55836,9/15/2014,Painting Course Fees,-27.53,CA
55836,9/15/2014,Starbucks Coffee,-35.78,CA
55836,9/16/2014,Restaurant - Burgers,-38.33,CA
55836,9/16/2014,Von's Groceries,-34.71,CA
55836,9/16/2014,Ashley's Craft Store,-12.85,CA
55836,9/17/2014,Guitar Center,-18.29,CA
55836,9/18/2014,Public Transportation - Bus Pass,-31.92,CA
55836,9/19/2014,Taxi,-7.62,CA
55836,9/19/2014,Art Auction,-12.35,CA
55836,9/19/2014,Ashley's Craft Store,-13.78,CA
55836,9/19/2014,Taxi,-5.93,CA
55836,9/19/2014,Sprouts Market,-33.37,CA
55836,9/19/2014,Restaurant - Steakhouse,-10.62,CA
55836,9/19/2014,Food Delivery - GrubHub,-39.38,CA
55836,9/19/2014,Ashley's Craft Store,-94.28,CA
55836,9/19/2014,Lyft,-75.97,CA
55836,9/19/2014,Von's Groceries,-34.17,CA
55836,9/19/2014,Food Delivery - GrubHub,-36.69,CA
55836,9/19/2014,Painting Course Fees,-34.44,CA
55836,9/19/2014,Art's Art Supplies,-42.12,CA
55836,9/19/2014,Amazon Order - Paint Canvas,-19.89,CA
55836,9/20/2014,Housing Rent - Late Fee,-6.94,CA
55836,9/21/2014,Michael's Crafts,-55.24,CA
55836,9/21/2014,Housing Rent - Late Fee,-10.13,CA
55836,9/21/2014,Amazon Order - Paint Canvas,-8.5,CA
55836,9/21/2014,Taxi,-17.11,CA
55836,9/22/2014,Restaurant - Steakhouse,-38.26,CA
55836,9/22/2014,Painting Course Fees,-1.35,CA
55836,9/22/2014,Amazon Order - Paint Bushes,-22.63,CA
55836,9/22/2014,Art's Art Supplies,-19.69,CA
55836,9/23/2014,Lyft,-109.99,CA
55836,9/24/2014,Guitar Center,-23.54,CA
55836,9/24/2014,Guitar Center,-26.4,CA
55836,9/25/2014,Painting Course Fees,-20.1,CA
55836,9/26/2014,Lyft,-28.73,CA
55836,9/26/2014,Public Transportation - Bus Pass,-25.32,CA
55836,9/27/2014,Amazon Order - Paint Bushes,-38.9,CA
55836,9/27/2014,Uber,-37.8,CA
55836,9/28/2014,Ashley's Craft Store,-23.93,CA
55836,9/28/2014,Painting Course Fees,-21.45,CA
55836,9/28/2014,Public Transportation - Bus Pass,-27.56,CA
55836,9/29/2014,Public Transportation - Bus Pass,-18.03,CA
55836,9/30/2014,Starbucks Coffee,-15.02,CA
55836,9/30/2014,Restaurant - Steakhouse,-22.57,CA
55836,9/30/2014,Amazon Order - Paint Bushes,-99.84,CA
55836,9/30/2014,Public Transportation - Train Pass,-36.94,CA
55836,9/30/2014,Art Auction,-34.09,CA
55836,9/30/2014,Art Auction,-35.4,CA
55836,10/2/2014,Paycheck,4513,CA
55836,10/2/2014,Housing Rent,-952,CA
55836,10/2/2014,Time Warner Cable,-25,CA
55836,10/2/2014,Gas & Electric,-32,CA
55836,10/2/2014,Von's Groceries,-40.15,CA
55836,10/2/2014,Public Transportation - Train Pass,-31.49,CA
55836,10/3/2014,Amazon Order - Paint Canvas,-35.39,CA
55836,10/4/2014,Michael's Crafts,-44.98,CA
55836,10/4/2014,Guitar Center,-12.34,CA
55836,10/4/2014,Amazon Order - Paint Canvas,-8.16,CA
55836,10/5/2014,Michael's Crafts,-32.47,CA
55836,10/5/2014,Taxi,-2.48,CA
55836,10/5/2014,Restaurant - Pizza,-37.25,CA
55836,10/5/2014,Ralph's Grocery Store,-11.05,CA
55836,10/5/2014,Public Transportation - Train Pass,-52.06,CA
55836,10/5/2014,Amazon Order - Paint Canvas,-30.61,CA
55836,10/5/2014,Amazon Order - Paint Bushes,-24.53,CA
55836,10/6/2014,Lyft,-1.09,CA
55836,10/6/2014,Art's Art Supplies,-18.19,CA
55836,10/6/2014,Art Auction,-1.04,CA
55836,10/7/2014,Public Transportation - Train Pass,-22.52,CA
55836,10/7/2014,Painting Course Fees,-40.6,CA
55836,10/8/2014,Amazon Order - Paint Bushes,-14.16,CA
55836,10/8/2014,Von's Groceries,-30.95,CA
55836,10/8/2014,Guitar Center,-40.24,CA
55836,10/8/2014,Water & Sewer - Late Payment Penalty,-11.06,CA
55836,10/8/2014,Michael's Crafts,-17.19,CA
55836,10/8/2014,Taxi,-10.47,CA
55836,10/8/2014,Uber,-23.78,CA
55836,10/8/2014,Amazon Order - Paint Bushes,-20.62,CA
55836,10/8/2014,Restaurant - Chinese,-76.38,CA
55836,10/8/2014,Restaurant - Burgers,-24.62,CA
55836,10/9/2014,Amazon Order - Paint Bushes,-87.5,CA
55836,10/9/2014,Painting Course Fees,-30.69,CA
55836,10/10/2014,Amazon Order - Paint Canvas,-96.76,CA
55836,10/10/2014,Restaurant - Burgers,-3.72,CA
55836,10/10/2014,Painting Course Fees,-36.36,CA
55836,10/11/2014,Michael's Crafts,-31.16,CA
55836,10/11/2014,Public Transportation - Bus Pass,-11.84,CA
55836,10/12/2014,Music Lessons - Piano,-0.66,CA
55836,10/13/2014,Sprouts Market,-15.11,CA
55836,10/14/2014,Music Lessons - Piano,-39.04,CA
55836,10/14/2014,Ashley's Craft Store,-28.8,CA
55836,10/15/2014,Amazon Order - Paint Bushes,-37.18,CA
55836,10/15/2014,Amazon Order - Paint Bushes,-12.44,CA
55836,10/16/2014,Starbucks Coffee,-28.56,CA
55836,10/17/2014,Music Lessons - Piano,-6.86,CA
55836,10/17/2014,Music Lessons - Piano,-81.09,CA
55836,10/18/2014,Uber,-3.56,CA
55836,10/19/2014,Ashley's Craft Store,-26.34,CA
55836,10/20/2014,Michael's Crafts,-36.15,CA
55836,10/21/2014,Music Lessons - Piano,-27.34,CA
55836,10/22/2014,Amazon Order - Paint Bushes,-54.14,CA
55836,10/23/2014,Starbucks Coffee,-73.72,CA
55836,10/23/2014,Music Lessons - Piano,-60.71,CA
55836,10/23/2014,Taxi,-9.16,CA
55836,10/24/2014,Art Auction,-24.69,CA
55836,10/24/2014,Restaurant - Chinese,-23.55,CA
55836,10/24/2014,Food Delivery - GrubHub,-11.06,CA
55836,10/25/2014,Public Transportation - Train Pass,-84.51,CA
55836,10/26/2014,Food Delivery - GrubHub,-0.66,CA
55836,10/26/2014,Michael's Crafts,-10.46,CA
55836,10/26/2014,Starbucks Coffee,-21.03,CA
55836,10/26/2014,Music Lessons - Piano,-17.25,CA
55836,10/26/2014,Taxi,-15.38,CA
55836,10/26/2014,Michael's Crafts,-33.38,CA
55836,10/27/2014,Whole Foods,-16.55,CA
55836,10/27/2014,Bank Fee - Negative Balance,-8.72,CA
55836,10/27/2014,Credit Card Overdraft Fee,-0.62,CA
55836,10/27/2014,Uber,-19.64,CA
55836,10/27/2014,Music Lessons - Piano,-25.94,CA
55836,10/28/2014,Amazon Order - Paint Bushes,-109.48,CA
55836,10/28/2014,Painting Course Fees,-3.46,CA
55836,10/29/2014,Uber,-3.11,CA
55836,10/30/2014,Uber,-81.64,CA
55836,10/30/2014,Credit Card Overdraft Fee,-7.18,CA
55836,10/30/2014,Art Auction,-20.91,CA
55836,10/30/2014,Michael's Crafts,-29.53,CA
55836,10/30/2014,Public Transportation - Bus Pass,-4.9,CA
55836,10/30/2014,Von's Groceries,-35.61,CA
55836,10/30/2014,Credit Card Overdraft Fee,-10.36,CA
55836,10/30/2014,Restaurant - Steakhouse,-3.35,CA
55836,10/30/2014,Amazon Order - Paint Canvas,-21.47,CA
55836,11/2/2014,Paycheck,4513,CA
55836,11/2/2014,Housing Rent,-1112,CA
55836,11/2/2014,Time Warner Cable,-25,CA
55836,11/2/2014,Gas & Electric,-32,CA
55836,11/2/2014,Amazon Order - Paint Canvas,-37.33,CA
55836,11/2/2014,Michael's Crafts,-5.5,CA
55836,11/2/2014,Water & Sewer - Late Payment Penalty,-4.69,CA
55836,11/2/2014,Amazon Order - Paint Canvas,-15.91,CA
55836,11/2/2014,Lyft,-29.74,CA
55836,11/2/2014,Painting Course Fees,-28.72,CA
55836,11/2/2014,Restaurant - Pizza,-11.72,CA
55836,11/2/2014,Music Lessons - Piano,-8.05,CA
55836,11/3/2014,Uber,-26.51,CA
55836,11/3/2014,Music Lessons - Piano,-90.95,CA
55836,11/3/2014,Art Auction,-23.62,CA
55836,11/3/2014,Taxi,-29.55,CA
55836,11/4/2014,Art's Art Supplies,-85.55,CA
55836,11/4/2014,Taxi,-104.09,CA
55836,11/4/2014,Ashley's Craft Store,-1.79,CA
55836,11/4/2014,Restaurant - Chinese,-18.4,CA
55836,11/4/2014,Public Transportation - Bus Pass,-39.87,CA
55836,11/5/2014,Amazon Order - Paint Bushes,-0.35,CA
55836,11/6/2014,Whole Foods,-0.82,CA
55836,11/6/2014,Water & Sewer - Late Payment Penalty,-62.75,CA
55836,11/6/2014,Amazon Order - Paint Bushes,-27.78,CA
55836,11/7/2014,Ashley's Craft Store,-8.26,CA
55836,11/8/2014,Painting Course Fees,-13.54,CA
55836,11/8/2014,Guitar Center,-17.3,CA
55836,11/8/2014,Restaurant - Burgers,-6.61,CA
55836,11/8/2014,Public Transportation - Train Pass,-30.06,CA
55836,11/9/2014,Credit Card Overdraft Fee,-93.93,CA
55836,11/9/2014,Painting Course Fees,-23.35,CA
55836,11/9/2014,Ashley's Craft Store,-5.02,CA
55836,11/9/2014,Lyft,-1.49,CA
55836,11/9/2014,Ashley's Craft Store,-1.5,CA
55836,11/9/2014,Public Transportation - Bus Pass,-16.58,CA
55836,11/10/2014,Von's Groceries,-51.2,CA
55836,11/10/2014,Ashley's Craft Store,-14.61,CA
55836,11/10/2014,Housing Rent - Late Fee,-32.17,CA
55836,11/10/2014,Michael's Crafts,-8.48,CA
55836,11/10/2014,Amazon Order - Paint Canvas,-60.02,CA
55836,11/10/2014,Food Delivery - GrubHub,-22.44,CA
55836,11/10/2014,Public Transportation - Train Pass,-14.75,CA
55836,11/10/2014,Uber,-7.43,CA
55836,11/10/2014,Amazon Order - Paint Canvas,-33.46,CA
55836,11/10/2014,Art Auction,-17.81,CA
55836,11/10/2014,Taxi,-13.8,CA
55836,11/10/2014,Ashley's Craft Store,-0.71,CA
55836,11/10/2014,Art's Art Supplies,-32.14,CA
55836,11/11/2014,Michael's Crafts,-21.02,CA
55836,11/12/2014,Art's Art Supplies,-6.44,CA
55836,11/12/2014,Water & Sewer - Late Payment Penalty,-5.53,CA
55836,11/12/2014,Art's Art Supplies,-9.39,CA
55836,11/13/2014,Public Transportation - Bus Pass,-27.32,CA
55836,11/14/2014,Time Warne Cable - Late Payment Fee,-10.85,CA
55836,11/15/2014,Amazon Order - Paint Bushes,-10.63,CA
55836,11/15/2014,Michael's Crafts,-32.73,CA
55836,11/15/2014,Public Transportation - Train Pass,-2.65,CA
55836,11/16/2014,Time Warne Cable - Late Payment Fee,-29.7,CA
55836,11/16/2014,Guitar Center,-29.66,CA
55836,11/16/2014,Uber,-33.22,CA
55836,11/16/2014,Credit Card Overdraft Fee,-11.76,CA
55836,11/17/2014,Art's Art Supplies,-40.69,CA
55836,11/17/2014,Public Transportation - Train Pass,-19.41,CA
55836,11/17/2014,Art's Art Supplies,-4.18,CA
55836,11/17/2014,Sprouts Market,-13.99,CA
55836,11/17/2014,Art's Art Supplies,-90.47,CA
55836,11/17/2014,Amazon Order - Paint Canvas,-15.62,CA
55836,11/17/2014,Michael's Crafts,-29.32,CA
55836,11/17/2014,Michael's Crafts,-34.37,CA
55836,11/17/2014,Housing Rent - Late Fee,-23,CA
55836,11/18/2014,Restaurant - Steakhouse,-32.27,CA
55836,11/18/2014,Art's Art Supplies,-33.92,CA
55836,11/18/2014,Guitar Center,-37,CA
55836,11/18/2014,Lyft,-25.44,CA
55836,11/18/2014,Restaurant - Chinese,-51.99,CA
55836,11/19/2014,Ashley's Craft Store,-8.08,CA
55836,11/19/2014,Credit Card Overdraft Fee,-61.39,CA
55836,11/19/2014,Amazon Order - Paint Bushes,-0.28,CA
55836,11/20/2014,Public Transportation - Train Pass,-84.97,CA
55836,11/21/2014,Ashley's Craft Store,-3.02,CA
55836,11/22/2014,Von's Groceries,-6.13,CA
55836,11/23/2014,Amazon Order - Paint Canvas,-3.73,CA
55836,11/24/2014,Food Delivery - GrubHub,-20.57,CA
55836,11/24/2014,Restaurant - Steakhouse,-1.93,CA
55836,11/24/2014,Painting Course Fees,-104.96,CA
55836,11/24/2014,Restaurant - Pizza,-119.31,CA
55836,11/24/2014,Von's Groceries,-0.66,CA
55836,11/24/2014,Restaurant - Pizza,-69.04,CA
55836,11/25/2014,Painting Course Fees,-0.61,CA
55836,11/26/2014,Restaurant - Pizza,-98.01,CA
55836,11/26/2014,Amazon Order - Paint Canvas,-22.41,CA
55836,11/26/2014,Lyft,-9.89,CA
55836,11/26/2014,Public Transportation - Bus Pass,-29.88,CA
55836,11/26/2014,Ashley's Craft Store,-11.91,CA
55836,11/26/2014,Painting Course Fees,-19.21,CA
55836,11/26/2014,Housing Rent - Late Fee,-11.8,CA
55836,11/27/2014,Taxi,-42.55,CA
55836,11/28/2014,Guitar Center,-31.49,CA
55836,11/28/2014,Public Transportation - Bus Pass,-23.75,CA
55836,11/28/2014,Painting Course Fees,-14.87,CA
55836,11/28/2014,Uber,-29.65,CA
55836,11/29/2014,Food Delivery - GrubHub,-33.62,CA
55836,11/29/2014,Art's Art Supplies,-25.41,CA
55836,11/29/2014,Housing Rent - Late Fee,-23.24,CA
55836,11/29/2014,Guitar Center,-9.7,CA
55836,11/29/2014,Food Delivery - GrubHub,-2.11,CA
55836,11/29/2014,Art's Art Supplies,-66.33,CA
55836,11/30/2014,Music Lessons - Piano,-8.56,CA
55836,12/2/2014,Paycheck,4513,CA
55836,12/2/2014,Housing Rent,-1209,CA
55836,12/2/2014,Time Warner Cable,-25,CA
55836,12/2/2014,Gas & Electric,-32,CA
55836,12/2/2014,Whole Foods,-24.12,CA
55836,12/3/2014,Public Transportation - Bus Pass,-28.04,CA
55836,12/3/2014,Amazon Order - Paint Canvas,-12.04,CA
55836,12/3/2014,Ralph's Grocery Store,-9.91,CA
55836,12/3/2014,Amazon Order - Paint Canvas,-11.95,CA
55836,12/3/2014,Art Auction,-5.26,CA
55836,12/3/2014,Art's Art Supplies,-31.79,CA
55836,12/3/2014,Taxi,-24.99,CA
55836,12/3/2014,Art Auction,-74.15,CA
55836,12/3/2014,Uber,-28.75,CA
55836,12/3/2014,Restaurant - Burgers,-32.92,CA
55836,12/3/2014,Guitar Center,-7.87,CA
55836,12/3/2014,Painting Course Fees,-39.44,CA
55836,12/3/2014,Public Transportation - Train Pass,-14.8,CA
55836,12/3/2014,Public Transportation - Train Pass,-10.96,CA
55836,12/3/2014,Amazon Order - Paint Bushes,-34.43,CA
55836,12/4/2014,Art Auction,-14.36,CA
55836,12/4/2014,Michael's Crafts,-8.42,CA
55836,12/4/2014,Food Delivery - GrubHub,-15.97,CA
55836,12/4/2014,Painting Course Fees,-23.84,CA
55836,12/4/2014,Art Auction,-16.73,CA
55836,12/4/2014,Public Transportation - Bus Pass,-11.1,CA
55836,12/4/2014,Taxi,-118.43,CA
55836,12/4/2014,Art's Art Supplies,-19.99,CA
55836,12/4/2014,Amazon Order - Paint Bushes,-7.77,CA
55836,12/4/2014,Painting Course Fees,-18.14,CA
55836,12/4/2014,Music Lessons - Piano,-28.55,CA
55836,12/4/2014,Art Auction,-13.74,CA
55836,12/4/2014,Art's Art Supplies,-93.63,CA
55836,12/4/2014,Uber,-85.7,CA
55836,12/4/2014,Ashley's Craft Store,-7.32,CA
55836,12/4/2014,Michael's Crafts,-21.01,CA
55836,12/5/2014,Painting Course Fees,-118.62,CA
55836,12/6/2014,Amazon Order - Paint Bushes,-39.76,CA
55836,12/6/2014,Music Lessons - Piano,-35.1,CA
55836,12/6/2014,Housing Rent - Late Fee,-37.57,CA
55836,12/7/2014,Restaurant - Burgers,-33.21,CA
55836,12/7/2014,Music Lessons - Piano,-74.98,CA
55836,12/7/2014,Ashley's Craft Store,-106.11,CA
55836,12/7/2014,Taxi,-9.91,CA
55836,12/8/2014,Amazon Order - Paint Canvas,-1.93,CA
55836,12/8/2014,Amazon Order - Paint Bushes,-5.78,CA
55836,12/9/2014,Housing Rent - Late Fee,-2.74,CA
55836,12/9/2014,Von's Groceries,-26.43,CA
55836,12/9/2014,Starbucks Coffee,-16.04,CA
55836,12/9/2014,Sprouts Market,-25.12,CA
55836,12/10/2014,Restaurant - Burgers,-66.52,CA
55836,12/10/2014,Ashley's Craft Store,-50.41,CA
55836,12/11/2014,Taxi,-16.11,CA
55836,12/11/2014,Music Lessons - Piano,-55.79,CA
55836,12/12/2014,Public Transportation - Bus Pass,-27.5,CA
55836,12/13/2014,Public Transportation - Bus Pass,-36.15,CA
55836,12/13/2014,Ashley's Craft Store,-30.4,CA
55836,12/14/2014,Public Transportation - Train Pass,-34.41,CA
55836,12/15/2014,Restaurant - Pizza,-62.55,CA
55836,12/16/2014,Public Transportation - Bus Pass,-55.9,CA
55836,12/16/2014,Ashley's Craft Store,-6.11,CA
55836,12/16/2014,Ralph's Grocery Store,-22.11,CA
55836,12/17/2014,Public Transportation - Train Pass,-20.09,CA
55836,12/17/2014,Uber,-34.71,CA
55836,12/18/2014,Amazon Order - Paint Bushes,-55.68,CA
55836,12/18/2014,Taxi,-7.14,CA
55836,12/18/2014,Music Lessons - Piano,-21.62,CA
55836,12/18/2014,Amazon Order - Paint Bushes,-66.6,CA
55836,12/18/2014,Michael's Crafts,-26.36,CA
55836,12/19/2014,Sprouts Market,-38.59,CA
55836,12/19/2014,Art Auction,-9.91,CA
55836,12/19/2014,Public Transportation - Train Pass,-112.53,CA
55836,12/19/2014,Amazon Order - Paint Canvas,-75.23,CA
55836,12/20/2014,Public Transportation - Bus Pass,-14.58,CA
55836,12/20/2014,Sprouts Market,-35.06,CA
55836,12/20/2014,Guitar Center,-9.7,CA
55836,12/21/2014,Restaurant - Burgers,-69.08,CA
55836,12/22/2014,Amazon Order - Paint Canvas,-31.91,CA
55836,12/23/2014,Art's Art Supplies,-2.48,CA
55836,12/23/2014,Art Auction,-54.79,CA
55836,12/24/2014,Ralph's Grocery Store,-9.24,CA
55836,12/25/2014,Public Transportation - Bus Pass,-23.9,CA
55836,12/26/2014,Lyft,-48.4,CA
55836,12/26/2014,Amazon Order - Paint Bushes,-90.84,CA
55836,12/26/2014,Art Auction,-31.5,CA
55836,12/27/2014,Amazon Order - Paint Bushes,-53.32,CA
55836,12/27/2014,Amazon Order - Paint Bushes,-12.26,CA
55836,12/27/2014,Bank Fee - Negative Balance,-31.38,CA
55836,12/28/2014,Von's Groceries,-91.03,CA
55836,12/28/2014,Restaurant - Chinese,-17.02,CA
55836,12/28/2014,Art Auction,-13.14,CA
55836,12/28/2014,Art Auction,-16.85,CA
55836,12/29/2014,Restaurant - Burgers,-79.96,CA
55836,12/29/2014,Restaurant - Chinese,-18.23,CA
55836,12/30/2014,Art Auction,-23.55,CA
55836,12/30/2014,Michael's Crafts,-23.9,CA
55836,12/30/2014,Amazon Order - Paint Canvas,-16.03,CA
55836,12/30/2014,Sprouts Market,-11.16,CA
55836,12/30/2014,Whole Foods,-115.17,CA
55836,12/30/2014,Painting Course Fees,-19.76,CA
55836,12/30/2014,Public Transportation - Train Pass,-20.89,CA
55836,12/30/2014,Public Transportation - Bus Pass,-16.77,CA
55836,12/32/2014,Art Auction,-29.93,CA
55836,12/32/2014,Painting Course Fees,-46.47,CA
55836,12/32/2014,Public Transportation - Train Pass,-6.74,CA
55836,12/32/2014,Public Transportation - Train Pass,-37.34,CA
