auth_id, Date, Vendor, Amount, Location 
35187,1/2/2013,Taxi,-15.64,CA
35187,1/2/2013,Total Gym Fees,-9.66,CA
35187,1/2/2013,Sam's Sporting Apparel,-12.49,CA
35187,1/2/2013,Athletic Apparel,-39.18,CA
35187,1/2/2013,Public Transportation - Bus Pass,-37.67,CA
35187,1/2/2013,NFL Ticket - Chargers,-26.27,CA
35187,1/2/2013,Whole Foods,-6.87,CA
35187,1/2/2013,Sam's Sporting Apparel,-3.48,CA
35187,1/2/2013,GNC,-35.41,CA
35187,1/2/2013,Taxi,-39.24,CA
35187,1/3/2013,Public Transportation - Train Pass,-5.88,CA
35187,1/3/2013,Amazon Order - Athletic Equipment,-39.14,CA
35187,1/3/2013,Restaurant - Chinese,-8.52,CA
35187,1/4/2013,NBA Ticket - Lakers,-10.1,CA
35187,1/4/2013,NFL Ticket - Chargers,-33.95,CA
35187,1/4/2013,Taxi,-36.05,CA
35187,1/4/2013,Sam's Sporting Apparel,-9.63,CA
35187,1/4/2013,Bike Rental,-42.44,CA
35187,1/5/2013,Public Transportation - Train Pass,-2.14,CA
35187,1/5/2013,NFL Ticket - Chargers,-23.23,CA
35187,1/5/2013,NFL Ticket - Chargers,-13.66,CA
35187,1/5/2013,Uber,-109.92,CA
35187,1/5/2013,Lyft,-41.27,CA
35187,1/6/2013,GNC,-2.67,CA
35187,1/6/2013,NBA Ticket - Lakers,-4.14,CA
35187,1/6/2013,Lyft,-23.31,CA
35187,1/6/2013,Vitamin Shoppe,-38.58,CA
35187,1/6/2013,Sprouts Market,-24.77,CA
35187,1/6/2013,Athletic Apparel,-34.17,CA
35187,1/6/2013,Restaurant - Steakhouse,-25.51,CA
35187,1/6/2013,Lyft,-27.82,CA
35187,1/7/2013,Bike Rental,-29.98,CA
35187,1/8/2013,GNC,-31.09,CA
35187,1/9/2013,Sam's Sporting Apparel,-7.77,CA
35187,1/10/2013,Food Delivery - GrubHub,-24.31,CA
35187,1/11/2013,Uber,-24.62,CA
35187,1/11/2013,Bike Rental,-37.97,CA
35187,1/11/2013,GNC,-34.97,CA
35187,1/12/2013,Vitamin Shoppe,-27.54,CA
35187,1/12/2013,Dick's Sporting Goods,-58.7,CA
35187,1/13/2013,Restaurant - Steakhouse,-13.64,CA
35187,1/13/2013,Restaurant - Chinese,-29.42,CA
35187,1/13/2013,GNC,-19.55,CA
35187,1/14/2013,Public Transportation - Train Pass,-27.71,CA
35187,1/15/2013,Von's Groceries,-3.31,CA
35187,1/15/2013,Taxi,-116.38,CA
35187,1/15/2013,NBA Ticket - Lakers,-30.34,CA
35187,1/15/2013,Bike Rental,-84.01,CA
35187,1/16/2013,NFL Ticket - Chargers,-28.21,CA
35187,1/17/2013,NBA Ticket - Lakers,-29.55,CA
35187,1/17/2013,Sam's Sporting Apparel,-0.12,CA
35187,1/18/2013,Vitamin Shoppe,-107.59,CA
35187,1/18/2013,Von's Groceries,-28.9,CA
35187,1/18/2013,Whole Foods,-25.25,CA
35187,1/19/2013,Uber,-2.83,CA
35187,1/19/2013,NBA Ticket - Lakers,-8.98,CA
35187,1/20/2013,Von's Groceries,-12.19,CA
35187,1/21/2013,NFL Ticket - Chargers,-7.32,CA
35187,1/21/2013,NBA Ticket - Lakers,-14.78,CA
35187,1/21/2013,Athletic Apparel,-56.78,CA
35187,1/22/2013,Whole Foods,-8.09,CA
35187,1/23/2013,Bike Rental,-23.35,CA
35187,1/23/2013,Sam's Sporting Apparel,-2.47,CA
35187,1/23/2013,Vitamin Shoppe,-23.27,CA
35187,1/23/2013,Sam's Sporting Apparel,-23.53,CA
35187,1/24/2013,Restaurant - Steakhouse,-1.6,CA
35187,1/24/2013,Uber,-12.04,CA
35187,1/24/2013,Starbucks Coffee,-8.1,CA
35187,1/25/2013,GNC,-34.66,CA
35187,1/26/2013,NFL Ticket - Chargers,-109.89,CA
35187,1/26/2013,Taxi,-24.1,CA
35187,1/26/2013,Restaurant - Steakhouse,-15.89,CA
35187,1/26/2013,Amazon Order - Athletic Equipment,-11.51,CA
35187,1/27/2013,Von's Groceries,-8.31,CA
35187,1/28/2013,Total Gym Fees,-19.79,CA
35187,1/29/2013,Public Transportation - Train Pass,-35.3,CA
35187,1/29/2013,Public Transportation - Bus Pass,-25.82,CA
35187,1/29/2013,Public Transportation - Bus Pass,-32.91,CA
35187,1/29/2013,Public Transportation - Bus Pass,-21.71,CA
35187,1/29/2013,Sam's Sporting Apparel,-16.5,CA
35187,1/30/2013,Bike Rental,-16.16,CA
35187,3/2/2013,Housing Rent,-969,CA
35187,3/2/2013,ACS - Student Loans,-135,CA
35187,3/2/2013,Gas & Electric,-32,CA
35187,3/2/2013,Navient - Student Loans,-197,CA
35187,3/2/2013,Credit Card Payment,-154,CA
35187,3/2/2013,Water & Sewer,-53,CA
35187,3/2/2013,NBA Ticket - Lakers,-96.92,CA
35187,3/2/2013,Dick's Sporting Goods,-113.99,CA
35187,3/3/2013,Public Transportation - Train Pass,-31.09,CA
35187,3/3/2013,Athletic Apparel,-2.08,CA
35187,3/4/2013,Bike Rental,-33.55,CA
35187,3/5/2013,Lyft,-8.95,CA
35187,3/5/2013,Uber,-3.45,CA
35187,3/5/2013,Sprouts Market,-8.75,CA
35187,3/6/2013,Food Delivery - GrubHub,-89.64,CA
35187,3/6/2013,Lyft,-20.27,CA
35187,3/6/2013,Vitamin Shoppe,-36.99,CA
35187,3/6/2013,Sprouts Market,-38.22,CA
35187,3/7/2013,GNC,-49.97,CA
35187,3/8/2013,Restaurant - Steakhouse,-19.06,CA
35187,3/8/2013,NBA Ticket - Lakers,-6,CA
35187,3/8/2013,Starbucks Coffee,-40.66,CA
35187,3/8/2013,Restaurant - Steakhouse,-21.84,CA
35187,3/8/2013,Uber,-2.68,CA
35187,3/8/2013,Athletic Apparel,-100.94,CA
35187,3/8/2013,Dick's Sporting Goods,-33.26,CA
35187,3/8/2013,Dick's Sporting Goods,-11.78,CA
35187,3/9/2013,Ralph's Grocery Store,-38.94,CA
35187,3/10/2013,Uber,-92.61,CA
35187,3/10/2013,GNC,-3.42,CA
35187,3/10/2013,Food Delivery - GrubHub,-100.94,CA
35187,3/10/2013,Restaurant - Burgers,-0.89,CA
35187,3/10/2013,Uber,-25.38,CA
35187,3/10/2013,GNC,-11.37,CA
35187,3/10/2013,NFL Ticket - Chargers,-27.64,CA
35187,3/10/2013,Sprouts Market,-32.72,CA
35187,3/10/2013,Vitamin Shoppe,-113.18,CA
35187,3/11/2013,GNC,-39.09,CA
35187,3/12/2013,Amazon Order - Athletic Equipment,-29.34,CA
35187,3/13/2013,Public Transportation - Train Pass,-21.32,CA
35187,3/13/2013,Public Transportation - Train Pass,-2.73,CA
35187,3/14/2013,GNC,-16.14,CA
35187,3/14/2013,Public Transportation - Bus Pass,-23.61,CA
35187,3/14/2013,Dick's Sporting Goods,-36.58,CA
35187,3/14/2013,Whole Foods,-36.26,CA
35187,3/14/2013,Sam's Sporting Apparel,-9.55,CA
35187,3/14/2013,NBA Ticket - Lakers,-6.63,CA
35187,3/15/2013,Amazon Order - Athletic Equipment,-22.52,CA
35187,3/15/2013,Vitamin Shoppe,-10.92,CA
35187,3/16/2013,Dick's Sporting Goods,-33.02,CA
35187,3/16/2013,Vitamin Shoppe,-31.63,CA
35187,3/17/2013,Total Gym Fees,-47.5,CA
35187,3/18/2013,Sprouts Market,-0.08,CA
35187,3/19/2013,Von's Groceries,-82.96,CA
35187,3/20/2013,Dick's Sporting Goods,-16.94,CA
35187,3/20/2013,Dick's Sporting Goods,-18.43,CA
35187,3/20/2013,NBA Ticket - Lakers,-96.12,CA
35187,3/21/2013,NBA Ticket - Lakers,-40.65,CA
35187,3/21/2013,Sam's Sporting Apparel,-13.49,CA
35187,3/21/2013,Bike Rental,-27.53,CA
35187,3/21/2013,Bike Rental,-49.03,CA
35187,3/21/2013,Sam's Sporting Apparel,-8.18,CA
35187,3/21/2013,Bike Rental,-7.26,CA
35187,3/21/2013,Sam's Sporting Apparel,-24.89,CA
35187,3/21/2013,Bike Rental,-3.02,CA
35187,3/21/2013,Amazon Order - Athletic Equipment,-10.42,CA
35187,3/21/2013,GNC,-20.1,CA
35187,3/21/2013,NBA Ticket - Lakers,-39.62,CA
35187,3/21/2013,Total Gym Fees,-15.94,CA
35187,3/22/2013,Restaurant - Pizza,-21.19,CA
35187,3/22/2013,Taxi,-9.46,CA
35187,3/23/2013,Lyft,-36.09,CA
35187,3/23/2013,Dick's Sporting Goods,-28.14,CA
35187,3/23/2013,Lyft,-32.03,CA
35187,3/23/2013,Amazon Order - Athletic Equipment,-91.3,CA
35187,3/23/2013,Public Transportation - Train Pass,-34.02,CA
35187,3/23/2013,Total Gym Fees,-34.14,CA
35187,3/23/2013,Lyft,-95.03,CA
35187,3/24/2013,Ralph's Grocery Store,-15.15,CA
35187,3/25/2013,Total Gym Fees,-11.56,CA
35187,3/26/2013,Bike Rental,-2.05,CA
35187,3/26/2013,Taxi,-65.6,CA
35187,3/26/2013,Ralph's Grocery Store,-30.58,CA
35187,3/26/2013,Amazon Order - Athletic Equipment,-21.92,CA
35187,3/26/2013,Athletic Apparel,-34.3,CA
35187,3/26/2013,Bike Rental,-2.3,CA
35187,3/26/2013,Sam's Sporting Apparel,-13.22,CA
35187,3/26/2013,Restaurant - Pizza,-7.9,CA
35187,3/26/2013,Total Gym Fees,-17.57,CA
35187,3/26/2013,Total Gym Fees,-33.43,CA
35187,3/26/2013,Athletic Apparel,-38.48,CA
35187,3/27/2013,NBA Ticket - Lakers,-32.17,CA
35187,3/27/2013,Food Delivery - GrubHub,-60.25,CA
35187,3/27/2013,Restaurant - Steakhouse,-16.38,CA
35187,3/28/2013,Amazon Order - Athletic Equipment,-38.86,CA
35187,3/28/2013,Vitamin Shoppe,-24.16,CA
35187,3/28/2013,NBA Ticket - Lakers,-33.06,CA
35187,3/28/2013,Athletic Apparel,-11.48,CA
35187,3/28/2013,Vitamin Shoppe,-20.16,CA
35187,3/28/2013,Total Gym Fees,-37.64,CA
35187,3/28/2013,Lyft,-29.04,CA
35187,3/28/2013,Restaurant - Pizza,-17.34,CA
35187,3/28/2013,Public Transportation - Bus Pass,-29.62,CA
35187,3/28/2013,Athletic Apparel,-34.39,CA
35187,3/28/2013,Taxi,-39.1,CA
35187,3/28/2013,Bike Rental,-83.23,CA
35187,3/29/2013,Athletic Apparel,-27.46,CA
35187,3/29/2013,Von's Groceries,-23.99,CA
35187,3/29/2013,Lyft,-23.85,CA
35187,3/29/2013,NBA Ticket - Lakers,-5.33,CA
35187,3/29/2013,Public Transportation - Bus Pass,-113.55,CA
35187,3/29/2013,Taxi,-12.67,CA
35187,3/29/2013,Athletic Apparel,-24.56,CA
35187,3/29/2013,Amazon Order - Athletic Equipment,-19.68,CA
35187,3/29/2013,Total Gym Fees,-82.17,CA
35187,3/29/2013,Vitamin Shoppe,-110.04,CA
35187,3/29/2013,Total Gym Fees,-35.15,CA
35187,3/30/2013,Amazon Order - Athletic Equipment,-39.15,CA
35187,4/2/2013,Housing Rent,-893,CA
35187,4/2/2013,ACS - Student Loans,-135,CA
35187,4/2/2013,Gas & Electric,-32,CA
35187,4/2/2013,Navient - Student Loans,-197,CA
35187,4/2/2013,Credit Card Payment,-154,CA
35187,4/2/2013,Water & Sewer,-53,CA
35187,4/2/2013,Dick's Sporting Goods,-33.74,CA
35187,4/2/2013,Uber,-88.09,CA
35187,4/2/2013,Athletic Apparel,-83.9,CA
35187,4/2/2013,Total Gym Fees,-9.95,CA
35187,4/3/2013,Vitamin Shoppe,-66.15,CA
35187,4/3/2013,Athletic Apparel,-26.76,CA
35187,4/4/2013,Uber,-7.02,CA
35187,4/4/2013,Von's Groceries,-1.57,CA
35187,4/4/2013,Sam's Sporting Apparel,-20.14,CA
35187,4/4/2013,Dick's Sporting Goods,-17.35,CA
35187,4/4/2013,Athletic Apparel,-21.18,CA
35187,4/5/2013,Total Gym Fees,-0.57,CA
35187,4/6/2013,Public Transportation - Train Pass,-33.19,CA
35187,4/6/2013,GNC,-22.01,CA
35187,4/7/2013,Lyft,-32.69,CA
35187,4/8/2013,Von's Groceries,-37.83,CA
35187,4/9/2013,Total Gym Fees,-27.98,CA
35187,4/10/2013,Vitamin Shoppe,-34.34,CA
35187,4/10/2013,Ralph's Grocery Store,-85.88,CA
35187,4/10/2013,Lyft,-15.14,CA
35187,4/11/2013,Restaurant - Burgers,-2.84,CA
35187,4/11/2013,Total Gym Fees,-7.31,CA
35187,4/12/2013,Lyft,-33.54,CA
35187,4/12/2013,NBA Ticket - Lakers,-29.83,CA
35187,4/12/2013,NBA Ticket - Lakers,-18.41,CA
35187,4/12/2013,Athletic Apparel,-35.19,CA
35187,4/12/2013,GNC,-30.81,CA
35187,4/12/2013,Public Transportation - Train Pass,-8.3,CA
35187,4/12/2013,Lyft,-24.96,CA
35187,4/13/2013,Amazon Order - Athletic Equipment,-2.63,CA
35187,4/13/2013,NBA Ticket - Lakers,-61.95,CA
35187,4/14/2013,Athletic Apparel,-13.6,CA
35187,4/14/2013,Food Delivery - GrubHub,-23.33,CA
35187,4/14/2013,Lyft,-12.21,CA
35187,4/14/2013,Public Transportation - Train Pass,-33.98,CA
35187,4/15/2013,Public Transportation - Bus Pass,-37.43,CA
35187,4/16/2013,Uber,-9.96,CA
35187,4/16/2013,Vitamin Shoppe,-38.09,CA
35187,4/16/2013,Restaurant - Burgers,-91.51,CA
35187,4/17/2013,Lyft,-16.71,CA
35187,4/17/2013,Starbucks Coffee,-18.54,CA
35187,4/17/2013,Bike Rental,-18.91,CA
35187,4/17/2013,Vitamin Shoppe,-57.94,CA
35187,4/17/2013,Total Gym Fees,-79.43,CA
35187,4/17/2013,Vitamin Shoppe,-26.74,CA
35187,4/17/2013,Athletic Apparel,-5.09,CA
35187,4/17/2013,Total Gym Fees,-4.8,CA
35187,4/17/2013,Restaurant - Pizza,-17.28,CA
35187,4/17/2013,Whole Foods,-23.91,CA
35187,4/17/2013,Bike Rental,-43.99,CA
35187,4/17/2013,Public Transportation - Bus Pass,-11.95,CA
35187,4/18/2013,Public Transportation - Bus Pass,-57.23,CA
35187,4/18/2013,Bike Rental,-27.11,CA
35187,4/18/2013,Total Gym Fees,-19.97,CA
35187,4/18/2013,Uber,-19.8,CA
35187,4/18/2013,NBA Ticket - Lakers,-23.93,CA
35187,4/18/2013,NFL Ticket - Chargers,-25.7,CA
35187,4/19/2013,NBA Ticket - Lakers,-18.83,CA
35187,4/19/2013,NBA Ticket - Lakers,-23.91,CA
35187,4/20/2013,Dick's Sporting Goods,-16.31,CA
35187,4/21/2013,Restaurant - Steakhouse,-26.47,CA
35187,4/21/2013,GNC,-3.35,CA
35187,4/22/2013,Public Transportation - Bus Pass,-13.34,CA
35187,4/23/2013,NFL Ticket - Chargers,-14.6,CA
35187,4/24/2013,Public Transportation - Train Pass,-110.92,CA
35187,4/24/2013,Sam's Sporting Apparel,-11.75,CA
35187,4/24/2013,GNC,-34.38,CA
35187,4/24/2013,Food Delivery - GrubHub,-10.54,CA
35187,4/25/2013,Restaurant - Chinese,-8.84,CA
35187,4/26/2013,Whole Foods,-15.2,CA
35187,4/26/2013,Sam's Sporting Apparel,-10.25,CA
35187,4/27/2013,Dick's Sporting Goods,-37.78,CA
35187,4/27/2013,NFL Ticket - Chargers,-16.78,CA
35187,4/27/2013,Amazon Order - Athletic Equipment,-35.3,CA
35187,4/27/2013,Athletic Apparel,-15.44,CA
35187,4/28/2013,Food Delivery - GrubHub,-11.13,CA
35187,4/29/2013,Lyft,-21.77,CA
35187,4/29/2013,Restaurant - Chinese,-1.4,CA
35187,4/29/2013,GNC,-10.6,CA
35187,4/29/2013,Restaurant - Pizza,-36.91,CA
35187,4/29/2013,Athletic Apparel,-31.81,CA
35187,4/29/2013,Dick's Sporting Goods,-70.33,CA
35187,4/30/2013,NFL Ticket - Chargers,-24.26,CA
35187,4/30/2013,Dick's Sporting Goods,-30.83,CA
35187,5/2/2013,Housing Rent,-1351,CA
35187,5/2/2013,ACS - Student Loans,-135,CA
35187,5/2/2013,Gas & Electric,-32,CA
35187,5/2/2013,Navient - Student Loans,-197,CA
35187,5/2/2013,Credit Card Payment,-154,CA
35187,5/2/2013,Water & Sewer,-53,CA
35187,5/2/2013,Dick's Sporting Goods,-26.66,CA
35187,5/3/2013,Lyft,-5.22,CA
35187,5/3/2013,NFL Ticket - Chargers,-38.42,CA
35187,5/3/2013,Public Transportation - Bus Pass,-35.26,CA
35187,5/3/2013,Athletic Apparel,-105.09,CA
35187,5/3/2013,Amazon Order - Athletic Equipment,-5.2,CA
35187,5/3/2013,Ralph's Grocery Store,-39.89,CA
35187,5/3/2013,Sam's Sporting Apparel,-59.96,CA
35187,5/3/2013,Public Transportation - Bus Pass,-15.74,CA
35187,5/4/2013,Restaurant - Burgers,-33.82,CA
35187,5/4/2013,Sam's Sporting Apparel,-81.78,CA
35187,5/4/2013,NFL Ticket - Chargers,-34.31,CA
35187,5/4/2013,Ralph's Grocery Store,-4.41,CA
35187,5/4/2013,Total Gym Fees,-14.87,CA
35187,5/5/2013,Amazon Order - Athletic Equipment,-31.59,CA
35187,5/5/2013,Sam's Sporting Apparel,-114.64,CA
35187,5/5/2013,Athletic Apparel,-11.56,CA
35187,5/6/2013,Whole Foods,-4.32,CA
35187,5/6/2013,NBA Ticket - Lakers,-103.73,CA
35187,5/6/2013,NFL Ticket - Chargers,-81.91,CA
35187,5/6/2013,Athletic Apparel,-23.56,CA
35187,5/7/2013,Sam's Sporting Apparel,-36.08,CA
35187,5/7/2013,Food Delivery - GrubHub,-26.31,CA
35187,5/7/2013,GNC,-39.5,CA
35187,5/7/2013,Lyft,-28.6,CA
35187,5/7/2013,Taxi,-10.63,CA
35187,5/8/2013,Total Gym Fees,-22.04,CA
35187,5/8/2013,Uber,-27.12,CA
35187,5/9/2013,Athletic Apparel,-36.08,CA
35187,5/9/2013,GNC,-5.76,CA
35187,5/10/2013,Dick's Sporting Goods,-35.58,CA
35187,5/10/2013,Public Transportation - Train Pass,-13.06,CA
35187,5/10/2013,Bike Rental,-25,CA
35187,5/10/2013,Sam's Sporting Apparel,-11.77,CA
35187,5/10/2013,Athletic Apparel,-37.62,CA
35187,5/10/2013,GNC,-2.46,CA
35187,5/10/2013,Athletic Apparel,-16.5,CA
35187,5/10/2013,Total Gym Fees,-1.65,CA
35187,5/10/2013,Public Transportation - Bus Pass,-14.42,CA
35187,5/10/2013,Restaurant - Chinese,-34.18,CA
35187,5/11/2013,Dick's Sporting Goods,-18.29,CA
35187,5/11/2013,Total Gym Fees,-16.37,CA
35187,5/12/2013,Athletic Apparel,-29.42,CA
35187,5/12/2013,NBA Ticket - Lakers,-16.56,CA
35187,5/13/2013,Bike Rental,-15.12,CA
35187,5/13/2013,Sam's Sporting Apparel,-35.81,CA
35187,5/14/2013,Athletic Apparel,-6.59,CA
35187,5/15/2013,Public Transportation - Train Pass,-34.07,CA
35187,5/15/2013,Vitamin Shoppe,-17.8,CA
35187,5/15/2013,Sam's Sporting Apparel,-14.18,CA
35187,5/15/2013,Athletic Apparel,-22.33,CA
35187,5/15/2013,Taxi,-60.41,CA
35187,5/15/2013,Athletic Apparel,-30.42,CA
35187,5/15/2013,Lyft,-35.62,CA
35187,5/15/2013,Restaurant - Pizza,-15.3,CA
35187,5/15/2013,Taxi,-5.11,CA
35187,5/15/2013,Sam's Sporting Apparel,-3.96,CA
35187,5/15/2013,Amazon Order - Athletic Equipment,-22.59,CA
35187,5/16/2013,Total Gym Fees,-34.81,CA
35187,5/17/2013,Restaurant - Pizza,-22.8,CA
35187,5/18/2013,Bike Rental,-33.01,CA
35187,5/19/2013,Dick's Sporting Goods,-10.95,CA
35187,5/19/2013,NBA Ticket - Lakers,-75.93,CA
35187,5/20/2013,Vitamin Shoppe,-26.23,CA
35187,5/20/2013,Ralph's Grocery Store,-111.45,CA
35187,5/20/2013,GNC,-3.55,CA
35187,5/20/2013,Sam's Sporting Apparel,-36.7,CA
35187,5/20/2013,Bike Rental,-11.67,CA
35187,5/20/2013,Sam's Sporting Apparel,-5.31,CA
35187,5/21/2013,Vitamin Shoppe,-2.88,CA
35187,5/22/2013,Public Transportation - Bus Pass,-39.97,CA
35187,5/23/2013,Sam's Sporting Apparel,-27.72,CA
35187,5/24/2013,Total Gym Fees,-4.38,CA
35187,5/24/2013,Public Transportation - Train Pass,-56.72,CA
35187,5/24/2013,Vitamin Shoppe,-30.6,CA
35187,5/24/2013,NBA Ticket - Lakers,-16.39,CA
35187,5/24/2013,NFL Ticket - Chargers,-39.88,CA
35187,5/24/2013,Food Delivery - GrubHub,-11.18,CA
35187,5/25/2013,NFL Ticket - Chargers,-118.26,CA
35187,5/25/2013,Starbucks Coffee,-7.22,CA
35187,5/25/2013,Restaurant - Burgers,-30.94,CA
35187,5/25/2013,Food Delivery - GrubHub,-2.58,CA
35187,5/26/2013,NFL Ticket - Chargers,-100.9,CA
35187,5/26/2013,Vitamin Shoppe,-20.55,CA
35187,5/26/2013,Dick's Sporting Goods,-36.61,CA
35187,5/26/2013,Public Transportation - Train Pass,-101.28,CA
35187,5/26/2013,Amazon Order - Athletic Equipment,-23.44,CA
35187,5/26/2013,Bike Rental,-31.77,CA
35187,5/27/2013,Taxi,-27.45,CA
35187,5/27/2013,GNC,-55.8,CA
35187,5/27/2013,Amazon Order - Athletic Equipment,-22.48,CA
35187,5/27/2013,Vitamin Shoppe,-24.14,CA
35187,5/27/2013,Taxi,-26.76,CA
35187,5/27/2013,Athletic Apparel,-35.43,CA
35187,5/27/2013,Restaurant - Chinese,-6.1,CA
35187,5/28/2013,Taxi,-38.06,CA
35187,5/28/2013,Amazon Order - Athletic Equipment,-14.56,CA
35187,5/28/2013,Amazon Order - Athletic Equipment,-84.13,CA
35187,5/28/2013,Amazon Order - Athletic Equipment,-117.78,CA
35187,5/29/2013,GNC,-18.63,CA
35187,5/29/2013,Von's Groceries,-7.91,CA
35187,5/29/2013,GNC,-20.97,CA
35187,5/29/2013,Bike Rental,-100.68,CA
35187,5/29/2013,Uber,-10.84,CA
35187,5/30/2013,Bike Rental,-20.14,CA
35187,6/2/2013,Paycheck,4573,CA
35187,6/2/2013,Housing Rent,-1305,CA
35187,6/2/2013,ACS - Student Loans,-135,CA
35187,6/2/2013,Gas & Electric,-32,CA
35187,6/2/2013,Navient - Student Loans,-197,CA
35187,6/2/2013,Credit Card Payment,-154,CA
35187,6/2/2013,Water & Sewer,-53,CA
35187,6/2/2013,Dick's Sporting Goods,-32.05,CA
35187,6/2/2013,Restaurant - Burgers,-13.81,CA
35187,6/2/2013,Uber,-17.95,CA
35187,6/2/2013,Vitamin Shoppe,-32.95,CA
35187,6/2/2013,Total Gym Fees,-109.98,CA
35187,6/3/2013,Dick's Sporting Goods,-92.57,CA
35187,6/3/2013,Athletic Apparel,-34.05,CA
35187,6/3/2013,Total Gym Fees,-3.48,CA
35187,6/3/2013,Athletic Apparel,-3.74,CA
35187,6/4/2013,Public Transportation - Bus Pass,-21.12,CA
35187,6/4/2013,GNC,-32.36,CA
35187,6/4/2013,GNC,-26.53,CA
35187,6/5/2013,Uber,-86.82,CA
35187,6/5/2013,Vitamin Shoppe,-10.09,CA
35187,6/5/2013,Taxi,-112.02,CA
35187,6/5/2013,Restaurant - Steakhouse,-12.48,CA
35187,6/5/2013,Sprouts Market,-14.17,CA
35187,6/5/2013,Restaurant - Pizza,-3.09,CA
35187,6/5/2013,Public Transportation - Train Pass,-114.61,CA
35187,6/6/2013,Sprouts Market,-30.77,CA
35187,6/7/2013,Von's Groceries,-90.41,CA
35187,6/7/2013,Vitamin Shoppe,-117.61,CA
35187,6/7/2013,Public Transportation - Bus Pass,-34.38,CA
35187,6/7/2013,Athletic Apparel,-31.06,CA
35187,6/7/2013,Total Gym Fees,-21.33,CA
35187,6/8/2013,NFL Ticket - Chargers,-79.05,CA
35187,6/8/2013,Restaurant - Burgers,-73.92,CA
35187,6/9/2013,GNC,-113.51,CA
35187,6/9/2013,Bike Rental,-8.5,CA
35187,6/10/2013,GNC,-11.5,CA
35187,6/10/2013,NFL Ticket - Chargers,-36.2,CA
35187,6/10/2013,Total Gym Fees,-21.8,CA
35187,6/10/2013,Public Transportation - Bus Pass,-18.92,CA
35187,6/11/2013,Sam's Sporting Apparel,-11.14,CA
35187,6/11/2013,Uber,-16.79,CA
35187,6/11/2013,Lyft,-18.48,CA
35187,6/12/2013,Starbucks Coffee,-2.23,CA
35187,6/12/2013,Bike Rental,-48.07,CA
35187,6/12/2013,Public Transportation - Bus Pass,-39.42,CA
35187,6/13/2013,GNC,-80.78,CA
35187,6/14/2013,Amazon Order - Athletic Equipment,-8.38,CA
35187,6/14/2013,Public Transportation - Bus Pass,-101.49,CA
35187,6/15/2013,Athletic Apparel,-21.79,CA
35187,6/16/2013,Amazon Order - Athletic Equipment,-36.28,CA
35187,6/16/2013,Athletic Apparel,-14.22,CA
35187,6/17/2013,NBA Ticket - Lakers,-6.85,CA
35187,6/17/2013,Dick's Sporting Goods,-14.31,CA
35187,6/17/2013,Bike Rental,-100.58,CA
35187,6/17/2013,Dick's Sporting Goods,-26.39,CA
35187,6/17/2013,Von's Groceries,-3.53,CA
35187,6/18/2013,NBA Ticket - Lakers,-80.89,CA
35187,6/18/2013,Taxi,-4.47,CA
35187,6/18/2013,NBA Ticket - Lakers,-23.22,CA
35187,6/19/2013,Starbucks Coffee,-36.3,CA
35187,6/19/2013,Public Transportation - Bus Pass,-15.26,CA
35187,6/19/2013,NFL Ticket - Chargers,-15.47,CA
35187,6/20/2013,Taxi,-10.45,CA
35187,6/20/2013,GNC,-44.99,CA
35187,6/21/2013,Amazon Order - Athletic Equipment,-39.79,CA
35187,6/21/2013,Ralph's Grocery Store,-31.53,CA
35187,6/21/2013,Vitamin Shoppe,-30.51,CA
35187,6/21/2013,Taxi,-4.2,CA
35187,6/21/2013,Restaurant - Burgers,-63.59,CA
35187,6/21/2013,Bike Rental,-24.22,CA
35187,6/21/2013,NBA Ticket - Lakers,-100.41,CA
35187,6/22/2013,GNC,-83.35,CA
35187,6/23/2013,Public Transportation - Bus Pass,-14.87,CA
35187,6/23/2013,Athletic Apparel,-12.4,CA
35187,6/23/2013,Dick's Sporting Goods,-32.88,CA
35187,6/24/2013,Total Gym Fees,-22.24,CA
35187,6/24/2013,Bike Rental,-14.3,CA
35187,6/24/2013,Restaurant - Steakhouse,-4.86,CA
35187,6/24/2013,Restaurant - Burgers,-43.63,CA
35187,6/24/2013,Sam's Sporting Apparel,-24.34,CA
35187,6/25/2013,Bike Rental,-109.07,CA
35187,6/26/2013,Divorce Lawyer Fees,-9,CA
35187,6/26/2013,Comfort Inn,-15.26,CA
35187,6/26/2013,Best Western Hotel,-61.07,CA
35187,6/27/2013,Sam's Sporting Apparel,-15.22,CA
35187,6/28/2013,NFL Ticket - Chargers,-59.49,CA
35187,6/28/2013,Restaurant - Chinese,-15.06,CA
35187,6/29/2013,Public Transportation - Bus Pass,-29.2,CA
35187,6/29/2013,Athletic Apparel,-21.09,CA
35187,6/30/2013,Bike Rental,-6.3,CA
35187,6/30/2013,Total Gym Fees,-6.76,CA
35187,6/30/2013,Bike Rental,-6.05,CA
35187,6/30/2013,Uber,-61.52,CA
35187,6/30/2013,Uber,-1.81,CA
35187,7/2/2013,Paycheck,4573,CA
35187,7/2/2013,Housing Rent,-934,CA
35187,7/2/2013,ACS - Student Loans,-135,CA
35187,7/2/2013,Gas & Electric,-32,CA
35187,7/2/2013,Navient - Student Loans,-197,CA
35187,7/2/2013,Credit Card Payment,-154,CA
35187,7/2/2013,Water & Sewer,-53,CA
35187,7/2/2013,Sam's Sporting Apparel,-39.84,CA
35187,7/3/2013,Bike Rental,-38.69,CA
35187,7/4/2013,Sam's Sporting Apparel,-93.7,CA
35187,7/5/2013,NFL Ticket - Chargers,-12.39,CA
35187,7/6/2013,NFL Ticket - Chargers,-42.84,CA
35187,7/6/2013,Amazon Order - Athletic Equipment,-39.76,CA
35187,7/7/2013,Restaurant - Steakhouse,-74.03,CA
35187,7/7/2013,Athletic Apparel,-17.55,CA
35187,7/7/2013,Starbucks Coffee,-15.9,CA
35187,7/8/2013,NFL Ticket - Chargers,-16.7,CA
35187,7/8/2013,Total Gym Fees,-19.3,CA
35187,7/8/2013,NBA Ticket - Lakers,-28.18,CA
35187,7/8/2013,GNC,-30.46,CA
35187,7/8/2013,Athletic Apparel,-20.07,CA
35187,7/8/2013,Total Gym Fees,-7.43,CA
35187,7/8/2013,Bike Rental,-71.51,CA
35187,7/8/2013,Public Transportation - Bus Pass,-22.38,CA
35187,7/9/2013,Restaurant - Steakhouse,-17.16,CA
35187,7/10/2013,Total Gym Fees,-47.27,CA
35187,7/10/2013,Public Transportation - Bus Pass,-33.64,CA
35187,7/11/2013,NBA Ticket - Lakers,-109.9,CA
35187,7/12/2013,Bike Rental,-82.78,CA
35187,7/12/2013,Total Gym Fees,-29.92,CA
35187,7/13/2013,Ralph's Grocery Store,-35.64,CA
35187,7/13/2013,Vitamin Shoppe,-10.48,CA
35187,7/14/2013,NFL Ticket - Chargers,-32.11,CA
35187,7/14/2013,Sam's Sporting Apparel,-12.43,CA
35187,7/14/2013,Public Transportation - Bus Pass,-4,CA
35187,7/14/2013,NFL Ticket - Chargers,-27.16,CA
35187,7/14/2013,NFL Ticket - Chargers,-16.91,CA
35187,7/14/2013,Restaurant - Pizza,-8.62,CA
35187,7/14/2013,Restaurant - Chinese,-30.05,CA
35187,7/14/2013,Restaurant - Pizza,-16.14,CA
35187,7/14/2013,Restaurant - Pizza,-27.15,CA
35187,7/15/2013,Amazon Order - Athletic Equipment,-4.99,CA
35187,7/15/2013,NBA Ticket - Lakers,-31.12,CA
35187,7/16/2013,Uber,-35.79,CA
35187,7/17/2013,Taxi,-13.86,CA
35187,7/17/2013,Sam's Sporting Apparel,-42.67,CA
35187,7/17/2013,Public Transportation - Bus Pass,-9.71,CA
35187,7/17/2013,NBA Ticket - Lakers,-28.68,CA
35187,7/18/2013,Taxi,-18.24,CA
35187,7/18/2013,Public Transportation - Bus Pass,-6.43,CA
35187,7/19/2013,Bike Rental,-36.77,CA
35187,7/19/2013,Food Delivery - GrubHub,-58.04,CA
35187,7/19/2013,Public Transportation - Bus Pass,-8.4,CA
35187,7/19/2013,Athletic Apparel,-24.8,CA
35187,7/19/2013,Bike Rental,-13.25,CA
35187,7/20/2013,Dick's Sporting Goods,-17.09,CA
35187,7/21/2013,Uber,-14.46,CA
35187,7/22/2013,Total Gym Fees,-27.17,CA
35187,7/22/2013,Restaurant - Chinese,-105.71,CA
35187,7/22/2013,Athletic Apparel,-34.98,CA
35187,7/22/2013,Restaurant - Steakhouse,-16.18,CA
35187,7/22/2013,GNC,-29.97,CA
35187,7/23/2013,GNC,-1.09,CA
35187,7/24/2013,Bike Rental,-27.2,CA
35187,7/24/2013,Restaurant - Chinese,-18.06,CA
35187,7/24/2013,Food Delivery - GrubHub,-25.75,CA
35187,7/24/2013,Food Delivery - GrubHub,-22.73,CA
35187,7/24/2013,Lyft,-10.93,CA
35187,7/24/2013,GNC,-27.11,CA
35187,7/24/2013,Dick's Sporting Goods,-16.29,CA
35187,7/24/2013,Total Gym Fees,-4.8,CA
35187,7/24/2013,Total Gym Fees,-10.47,CA
35187,7/25/2013,Athletic Apparel,-29.61,CA
35187,7/25/2013,Sam's Sporting Apparel,-65.08,CA
35187,7/25/2013,Athletic Apparel,-37.41,CA
35187,7/26/2013,Public Transportation - Bus Pass,-15.15,CA
35187,7/27/2013,Restaurant - Chinese,-103.17,CA
35187,7/27/2013,Sam's Sporting Apparel,-26.45,CA
35187,7/28/2013,NBA Ticket - Lakers,-34.06,CA
35187,7/28/2013,Taxi,-92.79,CA
35187,7/28/2013,Public Transportation - Train Pass,-0.7,CA
35187,7/28/2013,NBA Ticket - Lakers,-17,CA
35187,7/28/2013,Total Gym Fees,-34.22,CA
35187,7/28/2013,Restaurant - Steakhouse,-72.89,CA
35187,7/29/2013,Amazon Order - Athletic Equipment,-5.67,CA
35187,7/29/2013,Uber,-15.65,CA
35187,7/29/2013,Athletic Apparel,-113.25,CA
35187,7/30/2013,Restaurant - Burgers,-37.25,CA
35187,7/30/2013,Athletic Apparel,-31.7,CA
35187,8/2/2013,Paycheck,4573,CA
35187,8/2/2013,Housing Rent,-1078,CA
35187,8/2/2013,ACS - Student Loans,-135,CA
35187,8/2/2013,Gas & Electric,-32,CA
35187,8/2/2013,Navient - Student Loans,-197,CA
35187,8/2/2013,Credit Card Payment,-154,CA
35187,8/2/2013,Water & Sewer,-53,CA
35187,8/2/2013,GNC,-11.98,CA
35187,8/3/2013,Public Transportation - Bus Pass,-15.17,CA
35187,8/3/2013,Taxi,-30.57,CA
35187,8/3/2013,Uber,-22.77,CA
35187,8/3/2013,Amazon Order - Athletic Equipment,-7.06,CA
35187,8/3/2013,NFL Ticket - Chargers,-34.41,CA
35187,8/3/2013,Public Transportation - Bus Pass,-12.74,CA
35187,8/3/2013,Whole Foods,-74.79,CA
35187,8/4/2013,Sam's Sporting Apparel,-31.57,CA
35187,8/4/2013,Total Gym Fees,-3.75,CA
35187,8/5/2013,Restaurant - Steakhouse,-39.31,CA
35187,8/5/2013,Athletic Apparel,-13.31,CA
35187,8/6/2013,Von's Groceries,-28.8,CA
35187,8/6/2013,Amazon Order - Athletic Equipment,-72.57,CA
35187,8/7/2013,Vitamin Shoppe,-41.36,CA
35187,8/8/2013,Food Delivery - GrubHub,-10.67,CA
35187,8/8/2013,Restaurant - Chinese,-20.58,CA
35187,8/8/2013,NBA Ticket - Lakers,-30.6,CA
35187,8/8/2013,Public Transportation - Bus Pass,-26,CA
35187,8/8/2013,GNC,-12.04,CA
35187,8/9/2013,GNC,-4.94,CA
35187,8/10/2013,Athletic Apparel,-23.98,CA
35187,8/11/2013,Restaurant - Pizza,-30.55,CA
35187,8/11/2013,Uber,-2.24,CA
35187,8/11/2013,GNC,-12.07,CA
35187,8/11/2013,Amazon Order - Athletic Equipment,-24.6,CA
35187,8/11/2013,Vitamin Shoppe,-15,CA
35187,8/11/2013,Restaurant - Burgers,-0.99,CA
35187,8/12/2013,NBA Ticket - Lakers,-99.73,CA
35187,8/12/2013,GNC,-8.15,CA
35187,8/13/2013,Restaurant - Pizza,-19.69,CA
35187,8/13/2013,Amazon Order - Athletic Equipment,-9.62,CA
35187,8/13/2013,Total Gym Fees,-5.62,CA
35187,8/13/2013,Taxi,-10,CA
35187,8/13/2013,Total Gym Fees,-79.96,CA
35187,8/13/2013,Dick's Sporting Goods,-29.51,CA
35187,8/13/2013,Taxi,-6.83,CA
35187,8/13/2013,NFL Ticket - Chargers,-98.53,CA
35187,8/13/2013,Vitamin Shoppe,-60.59,CA
35187,8/13/2013,Sprouts Market,-59.63,CA
35187,8/13/2013,Vitamin Shoppe,-2.06,CA
35187,8/13/2013,GNC,-24.01,CA
35187,8/13/2013,Starbucks Coffee,-25.63,CA
35187,8/14/2013,Sam's Sporting Apparel,-39.93,CA
35187,8/14/2013,Starbucks Coffee,-11.88,CA
35187,8/15/2013,Restaurant - Steakhouse,-0.86,CA
35187,8/15/2013,Dick's Sporting Goods,-48.63,CA
35187,8/15/2013,Athletic Apparel,-15.84,CA
35187,8/15/2013,Restaurant - Steakhouse,-70.94,CA
35187,8/15/2013,Total Gym Fees,-6.25,CA
35187,8/15/2013,Dick's Sporting Goods,-77.85,CA
35187,8/15/2013,Dick's Sporting Goods,-78.88,CA
35187,8/15/2013,Lyft,-44.64,CA
35187,8/15/2013,Athletic Apparel,-17.07,CA
35187,8/15/2013,Public Transportation - Train Pass,-26.28,CA
35187,8/15/2013,NBA Ticket - Lakers,-34.48,CA
35187,8/15/2013,Amazon Order - Athletic Equipment,-28.18,CA
35187,8/15/2013,Whole Foods,-52.41,CA
35187,8/16/2013,Bike Rental,-36.57,CA
35187,8/16/2013,Bike Rental,-26.94,CA
35187,8/16/2013,NFL Ticket - Chargers,-11.71,CA
35187,8/16/2013,Von's Groceries,-21.59,CA
35187,8/16/2013,NFL Ticket - Chargers,-14.88,CA
35187,8/16/2013,Food Delivery - GrubHub,-23.89,CA
35187,8/16/2013,Sam's Sporting Apparel,-11.32,CA
35187,8/17/2013,NBA Ticket - Lakers,-8.84,CA
35187,8/18/2013,Von's Groceries,-17.93,CA
35187,8/18/2013,Bike Rental,-18.3,CA
35187,8/19/2013,Bike Rental,-15.82,CA
35187,8/20/2013,NFL Ticket - Chargers,-26.38,CA
35187,8/20/2013,NBA Ticket - Lakers,-2.73,CA
35187,8/20/2013,Starbucks Coffee,-39.88,CA
35187,8/20/2013,GNC,-22.05,CA
35187,8/21/2013,Bike Rental,-1.95,CA
35187,8/22/2013,NBA Ticket - Lakers,-23.74,CA
35187,8/23/2013,NFL Ticket - Chargers,-12.26,CA
35187,8/24/2013,Vitamin Shoppe,-35.67,CA
35187,8/24/2013,Public Transportation - Bus Pass,-3.46,CA
35187,8/25/2013,Amazon Order - Athletic Equipment,-10.08,CA
35187,8/25/2013,Public Transportation - Train Pass,-22.7,CA
35187,8/25/2013,Vitamin Shoppe,-57.56,CA
35187,8/25/2013,NFL Ticket - Chargers,-15.25,CA
35187,8/25/2013,Dick's Sporting Goods,-70.97,CA
35187,8/25/2013,Total Gym Fees,-24.96,CA
35187,8/25/2013,GNC,-8.36,CA
35187,8/26/2013,Total Gym Fees,-14.59,CA
35187,8/27/2013,Dick's Sporting Goods,-13.2,CA
35187,8/28/2013,Athletic Apparel,-34.74,CA
35187,8/28/2013,Restaurant - Steakhouse,-93.91,CA
35187,8/28/2013,Restaurant - Steakhouse,-4.05,CA
35187,8/28/2013,NFL Ticket - Chargers,-0.41,CA
35187,8/28/2013,Uber,-53.77,CA
35187,8/28/2013,Public Transportation - Train Pass,-29.91,CA
35187,8/28/2013,Dick's Sporting Goods,-19.32,CA
35187,8/28/2013,Amazon Order - Athletic Equipment,-35.78,CA
35187,8/28/2013,Sam's Sporting Apparel,-56.01,CA
35187,8/28/2013,NBA Ticket - Lakers,-4.78,CA
35187,8/29/2013,Taxi,-20.93,CA
35187,8/30/2013,Sprouts Market,-37.67,CA
35187,8/30/2013,Lyft,-22.54,CA
35187,8/30/2013,Sam's Sporting Apparel,-5.92,CA
35187,8/30/2013,Food Delivery - GrubHub,-9.49,CA
35187,8/30/2013,Lyft,-109.04,CA
35187,9/2/2013,Paycheck,4573,CA
35187,9/2/2013,Housing Rent,-778,CA
35187,9/2/2013,ACS - Student Loans,-135,CA
35187,9/2/2013,Gas & Electric,-32,CA
35187,9/2/2013,Navient - Student Loans,-197,CA
35187,9/2/2013,Credit Card Payment,-154,CA
35187,9/2/2013,Water & Sewer,-53,CA
35187,9/2/2013,Amazon Order - Athletic Equipment,-2.58,CA
35187,9/2/2013,Total Gym Fees,-7.22,CA
35187,9/2/2013,Athletic Apparel,-36.67,CA
35187,9/2/2013,Athletic Apparel,-30.78,CA
35187,9/2/2013,Uber,-35.93,CA
35187,9/2/2013,NFL Ticket - Chargers,-32.5,CA
35187,9/2/2013,Bike Rental,-13.61,CA
35187,9/3/2013,Total Gym Fees,-18.26,CA
35187,9/3/2013,Dick's Sporting Goods,-29.36,CA
35187,9/3/2013,Von's Groceries,-4.71,CA
35187,9/3/2013,Von's Groceries,-23.99,CA
35187,9/4/2013,Total Gym Fees,-13.23,CA
35187,9/4/2013,Von's Groceries,-6.8,CA
35187,9/4/2013,GNC,-34.18,CA
35187,9/4/2013,Uber,-24.47,CA
35187,9/5/2013,Amazon Order - Athletic Equipment,-16.45,CA
35187,9/6/2013,Lyft,-71.93,CA
35187,9/6/2013,Taxi,-20.9,CA
35187,9/6/2013,Lyft,-35.2,CA
35187,9/6/2013,NFL Ticket - Chargers,-17.88,CA
35187,9/6/2013,Vitamin Shoppe,-88.82,CA
35187,9/7/2013,Total Gym Fees,-33.56,CA
35187,9/7/2013,GNC,-2.44,CA
35187,9/7/2013,Food Delivery - GrubHub,-15.28,CA
35187,9/7/2013,NFL Ticket - Chargers,-45.16,CA
35187,9/7/2013,Lyft,-13.09,CA
35187,9/7/2013,Total Gym Fees,-89.07,CA
35187,9/8/2013,Dick's Sporting Goods,-26.05,CA
35187,9/8/2013,GNC,-17.44,CA
35187,9/8/2013,Sprouts Market,-29.32,CA
35187,9/8/2013,Sam's Sporting Apparel,-3.82,CA
35187,9/9/2013,Sam's Sporting Apparel,-29.34,CA
35187,9/9/2013,Vitamin Shoppe,-39.97,CA
35187,9/9/2013,NBA Ticket - Lakers,-5.37,CA
35187,9/10/2013,Restaurant - Burgers,-9.29,CA
35187,9/11/2013,Uber,-11.87,CA
35187,9/12/2013,Amazon Order - Athletic Equipment,-65.88,CA
35187,9/12/2013,Public Transportation - Train Pass,-7.27,CA
35187,9/12/2013,Starbucks Coffee,-10.12,CA
35187,9/13/2013,Bike Rental,-30.96,CA
35187,9/13/2013,Dick's Sporting Goods,-25.46,CA
35187,9/13/2013,Dick's Sporting Goods,-41.68,CA
35187,9/13/2013,Bike Rental,-22.97,CA
35187,9/14/2013,Dick's Sporting Goods,-23.59,CA
35187,9/14/2013,Lyft,-8.26,CA
35187,9/14/2013,Athletic Apparel,-47.96,CA
35187,9/14/2013,Sam's Sporting Apparel,-15.97,CA
35187,9/14/2013,Athletic Apparel,-55.94,CA
35187,9/15/2013,GNC,-9.46,CA
35187,9/16/2013,Uber,-7.15,CA
35187,9/16/2013,Restaurant - Pizza,-0.28,CA
35187,9/16/2013,NFL Ticket - Chargers,-6.4,CA
35187,9/17/2013,GNC,-13.06,CA
35187,9/17/2013,Athletic Apparel,-50.65,CA
35187,9/18/2013,Restaurant - Burgers,-23.16,CA
35187,9/19/2013,Bike Rental,-64.91,CA
35187,9/19/2013,NFL Ticket - Chargers,-8.05,CA
35187,9/20/2013,Uber,-116.97,CA
35187,9/20/2013,Athletic Apparel,-40.35,CA
35187,9/20/2013,Public Transportation - Bus Pass,-9.07,CA
35187,9/20/2013,Vitamin Shoppe,-15.21,CA
35187,9/21/2013,Public Transportation - Bus Pass,-51.05,CA
35187,9/22/2013,Dick's Sporting Goods,-39.97,CA
35187,9/22/2013,Whole Foods,-32.16,CA
35187,9/22/2013,Restaurant - Pizza,-6.39,CA
35187,9/23/2013,Uber,-22.76,CA
35187,9/24/2013,Lyft,-37.68,CA
35187,9/24/2013,Sam's Sporting Apparel,-76.81,CA
35187,9/25/2013,GNC,-30.67,CA
35187,9/25/2013,NFL Ticket - Chargers,-12.08,CA
35187,9/25/2013,Dick's Sporting Goods,-16.87,CA
35187,9/25/2013,Amazon Order - Athletic Equipment,-53.6,CA
35187,9/26/2013,Ralph's Grocery Store,-35.65,CA
35187,9/26/2013,NBA Ticket - Lakers,-28.48,CA
35187,9/27/2013,GNC,-10.27,CA
35187,9/27/2013,GNC,-6.75,CA
35187,9/27/2013,Whole Foods,-99.03,CA
35187,9/28/2013,Public Transportation - Bus Pass,-15.51,CA
35187,9/28/2013,Public Transportation - Train Pass,-24.28,CA
35187,9/29/2013,Restaurant - Chinese,-63.05,CA
35187,9/29/2013,Vitamin Shoppe,-19.05,CA
35187,9/29/2013,Sprouts Market,-31.07,CA
35187,9/29/2013,Athletic Apparel,-5.41,CA
35187,9/29/2013,Sam's Sporting Apparel,-24.62,CA
35187,9/30/2013,Lyft,-21,CA
35187,9/30/2013,GNC,-74.36,CA
35187,9/30/2013,Lyft,-26.1,CA
35187,9/30/2013,Sam's Sporting Apparel,-14.38,CA
35187,9/30/2013,Total Gym Fees,-38.76,CA
35187,9/30/2013,Public Transportation - Train Pass,-13.64,CA
35187,10/2/2013,Paycheck,4573,CA
35187,10/2/2013,Housing Rent,-735,CA
35187,10/2/2013,ACS - Student Loans,-135,CA
35187,10/2/2013,Gas & Electric,-32,CA
35187,10/2/2013,Navient - Student Loans,-197,CA
35187,10/2/2013,Credit Card Payment,-154,CA
35187,10/2/2013,Water & Sewer,-53,CA
35187,10/2/2013,Public Transportation - Train Pass,-0.39,CA
35187,10/3/2013,Amazon Order - Athletic Equipment,-13.29,CA
35187,10/3/2013,Amazon Order - Athletic Equipment,-12.95,CA
35187,10/3/2013,NFL Ticket - Chargers,-5.13,CA
35187,10/4/2013,Total Gym Fees,-1.38,CA
35187,10/4/2013,Public Transportation - Train Pass,-111.33,CA
35187,10/4/2013,Public Transportation - Train Pass,-11.72,CA
35187,10/4/2013,Taxi,-35.18,CA
35187,10/4/2013,Dick's Sporting Goods,-6.8,CA
35187,10/5/2013,Athletic Apparel,-11.95,CA
35187,10/5/2013,Restaurant - Burgers,-10.46,CA
35187,10/5/2013,Total Gym Fees,-5.78,CA
35187,10/5/2013,Vitamin Shoppe,-4.56,CA
35187,10/5/2013,Vitamin Shoppe,-11.15,CA
35187,10/5/2013,Restaurant - Pizza,-39.24,CA
35187,10/5/2013,Uber,-11.02,CA
35187,10/5/2013,Sam's Sporting Apparel,-3.01,CA
35187,10/5/2013,NFL Ticket - Chargers,-37.34,CA
35187,10/5/2013,Food Delivery - GrubHub,-25.93,CA
35187,10/5/2013,Restaurant - Chinese,-33.98,CA
35187,10/5/2013,Von's Groceries,-26.61,CA
35187,10/5/2013,NFL Ticket - Chargers,-23.1,CA
35187,10/5/2013,Restaurant - Chinese,-12.27,CA
35187,10/6/2013,Vitamin Shoppe,-20.21,CA
35187,10/6/2013,Lyft,-55.48,CA
35187,10/6/2013,Amazon Order - Athletic Equipment,-31.72,CA
35187,10/6/2013,Food Delivery - GrubHub,-39.93,CA
35187,10/6/2013,Taxi,-5.65,CA
35187,10/6/2013,Sam's Sporting Apparel,-34.64,CA
35187,10/7/2013,Lyft,-109.38,CA
35187,10/7/2013,Bike Rental,-117.11,CA
35187,10/7/2013,Restaurant - Chinese,-34.17,CA
35187,10/7/2013,Bike Rental,-8.19,CA
35187,10/7/2013,Sam's Sporting Apparel,-10.42,CA
35187,10/7/2013,Amazon Order - Athletic Equipment,-9.76,CA
35187,10/7/2013,Total Gym Fees,-31.2,CA
35187,10/7/2013,NFL Ticket - Chargers,-26.15,CA
35187,10/8/2013,Whole Foods,-16.98,CA
35187,10/9/2013,Public Transportation - Train Pass,-4.3,CA
35187,10/9/2013,Restaurant - Chinese,-2.21,CA
35187,10/9/2013,NBA Ticket - Lakers,-17.31,CA
35187,10/10/2013,Amazon Order - Athletic Equipment,-35.51,CA
35187,10/11/2013,Uber,-35.23,CA
35187,10/11/2013,Dick's Sporting Goods,-20.6,CA
35187,10/11/2013,Public Transportation - Bus Pass,-64.08,CA
35187,10/11/2013,Athletic Apparel,-38.17,CA
35187,10/11/2013,NFL Ticket - Chargers,-105.85,CA
35187,10/12/2013,Dick's Sporting Goods,-98.74,CA
35187,10/12/2013,Total Gym Fees,-9.33,CA
35187,10/12/2013,Sam's Sporting Apparel,-71.55,CA
35187,10/13/2013,Total Gym Fees,-18.33,CA
35187,10/14/2013,NBA Ticket - Lakers,-4.65,CA
35187,10/14/2013,Sprouts Market,-3.5,CA
35187,10/14/2013,Public Transportation - Train Pass,-32.6,CA
35187,10/14/2013,Restaurant - Steakhouse,-15.05,CA
35187,10/14/2013,NBA Ticket - Lakers,-62.57,CA
35187,10/14/2013,Restaurant - Pizza,-11.62,CA
35187,10/15/2013,Athletic Apparel,-12.01,CA
35187,10/16/2013,Athletic Apparel,-19.35,CA
35187,10/17/2013,Ralph's Grocery Store,-30.11,CA
35187,10/17/2013,Athletic Apparel,-11.53,CA
35187,10/17/2013,Lyft,-2.8,CA
35187,10/17/2013,Dick's Sporting Goods,-28.81,CA
35187,10/18/2013,Restaurant - Pizza,-10.87,CA
35187,10/19/2013,Public Transportation - Train Pass,-32.8,CA
35187,10/19/2013,NFL Ticket - Chargers,-9.64,CA
35187,10/20/2013,Restaurant - Chinese,-14.81,CA
35187,10/20/2013,Athletic Apparel,-28.49,CA
35187,10/20/2013,Total Gym Fees,-37.52,CA
35187,10/20/2013,Total Gym Fees,-4.22,CA
35187,10/20/2013,Restaurant - Burgers,-27.8,CA
35187,10/21/2013,NBA Ticket - Lakers,-86.5,CA
35187,10/22/2013,Food Delivery - GrubHub,-16.93,CA
35187,10/22/2013,Athletic Apparel,-8.76,CA
35187,10/22/2013,Sam's Sporting Apparel,-39.64,CA
35187,10/22/2013,Public Transportation - Bus Pass,-117.39,CA
35187,10/22/2013,Sprouts Market,-26.42,CA
35187,10/23/2013,Vitamin Shoppe,-31.66,CA
35187,10/24/2013,Athletic Apparel,-6.62,CA
35187,10/24/2013,Bike Rental,-29.48,CA
35187,10/24/2013,Total Gym Fees,-12.33,CA
35187,10/25/2013,Vitamin Shoppe,-15.25,CA
35187,10/25/2013,Restaurant - Steakhouse,-1.76,CA
35187,10/25/2013,Bike Rental,-39.03,CA
35187,10/25/2013,Athletic Apparel,-3.07,CA
35187,10/25/2013,Dick's Sporting Goods,-25.7,CA
35187,10/25/2013,Sprouts Market,-57.8,CA
35187,10/25/2013,Restaurant - Chinese,-3.85,CA
35187,10/25/2013,Taxi,-3.12,CA
35187,10/25/2013,Bike Rental,-26.3,CA
35187,10/25/2013,Dick's Sporting Goods,-112.9,CA
35187,10/25/2013,GNC,-8.62,CA
35187,10/25/2013,Taxi,-113.23,CA
35187,10/25/2013,Amazon Order - Athletic Equipment,-19.85,CA
35187,10/25/2013,Whole Foods,-37.63,CA
35187,10/26/2013,Dick's Sporting Goods,-71.81,CA
35187,10/26/2013,GNC,-25.15,CA
35187,10/27/2013,Lyft,-21.08,CA
35187,10/28/2013,Public Transportation - Train Pass,-6.85,CA
35187,10/28/2013,Dick's Sporting Goods,-37.07,CA
35187,10/28/2013,Sam's Sporting Apparel,-74.48,CA
35187,10/29/2013,Uber,-6.67,CA
35187,10/29/2013,Taxi,-30.48,CA
35187,10/29/2013,Public Transportation - Train Pass,-77.59,CA
35187,10/29/2013,Food Delivery - GrubHub,-35.7,CA
35187,10/30/2013,Dick's Sporting Goods,-33.21,CA
35187,11/2/2013,Paycheck,4573,CA
35187,11/2/2013,Housing Rent,-898,CA
35187,11/2/2013,ACS - Student Loans,-135,CA
35187,11/2/2013,Gas & Electric,-32,CA
35187,11/2/2013,Navient - Student Loans,-197,CA
35187,11/2/2013,Credit Card Payment,-154,CA
35187,11/2/2013,Water & Sewer,-53,CA
35187,11/2/2013,Vitamin Shoppe,-14.89,CA
35187,11/2/2013,Bike Rental,-45.82,CA
35187,11/3/2013,Dick's Sporting Goods,-14.01,CA
35187,11/3/2013,NBA Ticket - Lakers,-22.59,CA
35187,11/3/2013,Taxi,-2.46,CA
35187,11/3/2013,NBA Ticket - Lakers,-7.87,CA
35187,11/3/2013,GNC,-24.95,CA
35187,11/3/2013,Von's Groceries,-38.59,CA
35187,11/3/2013,Restaurant - Pizza,-6.29,CA
35187,11/4/2013,Athletic Apparel,-22.41,CA
35187,11/4/2013,Vitamin Shoppe,-7.29,CA
35187,11/4/2013,Public Transportation - Train Pass,-3.21,CA
35187,11/4/2013,Public Transportation - Train Pass,-3.57,CA
35187,11/4/2013,Starbucks Coffee,-9.81,CA
35187,11/4/2013,Taxi,-19.54,CA
35187,11/4/2013,Uber,-32.26,CA
35187,11/5/2013,Restaurant - Burgers,-32.15,CA
35187,11/6/2013,Bike Rental,-17.37,CA
35187,11/6/2013,GNC,-0.88,CA
35187,11/6/2013,Public Transportation - Bus Pass,-8.3,CA
35187,11/6/2013,Lyft,-55.39,CA
35187,11/7/2013,GNC,-10.7,CA
35187,11/7/2013,GNC,-12.5,CA
35187,11/7/2013,Uber,-15.33,CA
35187,11/8/2013,Amazon Order - Athletic Equipment,-23.51,CA
35187,11/9/2013,Restaurant - Pizza,-63.38,CA
35187,11/9/2013,Amazon Order - Baby Crib,-107.7,CA
35187,11/9/2013,Hospital - Prenatal Care,-27.58,CA
35187,11/9/2013,Babies "R" Us,-19.03,CA
35187,11/9/2013,BuyBuyBaby.com,-34.87,CA
35187,11/9/2013,GNC,-30.62,CA
35187,11/9/2013,Restaurant - Burgers,-16.9,CA
35187,11/9/2013,Athletic Apparel,-20.52,CA
35187,11/10/2013,Total Gym Fees,-27.85,CA
35187,11/10/2013,Restaurant - Burgers,-5.04,CA
35187,11/10/2013,Restaurant - Burgers,-32.61,CA
35187,11/10/2013,Bike Rental,-16.68,CA
35187,11/10/2013,Sam's Sporting Apparel,-13.7,CA
35187,11/11/2013,Total Gym Fees,-34.7,CA
35187,11/11/2013,Dick's Sporting Goods,-17.02,CA
35187,11/11/2013,Amazon Order - Athletic Equipment,-11.2,CA
35187,11/11/2013,Sprouts Market,-33.3,CA
35187,11/11/2013,Ralph's Grocery Store,-57.47,CA
35187,11/11/2013,Sam's Sporting Apparel,-71.14,CA
35187,11/11/2013,Whole Foods,-3.95,CA
35187,11/12/2013,Uber,-56.88,CA
35187,11/12/2013,Public Transportation - Bus Pass,-0.9,CA
35187,11/12/2013,Sprouts Market,-1.58,CA
35187,11/13/2013,Dick's Sporting Goods,-20.02,CA
35187,11/13/2013,Lyft,-26.22,CA
35187,11/13/2013,Dick's Sporting Goods,-10.05,CA
35187,11/14/2013,Total Gym Fees,-29.32,CA
35187,11/14/2013,Bike Rental,-13.96,CA
35187,11/14/2013,NBA Ticket - Lakers,-25.44,CA
35187,11/14/2013,Ralph's Grocery Store,-14.24,CA
35187,11/14/2013,NBA Ticket - Lakers,-37.2,CA
35187,11/14/2013,Von's Groceries,-10.72,CA
35187,11/14/2013,Lyft,-84.11,CA
35187,11/14/2013,Athletic Apparel,-6.43,CA
35187,11/15/2013,Bike Rental,-21.6,CA
35187,11/15/2013,NBA Ticket - Lakers,-28.14,CA
35187,11/15/2013,GNC,-39.14,CA
35187,11/15/2013,Starbucks Coffee,-0.8,CA
35187,11/16/2013,NBA Ticket - Lakers,-16.73,CA
35187,11/16/2013,Bike Rental,-68.86,CA
35187,11/17/2013,NFL Ticket - Chargers,-50.24,CA
35187,11/17/2013,Total Gym Fees,-40.65,CA
35187,11/18/2013,Sam's Sporting Apparel,-20.29,CA
35187,11/18/2013,Sam's Sporting Apparel,-35.79,CA
35187,11/18/2013,Dick's Sporting Goods,-14.61,CA
35187,11/19/2013,NFL Ticket - Chargers,-26.69,CA
35187,11/19/2013,NBA Ticket - Lakers,-4.44,CA
35187,11/19/2013,Sam's Sporting Apparel,-6.69,CA
35187,11/19/2013,Sam's Sporting Apparel,-21.1,CA
35187,11/19/2013,Public Transportation - Bus Pass,-36.81,CA
35187,11/20/2013,Food Delivery - GrubHub,-34.6,CA
35187,11/20/2013,Amazon Order - Athletic Equipment,-16.44,CA
35187,11/21/2013,Lyft,-17.85,CA
35187,11/21/2013,GNC,-23.23,CA
35187,11/21/2013,Food Delivery - GrubHub,-10.37,CA
35187,11/21/2013,Dick's Sporting Goods,-1.49,CA
35187,11/22/2013,Public Transportation - Bus Pass,-14.69,CA
35187,11/23/2013,Bike Rental,-20.42,CA
35187,11/23/2013,Athletic Apparel,-32.2,CA
35187,11/24/2013,Vitamin Shoppe,-105.94,CA
35187,11/24/2013,Ralph's Grocery Store,-21.27,CA
35187,11/24/2013,Public Transportation - Train Pass,-106.96,CA
35187,11/24/2013,Amazon Order - Athletic Equipment,-24.86,CA
35187,11/25/2013,Public Transportation - Train Pass,-14.42,CA
35187,11/25/2013,NFL Ticket - Chargers,-9.36,CA
35187,11/25/2013,NBA Ticket - Lakers,-24.55,CA
35187,11/26/2013,Von's Groceries,-104.4,CA
35187,11/26/2013,Starbucks Coffee,-4.95,CA
35187,11/26/2013,Vitamin Shoppe,-21.64,CA
35187,11/26/2013,Athletic Apparel,-17.89,CA
35187,11/27/2013,Dick's Sporting Goods,-34.9,CA
35187,11/28/2013,Total Gym Fees,-36.9,CA
35187,11/28/2013,NFL Ticket - Chargers,-14.38,CA
35187,11/29/2013,Athletic Apparel,-25.46,CA
35187,11/30/2013,Sam's Sporting Apparel,-29.83,CA
35187,12/2/2013,Paycheck,4573,CA
35187,12/2/2013,Housing Rent,-995,CA
35187,12/2/2013,ACS - Student Loans,-135,CA
35187,12/2/2013,Gas & Electric,-32,CA
35187,12/2/2013,Navient - Student Loans,-197,CA
35187,12/2/2013,Credit Card Payment,-154,CA
35187,12/2/2013,Water & Sewer,-53,CA
35187,12/2/2013,Vitamin Shoppe,-21.21,CA
35187,12/3/2013,Total Gym Fees,-31.06,CA
35187,12/3/2013,Public Transportation - Bus Pass,-27.27,CA
35187,12/3/2013,Athletic Apparel,-28.95,CA
35187,12/4/2013,GNC,-29.91,CA
35187,12/5/2013,Restaurant - Steakhouse,-32.71,CA
35187,12/6/2013,Von's Groceries,-39.26,CA
35187,12/6/2013,Total Gym Fees,-16.98,CA
35187,12/6/2013,Von's Groceries,-11.51,CA
35187,12/7/2013,Uber,-58.4,CA
35187,12/8/2013,Bike Rental,-14.44,CA
35187,12/8/2013,Uber,-2.73,CA
35187,12/8/2013,Uber,-21.82,CA
35187,12/8/2013,Public Transportation - Bus Pass,-31.66,CA
35187,12/9/2013,Athletic Apparel,-41.22,CA
35187,12/9/2013,Dick's Sporting Goods,-19.4,CA
35187,12/9/2013,NBA Ticket - Lakers,-11.12,CA
35187,12/9/2013,Amazon Order - Athletic Equipment,-30.06,CA
35187,12/9/2013,Bike Rental,-29.11,CA
35187,12/10/2013,Dick's Sporting Goods,-5.58,CA
35187,12/10/2013,NFL Ticket - Chargers,-7.01,CA
35187,12/10/2013,Whole Foods,-18.92,CA
35187,12/11/2013,Uber,-0.69,CA
35187,12/11/2013,Sam's Sporting Apparel,-34.45,CA
35187,12/12/2013,GNC,-33.84,CA
35187,12/12/2013,Bike Rental,-23.3,CA
35187,12/12/2013,Restaurant - Burgers,-35.53,CA
35187,12/12/2013,Athletic Apparel,-12.25,CA
35187,12/12/2013,Athletic Apparel,-37.82,CA
35187,12/13/2013,Vitamin Shoppe,-81.14,CA
35187,12/13/2013,Public Transportation - Train Pass,-23.42,CA
35187,12/13/2013,Public Transportation - Bus Pass,-24.62,CA
35187,12/13/2013,Vitamin Shoppe,-3.47,CA
35187,12/14/2013,NBA Ticket - Lakers,-30,CA
35187,12/15/2013,Public Transportation - Bus Pass,-20.8,CA
35187,12/15/2013,Taxi,-34.13,CA
35187,12/15/2013,Uber,-4.22,CA
35187,12/15/2013,Dick's Sporting Goods,-10.11,CA
35187,12/16/2013,Public Transportation - Bus Pass,-2.92,CA
35187,12/17/2013,GNC,-26.83,CA
35187,12/17/2013,GNC,-29.66,CA
35187,12/18/2013,Amazon Order - Athletic Equipment,-4.39,CA
35187,12/18/2013,Starbucks Coffee,-21.17,CA
35187,12/18/2013,GNC,-92.86,CA
35187,12/19/2013,GNC,-25.54,CA
35187,12/20/2013,Public Transportation - Bus Pass,-70.86,CA
35187,12/20/2013,Amazon Order - Athletic Equipment,-75.19,CA
35187,12/21/2013,NFL Ticket - Chargers,-90.94,CA
35187,12/21/2013,NFL Ticket - Chargers,-39.07,CA
35187,12/22/2013,GNC,-13.09,CA
35187,12/22/2013,Public Transportation - Bus Pass,-7.55,CA
35187,12/22/2013,Dick's Sporting Goods,-39.03,CA
35187,12/22/2013,Total Gym Fees,-23.35,CA
35187,12/22/2013,Dick's Sporting Goods,-35.64,CA
35187,12/23/2013,Uber,-102.54,CA
35187,12/23/2013,Food Delivery - GrubHub,-9.52,CA
35187,12/23/2013,Bike Rental,-34.69,CA
35187,12/23/2013,Athletic Apparel,-6.37,CA
35187,12/23/2013,Taxi,-20.66,CA
35187,12/24/2013,Vitamin Shoppe,-10.99,CA
35187,12/24/2013,Public Transportation - Bus Pass,-4.5,CA
35187,12/24/2013,Taxi,-7.18,CA
35187,12/25/2013,Restaurant - Pizza,-6.82,CA
35187,12/25/2013,Amazon Order - Athletic Equipment,-23.76,CA
35187,12/25/2013,Bike Rental,-14.74,CA
35187,12/25/2013,Amazon Order - Athletic Equipment,-15.19,CA
35187,12/26/2013,Restaurant - Burgers,-30.96,CA
35187,12/26/2013,Von's Groceries,-29.73,CA
35187,12/26/2013,Restaurant - Pizza,-13.28,CA
35187,12/26/2013,Food Delivery - GrubHub,-39.73,CA
35187,12/26/2013,GNC,-19.49,CA
35187,12/26/2013,NFL Ticket - Chargers,-31.1,CA
35187,12/26/2013,Athletic Apparel,-4.69,CA
35187,12/27/2013,Total Gym Fees,-20.04,CA
35187,12/28/2013,GNC,-6.35,CA
35187,12/28/2013,Lyft,-4.65,CA
35187,12/28/2013,Sam's Sporting Apparel,-0.4,CA
35187,12/28/2013,NBA Ticket - Lakers,-12.88,CA
35187,12/29/2013,Athletic Apparel,-66.53,CA
35187,12/29/2013,Whole Foods,-94.99,CA
35187,12/29/2013,Bike Rental,-34.25,CA
35187,12/29/2013,Bike Rental,-24.1,CA
35187,12/29/2013,Amazon Order - Athletic Equipment,-7.82,CA
35187,12/30/2013,Starbucks Coffee,-14.94,CA
35187,12/30/2013,Restaurant - Pizza,-114.43,CA
35187,12/30/2013,Food Delivery - GrubHub,-30.09,CA
35187,12/32/2013,Sprouts Market,-27.8,CA
35187,12/32/2013,Bike Rental,-24.94,CA
35187,12/32/2013,Amazon Order - Athletic Equipment,-20.69,CA
35187,1/2/2014,Taxi,-22.19,CA
35187,1/3/2014,Sam's Sporting Apparel,-25.88,CA
35187,1/3/2014,NFL Ticket - Chargers,-24.87,CA
35187,1/3/2014,Uber,-15.6,CA
35187,1/3/2014,Dick's Sporting Goods,-14.68,CA
35187,1/3/2014,Athletic Apparel,-16.79,CA
35187,1/3/2014,GNC,-13.55,CA
35187,1/3/2014,Athletic Apparel,-22.85,CA
35187,1/3/2014,NFL Ticket - Chargers,-38.22,CA
35187,1/4/2014,NFL Ticket - Chargers,-22.36,CA
35187,1/5/2014,NFL Ticket - Chargers,-33.82,CA
35187,1/5/2014,NBA Ticket - Lakers,-10.11,CA
35187,1/5/2014,Total Gym Fees,-10.96,CA
35187,1/5/2014,Restaurant - Pizza,-45.94,CA
35187,1/5/2014,Sprouts Market,-12.2,CA
35187,1/5/2014,Public Transportation - Bus Pass,-4.37,CA
35187,1/5/2014,NFL Ticket - Chargers,-14.26,CA
35187,1/6/2014,Athletic Apparel,-29.4,CA
35187,1/6/2014,Dick's Sporting Goods,-31.08,CA
35187,1/6/2014,Athletic Apparel,-9.1,CA
35187,1/6/2014,Public Transportation - Train Pass,-18.69,CA
35187,1/6/2014,Whole Foods,-18.46,CA
35187,1/7/2014,Food Delivery - GrubHub,-37.66,CA
35187,1/7/2014,Sam's Sporting Apparel,-22.58,CA
35187,1/7/2014,Whole Foods,-7.09,CA
35187,1/8/2014,Lyft,-30.73,CA
35187,1/8/2014,Taxi,-7.25,CA
35187,1/9/2014,Public Transportation - Train Pass,-17.23,CA
35187,1/9/2014,Vitamin Shoppe,-45.62,CA
35187,1/9/2014,Total Gym Fees,-29.72,CA
35187,1/10/2014,Restaurant - Burgers,-13.87,CA
35187,1/11/2014,Dick's Sporting Goods,-18.43,CA
35187,1/11/2014,Sam's Sporting Apparel,-30.47,CA
35187,1/12/2014,NBA Ticket - Lakers,-25.05,CA
35187,1/12/2014,Uber,-9.06,CA
35187,1/12/2014,Athletic Apparel,-33.56,CA
35187,1/12/2014,Sprouts Market,-74.17,CA
35187,1/13/2014,Vitamin Shoppe,-38.58,CA
35187,1/13/2014,Restaurant - Pizza,-25.63,CA
35187,1/14/2014,Sam's Sporting Apparel,-19.26,CA
35187,1/14/2014,NFL Ticket - Chargers,-41.37,CA
35187,1/15/2014,Dick's Sporting Goods,-12.53,CA
35187,1/15/2014,Ralph's Grocery Store,-30.28,CA
35187,1/15/2014,Lyft,-84.15,CA
35187,1/15/2014,Restaurant - Burgers,-12.39,CA
35187,1/16/2014,Sam's Sporting Apparel,-24.77,CA
35187,1/16/2014,Athletic Apparel,-31.48,CA
35187,1/17/2014,Dick's Sporting Goods,-4.27,CA
35187,1/18/2014,GNC,-62.09,CA
35187,1/18/2014,Sam's Sporting Apparel,-23.95,CA
35187,1/19/2014,Bike Rental,-1.39,CA
35187,1/20/2014,Athletic Apparel,-101.14,CA
35187,1/20/2014,Bike Rental,-87.41,CA
35187,1/21/2014,Sam's Sporting Apparel,-10.76,CA
35187,1/21/2014,Dick's Sporting Goods,-22.31,CA
35187,1/22/2014,Restaurant - Pizza,-107.59,CA
35187,1/22/2014,Taxi,-15.6,CA
35187,1/22/2014,Whole Foods,-92.25,CA
35187,1/22/2014,Restaurant - Chinese,-38.49,CA
35187,1/22/2014,Food Delivery - GrubHub,-6.82,CA
35187,1/22/2014,Ralph's Grocery Store,-28.83,CA
35187,1/22/2014,Ralph's Grocery Store,-21.31,CA
35187,1/22/2014,Sam's Sporting Apparel,-21.82,CA
35187,1/22/2014,Bike Rental,-16.63,CA
35187,1/23/2014,Bike Rental,-22.05,CA
35187,1/23/2014,Restaurant - Chinese,-39.13,CA
35187,1/23/2014,Amazon Order - Athletic Equipment,-22.91,CA
35187,1/24/2014,GNC,-15.61,CA
35187,1/25/2014,Dick's Sporting Goods,-4.84,CA
35187,1/25/2014,NFL Ticket - Chargers,-5.95,CA
35187,1/25/2014,Athletic Apparel,-11.79,CA
35187,1/25/2014,Amazon Order - Athletic Equipment,-32.5,CA
35187,1/25/2014,Whole Foods,-19.1,CA
35187,1/25/2014,Vitamin Shoppe,-5.15,CA
35187,1/25/2014,NFL Ticket - Chargers,-7.49,CA
35187,1/26/2014,Whole Foods,-73.03,CA
35187,1/27/2014,Athletic Apparel,-24.7,CA
35187,1/27/2014,Athletic Apparel,-57.03,CA
35187,1/27/2014,Lyft,-23.92,CA
35187,1/27/2014,Vitamin Shoppe,-83.11,CA
35187,1/27/2014,Sam's Sporting Apparel,-19.06,CA
35187,1/27/2014,Total Gym Fees,-31.47,CA
35187,1/27/2014,Amazon Order - Athletic Equipment,-20,CA
35187,1/27/2014,GNC,-12.5,CA
35187,1/27/2014,Athletic Apparel,-95.66,CA
35187,1/28/2014,Taxi,-34.57,CA
35187,1/29/2014,Restaurant - Pizza,-30.52,CA
35187,1/30/2014,Sam's Sporting Apparel,-61.99,CA
35187,1/30/2014,Restaurant - Pizza,-12.42,CA
35187,1/30/2014,Restaurant - Chinese,-29.44,CA
35187,3/2/2014,Paycheck,4573,CA
35187,3/2/2014,Housing Rent,-821,CA
35187,3/2/2014,ACS - Student Loans,-135,CA
35187,3/2/2014,Gas & Electric,-32,CA
35187,3/2/2014,Navient - Student Loans,-197,CA
35187,3/2/2014,Credit Card Payment,-154,CA
35187,3/2/2014,Water & Sewer,-53,CA
35187,3/2/2014,Athletic Apparel,-39.09,CA
35187,3/2/2014,Taxi,-22.22,CA
35187,3/3/2014,Vitamin Shoppe,-38.82,CA
35187,3/4/2014,Sam's Sporting Apparel,-66.09,CA
35187,3/4/2014,Food Delivery - GrubHub,-19.51,CA
35187,3/4/2014,Public Transportation - Train Pass,-13.42,CA
35187,3/4/2014,Dick's Sporting Goods,-5.95,CA
35187,3/4/2014,Restaurant - Pizza,-3.53,CA
35187,3/4/2014,Total Gym Fees,-29.73,CA
35187,3/4/2014,Athletic Apparel,-64.66,CA
35187,3/5/2014,Public Transportation - Train Pass,-28.01,CA
35187,3/5/2014,Dick's Sporting Goods,-30.65,CA
35187,3/5/2014,Dick's Sporting Goods,-6.55,CA
35187,3/6/2014,GNC,-119.97,CA
35187,3/6/2014,Starbucks Coffee,-82.76,CA
35187,3/6/2014,Total Gym Fees,-15.61,CA
35187,3/6/2014,Vitamin Shoppe,-56.08,CA
35187,3/7/2014,Total Gym Fees,-17.31,CA
35187,3/7/2014,Dick's Sporting Goods,-4.41,CA
35187,3/7/2014,Amazon Order - Athletic Equipment,-0.59,CA
35187,3/8/2014,Dick's Sporting Goods,-9.29,CA
35187,3/8/2014,Bike Rental,-25.7,CA
35187,3/8/2014,Sam's Sporting Apparel,-17.3,CA
35187,3/9/2014,NFL Ticket - Chargers,-34.53,CA
35187,3/9/2014,Uber,-53.27,CA
35187,3/9/2014,Restaurant - Pizza,-22.65,CA
35187,3/10/2014,GNC,-32.1,CA
35187,3/10/2014,Total Gym Fees,-23.73,CA
35187,3/10/2014,Bike Rental,-10.24,CA
35187,3/11/2014,NBA Ticket - Lakers,-38.34,CA
35187,3/11/2014,Vitamin Shoppe,-4.77,CA
35187,3/12/2014,Restaurant - Burgers,-18.38,CA
35187,3/12/2014,Uber,-29.3,CA
35187,3/12/2014,GNC,-20.04,CA
35187,3/12/2014,Restaurant - Chinese,-51.04,CA
35187,3/12/2014,Amazon Order - Athletic Equipment,-3.92,CA
35187,3/12/2014,NFL Ticket - Chargers,-45.14,CA
35187,3/13/2014,Sprouts Market,-102.43,CA
35187,3/13/2014,NBA Ticket - Lakers,-19.62,CA
35187,3/13/2014,GNC,-26.36,CA
35187,3/13/2014,GNC,-18.51,CA
35187,3/14/2014,Vitamin Shoppe,-35.2,CA
35187,3/14/2014,NFL Ticket - Chargers,-3.43,CA
35187,3/14/2014,Restaurant - Burgers,-25.17,CA
35187,3/14/2014,Vitamin Shoppe,-22.37,CA
35187,3/14/2014,NFL Ticket - Chargers,-41.49,CA
35187,3/14/2014,Dick's Sporting Goods,-25.53,CA
35187,3/14/2014,Vitamin Shoppe,-16.88,CA
35187,3/14/2014,Athletic Apparel,-17.89,CA
35187,3/14/2014,Lyft,-27.95,CA
35187,3/14/2014,Starbucks Coffee,-75.56,CA
35187,3/14/2014,Restaurant - Pizza,-21.66,CA
35187,3/14/2014,Restaurant - Steakhouse,-39.93,CA
35187,3/14/2014,Sam's Sporting Apparel,-1.71,CA
35187,3/15/2014,Amazon Order - Athletic Equipment,-31.61,CA
35187,3/15/2014,Public Transportation - Bus Pass,-23.23,CA
35187,3/15/2014,GNC,-35.22,CA
35187,3/15/2014,Taxi,-51.16,CA
35187,3/15/2014,Starbucks Coffee,-1.24,CA
35187,3/16/2014,NBA Ticket - Lakers,-15.06,CA
35187,3/16/2014,NBA Ticket - Lakers,-11.31,CA
35187,3/16/2014,Restaurant - Pizza,-11.25,CA
35187,3/16/2014,Sam's Sporting Apparel,-9.48,CA
35187,3/16/2014,Taxi,-35.04,CA
35187,3/17/2014,Sam's Sporting Apparel,-33.83,CA
35187,3/17/2014,Bike Rental,-11,CA
35187,3/18/2014,Athletic Apparel,-93.96,CA
35187,3/18/2014,Lyft,-25.95,CA
35187,3/19/2014,Taxi,-98.23,CA
35187,3/20/2014,Public Transportation - Bus Pass,-24.2,CA
35187,3/20/2014,NBA Ticket - Lakers,-29.28,CA
35187,3/20/2014,Total Gym Fees,-15.2,CA
35187,3/20/2014,GNC,-7.91,CA
35187,3/20/2014,Sam's Sporting Apparel,-25.52,CA
35187,3/20/2014,Bike Rental,-17.35,CA
35187,3/20/2014,Public Transportation - Bus Pass,-25.95,CA
35187,3/21/2014,Taxi,-60.04,CA
35187,3/22/2014,Total Gym Fees,-99.47,CA
35187,3/23/2014,Restaurant - Pizza,-6.17,CA
35187,3/23/2014,Sprouts Market,-20.89,CA
35187,3/23/2014,Sam's Sporting Apparel,-12.5,CA
35187,3/23/2014,NBA Ticket - Lakers,-58.07,CA
35187,3/23/2014,Total Gym Fees,-23.36,CA
35187,3/23/2014,Dick's Sporting Goods,-32.96,CA
35187,3/23/2014,Dick's Sporting Goods,-7.3,CA
35187,3/23/2014,Dick's Sporting Goods,-38.3,CA
35187,3/23/2014,NFL Ticket - Chargers,-2.71,CA
35187,3/23/2014,Restaurant - Pizza,-60.08,CA
35187,3/24/2014,Athletic Apparel,-33.55,CA
35187,3/25/2014,Food Delivery - GrubHub,-37.06,CA
35187,3/25/2014,Vitamin Shoppe,-12.79,CA
35187,3/25/2014,Lyft,-22.06,CA
35187,3/26/2014,Uber,-18.72,CA
35187,3/26/2014,Bike Rental,-13.18,CA
35187,3/26/2014,Sprouts Market,-19.09,CA
35187,3/26/2014,Total Gym Fees,-0.39,CA
35187,3/27/2014,Vitamin Shoppe,-12.68,CA
35187,3/27/2014,Total Gym Fees,-0.43,CA
35187,3/27/2014,Vitamin Shoppe,-47.49,CA
35187,3/28/2014,NFL Ticket - Chargers,-14.84,CA
35187,3/28/2014,Athletic Apparel,-15.36,CA
35187,3/29/2014,Restaurant - Chinese,-103.77,CA
35187,3/29/2014,Taxi,-33.43,CA
35187,3/29/2014,Restaurant - Chinese,-17.22,CA
35187,3/29/2014,Ralph's Grocery Store,-16.08,CA
35187,3/29/2014,Vitamin Shoppe,-110.05,CA
35187,3/29/2014,Athletic Apparel,-31.38,CA
35187,3/29/2014,Ralph's Grocery Store,-16.49,CA
35187,3/30/2014,Whole Foods,-24.98,CA
35187,3/30/2014,GNC,-8.07,CA
35187,4/2/2014,Paycheck,4573,CA
35187,4/2/2014,Housing Rent,-1147,CA
35187,4/2/2014,ACS - Student Loans,-135,CA
35187,4/2/2014,Gas & Electric,-32,CA
35187,4/2/2014,Navient - Student Loans,-197,CA
35187,4/2/2014,Credit Card Payment,-154,CA
35187,4/2/2014,Water & Sewer,-53,CA
35187,4/2/2014,Vitamin Shoppe,-23.19,CA
35187,4/3/2014,Whole Foods,-31.8,CA
35187,4/4/2014,Restaurant - Pizza,-24.14,CA
35187,4/4/2014,Sprouts Market,-37.14,CA
35187,4/4/2014,NBA Ticket - Lakers,-113.67,CA
35187,4/4/2014,Taxi,-0.22,CA
35187,4/4/2014,GNC,-29.49,CA
35187,4/5/2014,Dick's Sporting Goods,-38.45,CA
35187,4/5/2014,Vitamin Shoppe,-4.37,CA
35187,4/5/2014,Bike Rental,-24.6,CA
35187,4/5/2014,Public Transportation - Bus Pass,-2.27,CA
35187,4/5/2014,GNC,-15.9,CA
35187,4/5/2014,Restaurant - Steakhouse,-88.39,CA
35187,4/5/2014,NFL Ticket - Chargers,-39.5,CA
35187,4/5/2014,Bike Rental,-15.99,CA
35187,4/6/2014,Athletic Apparel,-18.78,CA
35187,4/6/2014,Sam's Sporting Apparel,-28.29,CA
35187,4/6/2014,Vitamin Shoppe,-88.69,CA
35187,4/7/2014,Bike Rental,-43.61,CA
35187,4/8/2014,Bike Rental,-26.09,CA
35187,4/8/2014,NFL Ticket - Chargers,-16.49,CA
35187,4/8/2014,Sam's Sporting Apparel,-25.4,CA
35187,4/8/2014,Dick's Sporting Goods,-22.38,CA
35187,4/8/2014,Bike Rental,-32.84,CA
35187,4/8/2014,Sam's Sporting Apparel,-22.88,CA
35187,4/8/2014,Sam's Sporting Apparel,-36.78,CA
35187,4/8/2014,Taxi,-16.19,CA
35187,4/8/2014,Von's Groceries,-11.22,CA
35187,4/9/2014,Vitamin Shoppe,-10.46,CA
35187,4/9/2014,NFL Ticket - Chargers,-32.5,CA
35187,4/9/2014,Lyft,-29.6,CA
35187,4/10/2014,Amazon Order - Athletic Equipment,-5.87,CA
35187,4/10/2014,Restaurant - Burgers,-7.62,CA
35187,4/10/2014,Amazon Order - Athletic Equipment,-86.17,CA
35187,4/10/2014,Public Transportation - Train Pass,-29.1,CA
35187,4/10/2014,Athletic Apparel,-25.24,CA
35187,4/10/2014,Taxi,-57.57,CA
35187,4/10/2014,Dick's Sporting Goods,-21.94,CA
35187,4/10/2014,Lyft,-38.88,CA
35187,4/10/2014,Bike Rental,-94.2,CA
35187,4/11/2014,Dick's Sporting Goods,-32.38,CA
35187,4/11/2014,Athletic Apparel,-23.4,CA
35187,4/12/2014,NFL Ticket - Chargers,-19.58,CA
35187,4/13/2014,Sam's Sporting Apparel,-60.73,CA
35187,4/13/2014,Uber,-32.54,CA
35187,4/13/2014,Restaurant - Pizza,-42.82,CA
35187,4/13/2014,Uber,-18.58,CA
35187,4/13/2014,NBA Ticket - Lakers,-20.19,CA
35187,4/13/2014,Dick's Sporting Goods,-75.44,CA
35187,4/14/2014,Vitamin Shoppe,-3.58,CA
35187,4/14/2014,Restaurant - Steakhouse,-24.13,CA
35187,4/14/2014,Amazon Order - Athletic Equipment,-16.05,CA
35187,4/14/2014,NFL Ticket - Chargers,-19.85,CA
35187,4/14/2014,Total Gym Fees,-11.66,CA
35187,4/14/2014,Total Gym Fees,-17.07,CA
35187,4/14/2014,Uber,-106.06,CA
35187,4/14/2014,Amazon Order - Athletic Equipment,-12.52,CA
35187,4/14/2014,GNC,-32.43,CA
35187,4/14/2014,Athletic Apparel,-1.71,CA
35187,4/14/2014,GNC,-14.32,CA
35187,4/14/2014,Public Transportation - Train Pass,-32.11,CA
35187,4/14/2014,Total Gym Fees,-23.59,CA
35187,4/14/2014,Athletic Apparel,-33.09,CA
35187,4/14/2014,Restaurant - Pizza,-24.5,CA
35187,4/14/2014,Athletic Apparel,-43.78,CA
35187,4/14/2014,Athletic Apparel,-2.24,CA
35187,4/15/2014,Total Gym Fees,-114.91,CA
35187,4/15/2014,Whole Foods,-13.01,CA
35187,4/15/2014,Public Transportation - Bus Pass,-12.32,CA
35187,4/15/2014,Restaurant - Burgers,-7.81,CA
35187,4/16/2014,Sam's Sporting Apparel,-11.23,CA
35187,4/17/2014,Total Gym Fees,-1.54,CA
35187,4/18/2014,Restaurant - Chinese,-25.68,CA
35187,4/18/2014,Total Gym Fees,-25.75,CA
35187,4/18/2014,Dick's Sporting Goods,-21.91,CA
35187,4/18/2014,Total Gym Fees,-66.07,CA
35187,4/18/2014,Whole Foods,-11.48,CA
35187,4/18/2014,Lyft,-10.39,CA
35187,4/18/2014,Uber,-30.93,CA
35187,4/19/2014,Athletic Apparel,-30.51,CA
35187,4/20/2014,Total Gym Fees,-34.09,CA
35187,4/20/2014,Uber,-16.78,CA
35187,4/20/2014,GNC,-51.68,CA
35187,4/20/2014,Taxi,-9.52,CA
35187,4/20/2014,GNC,-19.55,CA
35187,4/20/2014,Starbucks Coffee,-41.86,CA
35187,4/20/2014,NBA Ticket - Lakers,-31.09,CA
35187,4/20/2014,Public Transportation - Bus Pass,-7,CA
35187,4/20/2014,Kay Jewelry,-50.92,CA
35187,4/20/2014,Wedding Planner,-0.77,CA
35187,4/20/2014,Southwest Flights - Cancun,-17.66,CA
35187,4/20/2014,Cancun Beach Resort,-2.47,CA
35187,4/21/2014,Sam's Sporting Apparel,-19.47,CA
35187,4/22/2014,Total Gym Fees,-24.48,CA
35187,4/23/2014,GNC,-27,CA
35187,4/23/2014,Sprouts Market,-37.24,CA
35187,4/23/2014,NBA Ticket - Lakers,-4.33,CA
35187,4/23/2014,Dick's Sporting Goods,-19.14,CA
35187,4/23/2014,Uber,-95.73,CA
35187,4/24/2014,NFL Ticket - Chargers,-27.57,CA
35187,4/24/2014,Uber,-27.8,CA
35187,4/24/2014,GNC,-9.2,CA
35187,4/24/2014,Taxi,-84.94,CA
35187,4/25/2014,Vitamin Shoppe,-32.62,CA
35187,4/26/2014,Lyft,-0.87,CA
35187,4/27/2014,Taxi,-26.86,CA
35187,4/28/2014,Vitamin Shoppe,-37.38,CA
35187,4/28/2014,GNC,-11.42,CA
35187,4/28/2014,Restaurant - Pizza,-15.47,CA
35187,4/28/2014,Bike Rental,-32.78,CA
35187,4/29/2014,NFL Ticket - Chargers,-88.09,CA
35187,4/29/2014,Taxi,-24.98,CA
35187,4/29/2014,Vitamin Shoppe,-50.1,CA
35187,4/29/2014,NBA Ticket - Lakers,-42.15,CA
35187,4/30/2014,Restaurant - Burgers,-3.19,CA
35187,4/30/2014,Public Transportation - Train Pass,-18.75,CA
35187,4/30/2014,Restaurant - Burgers,-38.32,CA
35187,5/2/2014,Paycheck,4573,CA
35187,5/2/2014,Housing Rent,-918,CA
35187,5/2/2014,ACS - Student Loans,-135,CA
35187,5/2/2014,Gas & Electric,-32,CA
35187,5/2/2014,Navient - Student Loans,-197,CA
35187,5/2/2014,Credit Card Payment,-154,CA
35187,5/2/2014,Water & Sewer,-53,CA
35187,5/2/2014,Athletic Apparel,-38.56,CA
35187,5/2/2014,Uber,-9.28,CA
35187,5/2/2014,Public Transportation - Bus Pass,-54.33,CA
35187,5/2/2014,Bike Rental,-7.76,CA
35187,5/3/2014,Dick's Sporting Goods,-39.07,CA
35187,5/3/2014,Vitamin Shoppe,-29.92,CA
35187,5/3/2014,Lyft,-14.91,CA
35187,5/4/2014,Public Transportation - Bus Pass,-5.75,CA
35187,5/5/2014,Sam's Sporting Apparel,-2.46,CA
35187,5/5/2014,Taxi,-30.82,CA
35187,5/5/2014,Sam's Sporting Apparel,-12.18,CA
35187,5/5/2014,Dick's Sporting Goods,-33.89,CA
35187,5/5/2014,Public Transportation - Bus Pass,-42.43,CA
35187,5/5/2014,Total Gym Fees,-12.36,CA
35187,5/6/2014,Public Transportation - Train Pass,-59.42,CA
35187,5/7/2014,Total Gym Fees,-35.69,CA
35187,5/7/2014,Ralph's Grocery Store,-3.3,CA
35187,5/8/2014,Public Transportation - Bus Pass,-26.87,CA
35187,5/8/2014,Restaurant - Burgers,-103.78,CA
35187,5/8/2014,Bike Rental,-17.13,CA
35187,5/9/2014,Ralph's Grocery Store,-13.84,CA
35187,5/10/2014,Athletic Apparel,-39.22,CA
35187,5/10/2014,Starbucks Coffee,-38.47,CA
35187,5/10/2014,Lyft,-25.1,CA
35187,5/10/2014,Amazon Order - Athletic Equipment,-37.18,CA
35187,5/10/2014,Taxi,-26.46,CA
35187,5/11/2014,Bike Rental,-36.58,CA
35187,5/11/2014,Sprouts Market,-6.05,CA
35187,5/11/2014,Bike Rental,-69.11,CA
35187,5/11/2014,Athletic Apparel,-39.77,CA
35187,5/11/2014,Restaurant - Pizza,-36.08,CA
35187,5/11/2014,NBA Ticket - Lakers,-27.57,CA
35187,5/12/2014,Total Gym Fees,-8.78,CA
35187,5/12/2014,Taxi,-30.44,CA
35187,5/12/2014,Athletic Apparel,-23.74,CA
35187,5/12/2014,NBA Ticket - Lakers,-101.6,CA
35187,5/13/2014,Ralph's Grocery Store,-79.11,CA
35187,5/13/2014,Public Transportation - Train Pass,-39.58,CA
35187,5/13/2014,Starbucks Coffee,-34.75,CA
35187,5/14/2014,Amazon Order - Athletic Equipment,-18.26,CA
35187,5/14/2014,Bike Rental,-34.22,CA
35187,5/14/2014,Sam's Sporting Apparel,-77.38,CA
35187,5/15/2014,Whole Foods,-13.63,CA
35187,5/15/2014,Starbucks Coffee,-39.21,CA
35187,5/15/2014,Sam's Sporting Apparel,-47.9,CA
35187,5/16/2014,Athletic Apparel,-12.18,CA
35187,5/16/2014,Restaurant - Steakhouse,-21.38,CA
35187,5/17/2014,Sam's Sporting Apparel,-21.58,CA
35187,5/18/2014,Restaurant - Pizza,-12.51,CA
35187,5/18/2014,Amazon Order - Athletic Equipment,-28.53,CA
35187,5/18/2014,Amazon Order - Athletic Equipment,-0.96,CA
35187,5/19/2014,Lyft,-16.73,CA
35187,5/20/2014,GNC,-27.87,CA
35187,5/20/2014,Public Transportation - Train Pass,-36.8,CA
35187,5/20/2014,Sam's Sporting Apparel,-77.05,CA
35187,5/20/2014,NFL Ticket - Chargers,-117.14,CA
35187,5/20/2014,GNC,-66.66,CA
35187,5/21/2014,Restaurant - Chinese,-31.25,CA
35187,5/21/2014,Public Transportation - Train Pass,-26.28,CA
35187,5/22/2014,Athletic Apparel,-76.59,CA
35187,5/23/2014,Restaurant - Chinese,-32.66,CA
35187,5/23/2014,NFL Ticket - Chargers,-9.11,CA
35187,5/23/2014,Restaurant - Chinese,-0.64,CA
35187,5/23/2014,Vitamin Shoppe,-28.65,CA
35187,5/23/2014,Von's Groceries,-33.87,CA
35187,5/24/2014,Athletic Apparel,-6.67,CA
35187,5/24/2014,Bike Rental,-45.48,CA
35187,5/25/2014,Bike Rental,-5.34,CA
35187,5/25/2014,Sprouts Market,-9.21,CA
35187,5/25/2014,Vitamin Shoppe,-27.56,CA
35187,5/25/2014,Starbucks Coffee,-31.14,CA
35187,5/25/2014,Sam's Sporting Apparel,-25.1,CA
35187,5/25/2014,Lyft,-9,CA
35187,5/26/2014,Uber,-8.51,CA
35187,5/27/2014,Dick's Sporting Goods,-27.57,CA
35187,5/27/2014,Athletic Apparel,-29.54,CA
35187,5/28/2014,Sam's Sporting Apparel,-15.44,CA
35187,5/29/2014,NFL Ticket - Chargers,-9.38,CA
35187,5/30/2014,Amazon Order - Athletic Equipment,-30.83,CA
35187,5/30/2014,Vitamin Shoppe,-3.03,CA
35187,5/30/2014,Amazon Order - Athletic Equipment,-29.12,CA
35187,5/30/2014,Lyft,-19.11,CA
35187,5/30/2014,Dick's Sporting Goods,-19.49,CA
35187,6/2/2014,Paycheck,4573,CA
35187,6/2/2014,Housing Rent,-843,CA
35187,6/2/2014,ACS - Student Loans,-135,CA
35187,6/2/2014,Gas & Electric,-32,CA
35187,6/2/2014,Navient - Student Loans,-197,CA
35187,6/2/2014,Credit Card Payment,-154,CA
35187,6/2/2014,Water & Sewer,-53,CA
35187,6/2/2014,Amazon Order - Athletic Equipment,-14.68,CA
35187,6/2/2014,NFL Ticket - Chargers,-9.37,CA
35187,6/2/2014,NFL Ticket - Chargers,-4.35,CA
35187,6/2/2014,Taxi,-29.58,CA
35187,6/2/2014,Total Gym Fees,-38.83,CA
35187,6/2/2014,NFL Ticket - Chargers,-75.66,CA
35187,6/3/2014,NFL Ticket - Chargers,-27.32,CA
35187,6/3/2014,Amazon Order - Athletic Equipment,-107.8,CA
35187,6/4/2014,Vitamin Shoppe,-2.92,CA
35187,6/4/2014,Taxi,-6.7,CA
35187,6/5/2014,Von's Groceries,-114.5,CA
35187,6/6/2014,Public Transportation - Train Pass,-33.09,CA
35187,6/6/2014,Public Transportation - Train Pass,-16.69,CA
35187,6/6/2014,Public Transportation - Bus Pass,-63,CA
35187,6/7/2014,Public Transportation - Bus Pass,-39.98,CA
35187,6/8/2014,GNC,-21.58,CA
35187,6/8/2014,Dick's Sporting Goods,-11.06,CA
35187,6/8/2014,Vitamin Shoppe,-11.43,CA
35187,6/8/2014,Athletic Apparel,-15.89,CA
35187,6/9/2014,Dick's Sporting Goods,-11.27,CA
35187,6/9/2014,NFL Ticket - Chargers,-110.3,CA
35187,6/9/2014,NFL Ticket - Chargers,-16.71,CA
35187,6/9/2014,NFL Ticket - Chargers,-8,CA
35187,6/9/2014,Amazon Order - Athletic Equipment,-21.1,CA
35187,6/9/2014,Whole Foods,-8.49,CA
35187,6/9/2014,Amazon Order - Athletic Equipment,-19.34,CA
35187,6/9/2014,NFL Ticket - Chargers,-31.35,CA
35187,6/10/2014,Food Delivery - GrubHub,-109.29,CA
35187,6/10/2014,Amazon Order - Athletic Equipment,-8.24,CA
35187,6/10/2014,Dick's Sporting Goods,-17.79,CA
35187,6/10/2014,Mark's Movers,-25.41,CA
35187,6/10/2014,FedEx Shipping,-31.75,CA
35187,6/10/2014,Jerome's Furniture,-9.14,CA
35187,6/10/2014,Home Depot,-20.81,CA
35187,6/10/2014,Refrigerator Depot,-24.3,CA
35187,6/10/2014,Hamilton Move & Storage,-29.15,CA
35187,6/11/2014,Amazon Order - Athletic Equipment,-4.47,CA
35187,6/12/2014,Bike Rental,-25.07,CA
35187,6/12/2014,Lyft,-36.3,CA
35187,6/12/2014,Restaurant - Burgers,-33.75,CA
35187,6/13/2014,Athletic Apparel,-27.81,CA
35187,6/14/2014,Total Gym Fees,-35.39,CA
35187,6/14/2014,Dick's Sporting Goods,-18.28,CA
35187,6/15/2014,NBA Ticket - Lakers,-13.84,CA
35187,6/16/2014,Uber,-11.26,CA
35187,6/17/2014,Amazon Order - Athletic Equipment,-25.77,CA
35187,6/17/2014,NFL Ticket - Chargers,-31.24,CA
35187,6/17/2014,Athletic Apparel,-4.6,CA
35187,6/17/2014,Whole Foods,-19.48,CA
35187,6/17/2014,Athletic Apparel,-23.34,CA
35187,6/17/2014,Dick's Sporting Goods,-11.33,CA
35187,6/17/2014,GNC,-0.26,CA
35187,6/17/2014,Total Gym Fees,-33.97,CA
35187,6/17/2014,NBA Ticket - Lakers,-6.28,CA
35187,6/17/2014,Sam's Sporting Apparel,-34.93,CA
35187,6/18/2014,Vitamin Shoppe,-14.6,CA
35187,6/19/2014,Dick's Sporting Goods,-39.62,CA
35187,6/20/2014,NFL Ticket - Chargers,-27.91,CA
35187,6/20/2014,Dick's Sporting Goods,-6.35,CA
35187,6/21/2014,Amazon Order - Athletic Equipment,-9.18,CA
35187,6/21/2014,Dick's Sporting Goods,-17.1,CA
35187,6/22/2014,Sam's Sporting Apparel,-0.21,CA
35187,6/22/2014,Starbucks Coffee,-24.63,CA
35187,6/22/2014,Vitamin Shoppe,-35.59,CA
35187,6/23/2014,GNC,-36.42,CA
35187,6/23/2014,Total Gym Fees,-21.3,CA
35187,6/23/2014,GNC,-32.97,CA
35187,6/24/2014,Bike Rental,-13.91,CA
35187,6/24/2014,Vitamin Shoppe,-32.45,CA
35187,6/24/2014,Total Gym Fees,-28.43,CA
35187,6/25/2014,Restaurant - Chinese,-112.79,CA
35187,6/26/2014,NFL Ticket - Chargers,-8.94,CA
35187,6/26/2014,Lyft,-34.68,CA
35187,6/27/2014,Taxi,-34.48,CA
35187,6/27/2014,NFL Ticket - Chargers,-46.73,CA
35187,6/28/2014,NFL Ticket - Chargers,-35.5,CA
35187,6/28/2014,Bike Rental,-92.22,CA
35187,6/28/2014,Von's Groceries,-1.1,CA
35187,6/28/2014,NBA Ticket - Lakers,-34.34,CA
35187,6/29/2014,NBA Ticket - Lakers,-29.99,CA
35187,6/30/2014,Total Gym Fees,-20.31,CA
35187,6/30/2014,GNC,-102.95,CA
35187,7/2/2014,Paycheck,4573,CA
35187,7/2/2014,Housing Rent,-733,CA
35187,7/2/2014,ACS - Student Loans,-135,CA
35187,7/2/2014,Gas & Electric,-32,CA
35187,7/2/2014,Navient - Student Loans,-197,CA
35187,7/2/2014,Credit Card Payment,-154,CA
35187,7/2/2014,Water & Sewer,-53,CA
35187,7/2/2014,Restaurant - Pizza,-39.7,CA
35187,7/3/2014,NFL Ticket - Chargers,-31.32,CA
35187,7/4/2014,Bike Rental,-109.37,CA
35187,7/4/2014,Bike Rental,-106.94,CA
35187,7/4/2014,GNC,-22.42,CA
35187,7/5/2014,Athletic Apparel,-9.5,CA
35187,7/5/2014,NFL Ticket - Chargers,-25.38,CA
35187,7/6/2014,GNC,-24.48,CA
35187,7/6/2014,Bike Rental,-14.77,CA
35187,7/6/2014,Lyft,-1.33,CA
35187,7/6/2014,Dick's Sporting Goods,-17.31,CA
35187,7/6/2014,Total Gym Fees,-118.54,CA
35187,7/7/2014,Lyft,-27.44,CA
35187,7/8/2014,Restaurant - Chinese,-23.9,CA
35187,7/9/2014,Uber,-20.95,CA
35187,7/9/2014,Dick's Sporting Goods,-37.79,CA
35187,7/9/2014,Public Transportation - Train Pass,-7.14,CA
35187,7/9/2014,NBA Ticket - Lakers,-7.47,CA
35187,7/9/2014,Restaurant - Burgers,-59.78,CA
35187,7/9/2014,NFL Ticket - Chargers,-3.7,CA
35187,7/9/2014,GNC,-109.67,CA
35187,7/10/2014,Uber,-35.27,CA
35187,7/10/2014,Bike Rental,-32.79,CA
35187,7/11/2014,NBA Ticket - Lakers,-14.96,CA
35187,7/12/2014,Bike Rental,-28.19,CA
35187,7/12/2014,Amazon Order - Athletic Equipment,-8.95,CA
35187,7/12/2014,NBA Ticket - Lakers,-36.49,CA
35187,7/12/2014,Taxi,-42.02,CA
35187,7/13/2014,NFL Ticket - Chargers,-32.45,CA
35187,7/13/2014,Bike Rental,-19.74,CA
35187,7/14/2014,Athletic Apparel,-34.92,CA
35187,7/14/2014,NFL Ticket - Chargers,-86.01,CA
35187,7/14/2014,Lyft,-0.75,CA
35187,7/14/2014,Vitamin Shoppe,-13.97,CA
35187,7/14/2014,Sprouts Market,-105.03,CA
35187,7/14/2014,NBA Ticket - Lakers,-6.46,CA
35187,7/15/2014,Lyft,-37.98,CA
35187,7/16/2014,NFL Ticket - Chargers,-36.57,CA
35187,7/17/2014,Total Gym Fees,-22.04,CA
35187,7/17/2014,Bike Rental,-8.18,CA
35187,7/18/2014,Restaurant - Chinese,-2.7,CA
35187,7/19/2014,Bike Rental,-9.22,CA
35187,7/19/2014,Starbucks Coffee,-4.6,CA
35187,7/19/2014,Total Gym Fees,-35.19,CA
35187,7/20/2014,Restaurant - Chinese,-111.43,CA
35187,7/20/2014,Dick's Sporting Goods,-27.25,CA
35187,7/20/2014,GNC,-37.45,CA
35187,7/20/2014,Athletic Apparel,-37,CA
35187,7/21/2014,Vitamin Shoppe,-11.45,CA
35187,7/21/2014,NFL Ticket - Chargers,-37.74,CA
35187,7/21/2014,Sam's Sporting Apparel,-39.72,CA
35187,7/21/2014,Uber,-4.92,CA
35187,7/21/2014,Total Gym Fees,-15.72,CA
35187,7/22/2014,NBA Ticket - Lakers,-0.85,CA
35187,7/22/2014,Total Gym Fees,-23.13,CA
35187,7/23/2014,Taxi,-51.49,CA
35187,7/23/2014,Dick's Sporting Goods,-19.04,CA
35187,7/23/2014,Sam's Sporting Apparel,-3.18,CA
35187,7/24/2014,NBA Ticket - Lakers,-5.21,CA
35187,7/25/2014,Athletic Apparel,-33.57,CA
35187,7/25/2014,Amazon Order - Athletic Equipment,-11.04,CA
35187,7/25/2014,Restaurant - Pizza,-0.81,CA
35187,7/26/2014,NFL Ticket - Chargers,-21.97,CA
35187,7/26/2014,Vitamin Shoppe,-59.66,CA
35187,7/27/2014,NFL Ticket - Chargers,-3.32,CA
35187,7/28/2014,Total Gym Fees,-63.41,CA
35187,7/28/2014,Athletic Apparel,-7.03,CA
35187,7/29/2014,NBA Ticket - Lakers,-8.27,CA
35187,7/29/2014,Ralph's Grocery Store,-108.78,CA
35187,7/30/2014,Taxi,-28.98,CA
35187,7/30/2014,Sam's Sporting Apparel,-17.75,CA
35187,7/30/2014,Athletic Apparel,-39.08,CA
35187,7/30/2014,GNC,-55.69,CA
35187,7/30/2014,Dick's Sporting Goods,-28.36,CA
35187,8/2/2014,Paycheck,4573,CA
35187,8/2/2014,Housing Rent,-882,CA
35187,8/2/2014,ACS - Student Loans,-135,CA
35187,8/2/2014,Gas & Electric,-32,CA
35187,8/2/2014,Navient - Student Loans,-197,CA
35187,8/2/2014,Credit Card Payment,-154,CA
35187,8/2/2014,Water & Sewer,-53,CA
35187,8/2/2014,Athletic Apparel,-12.14,CA
35187,8/3/2014,Sam's Sporting Apparel,-16.87,CA
35187,8/3/2014,Sam's Sporting Apparel,-32.52,CA
35187,8/3/2014,Dick's Sporting Goods,-9.79,CA
35187,8/4/2014,Total Gym Fees,-0.51,CA
35187,8/5/2014,Dick's Sporting Goods,-16.04,CA
35187,8/5/2014,Amazon Order - Athletic Equipment,-29.1,CA
35187,8/5/2014,Total Gym Fees,-9.52,CA
35187,8/5/2014,Dick's Sporting Goods,-3.8,CA
35187,8/5/2014,Amazon Order - Athletic Equipment,-5.48,CA
35187,8/6/2014,NBA Ticket - Lakers,-39.99,CA
35187,8/6/2014,Athletic Apparel,-10.52,CA
35187,8/6/2014,NBA Ticket - Lakers,-11.42,CA
35187,8/6/2014,Bike Rental,-29.61,CA
35187,8/6/2014,Dick's Sporting Goods,-19.07,CA
35187,8/6/2014,Restaurant - Chinese,-71.11,CA
35187,8/6/2014,Sam's Sporting Apparel,-9.04,CA
35187,8/6/2014,Athletic Apparel,-15.46,CA
35187,8/6/2014,Vitamin Shoppe,-34.83,CA
35187,8/6/2014,Whole Foods,-63.35,CA
35187,8/6/2014,Vitamin Shoppe,-30.7,CA
35187,8/6/2014,Dick's Sporting Goods,-35.19,CA
35187,8/7/2014,Lyft,-19.65,CA
35187,8/7/2014,Whole Foods,-34.38,CA
35187,8/8/2014,Taxi,-54.07,CA
35187,8/9/2014,Bike Rental,-34.25,CA
35187,8/10/2014,Athletic Apparel,-36.95,CA
35187,8/10/2014,Bike Rental,-15.88,CA
35187,8/10/2014,Sam's Sporting Apparel,-33.17,CA
35187,8/10/2014,Sam's Sporting Apparel,-25.02,CA
35187,8/10/2014,Bike Rental,-4.06,CA
35187,8/10/2014,Sam's Sporting Apparel,-34.77,CA
35187,8/10/2014,GNC,-5.86,CA
35187,8/10/2014,NBA Ticket - Lakers,-33.05,CA
35187,8/10/2014,Public Transportation - Bus Pass,-17.96,CA
35187,8/10/2014,NFL Ticket - Chargers,-0.2,CA
35187,8/11/2014,Food Delivery - GrubHub,-14.18,CA
35187,8/12/2014,Sam's Sporting Apparel,-10.44,CA
35187,8/12/2014,Ralph's Grocery Store,-9.58,CA
35187,8/12/2014,Taxi,-107.43,CA
35187,8/12/2014,Restaurant - Burgers,-52.41,CA
35187,8/13/2014,NBA Ticket - Lakers,-14.92,CA
35187,8/13/2014,Public Transportation - Train Pass,-7.33,CA
35187,8/13/2014,Dick's Sporting Goods,-25.54,CA
35187,8/13/2014,Dick's Sporting Goods,-32.13,CA
35187,8/14/2014,Athletic Apparel,-35.1,CA
35187,8/15/2014,Dick's Sporting Goods,-30.18,CA
35187,8/16/2014,Public Transportation - Bus Pass,-21.89,CA
35187,8/16/2014,Restaurant - Burgers,-31.65,CA
35187,8/16/2014,Athletic Apparel,-107.01,CA
35187,8/17/2014,NFL Ticket - Chargers,-25.4,CA
35187,8/17/2014,GNC,-18.23,CA
35187,8/17/2014,Dick's Sporting Goods,-27.73,CA
35187,8/17/2014,Vitamin Shoppe,-35.08,CA
35187,8/17/2014,Public Transportation - Train Pass,-21.19,CA
35187,8/17/2014,GNC,-26.64,CA
35187,8/17/2014,Dick's Sporting Goods,-25.79,CA
35187,8/18/2014,Bike Rental,-21.65,CA
35187,8/18/2014,Athletic Apparel,-3.49,CA
35187,8/18/2014,Restaurant - Steakhouse,-32.02,CA
35187,8/18/2014,Bike Rental,-25.04,CA
35187,8/18/2014,Restaurant - Chinese,-36.56,CA
35187,8/18/2014,Dick's Sporting Goods,-21.83,CA
35187,8/19/2014,GNC,-64.76,CA
35187,8/19/2014,NFL Ticket - Chargers,-60.84,CA
35187,8/19/2014,Sam's Sporting Apparel,-13.72,CA
35187,8/19/2014,Total Gym Fees,-82.62,CA
35187,8/19/2014,NFL Ticket - Chargers,-40.95,CA
35187,8/20/2014,Restaurant - Steakhouse,-8.59,CA
35187,8/20/2014,Sam's Sporting Apparel,-21.45,CA
35187,8/21/2014,NFL Ticket - Chargers,-23.14,CA
35187,8/21/2014,Total Gym Fees,-89.8,CA
35187,8/22/2014,Dick's Sporting Goods,-11.21,CA
35187,8/23/2014,Restaurant - Burgers,-29.7,CA
35187,8/24/2014,Athletic Apparel,-6.87,CA
35187,8/24/2014,NBA Ticket - Lakers,-75.51,CA
35187,8/24/2014,Dick's Sporting Goods,-10.22,CA
35187,8/24/2014,NBA Ticket - Lakers,-18.42,CA
35187,8/24/2014,NBA Ticket - Lakers,-17.66,CA
35187,8/24/2014,Public Transportation - Bus Pass,-93.28,CA
35187,8/24/2014,Food Delivery - GrubHub,-22.5,CA
35187,8/24/2014,Restaurant - Chinese,-32.96,CA
35187,8/25/2014,Food Delivery - GrubHub,-11.02,CA
35187,8/25/2014,NFL Ticket - Chargers,-25.09,CA
35187,8/25/2014,Von's Groceries,-10.24,CA
35187,8/25/2014,NBA Ticket - Lakers,-37.7,CA
35187,8/25/2014,Restaurant - Steakhouse,-26.76,CA
35187,8/25/2014,Athletic Apparel,-36.94,CA
35187,8/25/2014,Bike Rental,-12.19,CA
35187,8/25/2014,Total Gym Fees,-11.74,CA
35187,8/25/2014,Athletic Apparel,-13.22,CA
35187,8/25/2014,Lyft,-36.14,CA
35187,8/26/2014,Athletic Apparel,-20.29,CA
35187,8/27/2014,Sprouts Market,-26.65,CA
35187,8/28/2014,Food Delivery - GrubHub,-69.94,CA
35187,8/28/2014,Lyft,-75.11,CA
35187,8/28/2014,Taxi,-12.07,CA
35187,8/28/2014,Public Transportation - Train Pass,-31.31,CA
35187,8/28/2014,Dick's Sporting Goods,-29.64,CA
35187,8/28/2014,Uber,-27.64,CA
35187,8/28/2014,Food Delivery - GrubHub,-5.54,CA
35187,8/28/2014,Uber,-34.93,CA
35187,8/29/2014,Total Gym Fees,-106.75,CA
35187,8/29/2014,Uber,-6.4,CA
35187,8/29/2014,NBA Ticket - Lakers,-21.85,CA
35187,8/30/2014,Sam's Sporting Apparel,-54.59,CA
35187,8/30/2014,Lyft,-14.05,CA
35187,8/30/2014,Public Transportation - Bus Pass,-5.89,CA
35187,9/2/2014,Paycheck,4573,CA
35187,9/2/2014,Housing Rent,-1138,CA
35187,9/2/2014,ACS - Student Loans,-135,CA
35187,9/2/2014,Gas & Electric,-32,CA
35187,9/2/2014,Navient - Student Loans,-197,CA
35187,9/2/2014,Credit Card Payment,-154,CA
35187,9/2/2014,Water & Sewer,-53,CA
35187,9/2/2014,Total Gym Fees,-16.21,CA
35187,9/2/2014,NBA Ticket - Lakers,-26.39,CA
35187,9/3/2014,Athletic Apparel,-91.49,CA
35187,9/3/2014,Sam's Sporting Apparel,-13.02,CA
35187,9/3/2014,NFL Ticket - Chargers,-37.89,CA
35187,9/3/2014,Restaurant - Pizza,-13.8,CA
35187,9/4/2014,Vitamin Shoppe,-22.68,CA
35187,9/5/2014,NFL Ticket - Chargers,-12.04,CA
35187,9/5/2014,Sam's Sporting Apparel,-30.2,CA
35187,9/5/2014,Public Transportation - Bus Pass,-35.24,CA
35187,9/5/2014,Athletic Apparel,-59.14,CA
35187,9/6/2014,Amazon Order - Athletic Equipment,-3.8,CA
35187,9/6/2014,Amazon Order - Athletic Equipment,-20.09,CA
35187,9/6/2014,Sprouts Market,-21.16,CA
35187,9/6/2014,Sam's Sporting Apparel,-13.22,CA
35187,9/6/2014,Lyft,-61.6,CA
35187,9/6/2014,GNC,-36.95,CA
35187,9/7/2014,Ralph's Grocery Store,-24.72,CA
35187,9/7/2014,Total Gym Fees,-4.28,CA
35187,9/7/2014,Dick's Sporting Goods,-12.79,CA
35187,9/7/2014,Total Gym Fees,-9.37,CA
35187,9/7/2014,Vitamin Shoppe,-18.83,CA
35187,9/8/2014,Public Transportation - Bus Pass,-19.66,CA
35187,9/8/2014,Sam's Sporting Apparel,-32.81,CA
35187,9/8/2014,Dick's Sporting Goods,-30.1,CA
35187,9/9/2014,NBA Ticket - Lakers,-31.5,CA
35187,9/10/2014,Total Gym Fees,-8.32,CA
35187,9/10/2014,Starbucks Coffee,-59.95,CA
35187,9/10/2014,Total Gym Fees,-13.17,CA
35187,9/10/2014,Vitamin Shoppe,-26.09,CA
35187,9/11/2014,GNC,-7.92,CA
35187,9/11/2014,Bike Rental,-3.34,CA
35187,9/11/2014,Uber,-0.96,CA
35187,9/11/2014,NBA Ticket - Lakers,-0.29,CA
35187,9/11/2014,Sam's Sporting Apparel,-1.84,CA
35187,9/12/2014,Bike Rental,-15.15,CA
35187,9/13/2014,Lyft,-9.63,CA
35187,9/13/2014,NBA Ticket - Lakers,-31.88,CA
35187,9/13/2014,Public Transportation - Train Pass,-2.71,CA
35187,9/14/2014,Ralph's Grocery Store,-1.32,CA
35187,9/14/2014,NBA Ticket - Lakers,-5.73,CA
35187,9/14/2014,Total Gym Fees,-38.52,CA
35187,9/14/2014,Bike Rental,-7.38,CA
35187,9/14/2014,Total Gym Fees,-4.84,CA
35187,9/14/2014,Public Transportation - Train Pass,-17.27,CA
35187,9/14/2014,Amazon Order - Athletic Equipment,-16.12,CA
35187,9/14/2014,Athletic Apparel,-50.71,CA
35187,9/15/2014,GNC,-23.04,CA
35187,9/16/2014,Von's Groceries,-52.91,CA
35187,9/17/2014,Public Transportation - Train Pass,-93.89,CA
35187,9/17/2014,Vitamin Shoppe,-74.13,CA
35187,9/17/2014,Sam's Sporting Apparel,-59.33,CA
35187,9/18/2014,Vitamin Shoppe,-29.27,CA
35187,9/18/2014,Total Gym Fees,-35.04,CA
35187,9/18/2014,Taxi,-32.6,CA
35187,9/18/2014,Von's Groceries,-6.72,CA
35187,9/18/2014,Public Transportation - Bus Pass,-5.51,CA
35187,9/18/2014,NFL Ticket - Chargers,-36.79,CA
35187,9/18/2014,Public Transportation - Train Pass,-32.88,CA
35187,9/19/2014,NFL Ticket - Chargers,-15.09,CA
35187,9/20/2014,Bike Rental,-24.26,CA
35187,9/20/2014,Public Transportation - Train Pass,-1.5,CA
35187,9/21/2014,Bike Rental,-24.77,CA
35187,9/22/2014,Vitamin Shoppe,-3.06,CA
35187,9/23/2014,Uber,-73.3,CA
35187,9/23/2014,Public Transportation - Bus Pass,-18.37,CA
35187,9/23/2014,Bike Rental,-0.18,CA
35187,9/23/2014,Public Transportation - Train Pass,-3.58,CA
35187,9/23/2014,Lyft,-45.04,CA
35187,9/23/2014,Uber,-10.28,CA
35187,9/23/2014,Dick's Sporting Goods,-12.07,CA
35187,9/24/2014,Lyft,-17.87,CA
35187,9/24/2014,Sprouts Market,-34.68,CA
35187,9/25/2014,GNC,-20.67,CA
35187,9/25/2014,Food Delivery - GrubHub,-27.5,CA
35187,9/25/2014,Vitamin Shoppe,-34.51,CA
35187,9/25/2014,Sam's Sporting Apparel,-45.94,CA
35187,9/25/2014,GNC,-5.07,CA
35187,9/26/2014,Amazon Order - Athletic Equipment,-45.73,CA
35187,9/26/2014,Uber,-8.84,CA
35187,9/26/2014,Sam's Sporting Apparel,-23.98,CA
35187,9/27/2014,Lyft,-27.61,CA
35187,9/28/2014,Public Transportation - Bus Pass,-37.74,CA
35187,9/29/2014,Restaurant - Chinese,-11.65,CA
35187,9/30/2014,Total Gym Fees,-36.17,CA
35187,9/30/2014,GNC,-37.15,CA
35187,9/30/2014,Food Delivery - GrubHub,-35.45,CA
35187,9/30/2014,Food Delivery - GrubHub,-12.61,CA
35187,10/2/2014,Paycheck,4573,CA
35187,10/2/2014,Housing Rent,-1111,CA
35187,10/2/2014,ACS - Student Loans,-135,CA
35187,10/2/2014,Gas & Electric,-32,CA
35187,10/2/2014,Navient - Student Loans,-197,CA
35187,10/2/2014,Credit Card Payment,-154,CA
35187,10/2/2014,Water & Sewer,-53,CA
35187,10/2/2014,Amazon Order - Athletic Equipment,-20.63,CA
35187,10/2/2014,Athletic Apparel,-4.71,CA
35187,10/3/2014,Amazon Order - Athletic Equipment,-35.69,CA
35187,10/4/2014,Sam's Sporting Apparel,-6.73,CA
35187,10/4/2014,Amazon Order - Athletic Equipment,-39.3,CA
35187,10/4/2014,Von's Groceries,-10.86,CA
35187,10/4/2014,Public Transportation - Train Pass,-22.74,CA
35187,10/4/2014,Restaurant - Chinese,-0.78,CA
35187,10/4/2014,NFL Ticket - Chargers,-74.34,CA
35187,10/5/2014,Amazon Order - Athletic Equipment,-21.86,CA
35187,10/5/2014,NBA Ticket - Lakers,-2.84,CA
35187,10/5/2014,Von's Groceries,-19.97,CA
35187,10/5/2014,GNC,-14.61,CA
35187,10/5/2014,Amazon Order - Athletic Equipment,-9.76,CA
35187,10/6/2014,Whole Foods,-35.52,CA
35187,10/6/2014,Food Delivery - GrubHub,-5.16,CA
35187,10/6/2014,Public Transportation - Bus Pass,-25.45,CA
35187,10/6/2014,Food Delivery - GrubHub,-4.99,CA
35187,10/6/2014,Athletic Apparel,-28.92,CA
35187,10/6/2014,GNC,-25.02,CA
35187,10/6/2014,Food Delivery - GrubHub,-23.79,CA
35187,10/6/2014,Bike Rental,-9.44,CA
35187,10/6/2014,GNC,-25.81,CA
35187,10/6/2014,Lyft,-22.69,CA
35187,10/6/2014,Lyft,-12.13,CA
35187,10/7/2014,Sam's Sporting Apparel,-20.14,CA
35187,10/8/2014,NBA Ticket - Lakers,-31.96,CA
35187,10/9/2014,Sprouts Market,-12.53,CA
35187,10/9/2014,GNC,-11.25,CA
35187,10/9/2014,Sprouts Market,-4.4,CA
35187,10/10/2014,Total Gym Fees,-69.19,CA
35187,10/10/2014,GNC,-17.38,CA
35187,10/10/2014,Total Gym Fees,-38.53,CA
35187,10/11/2014,Food Delivery - GrubHub,-1.09,CA
35187,10/11/2014,Lyft,-13.04,CA
35187,10/11/2014,Vitamin Shoppe,-0.36,CA
35187,10/11/2014,Sam's Sporting Apparel,-31.85,CA
35187,10/11/2014,Amazon Order - Athletic Equipment,-16.07,CA
35187,10/11/2014,NBA Ticket - Lakers,-28.06,CA
35187,10/12/2014,Lyft,-25.15,CA
35187,10/13/2014,Taxi,-34.54,CA
35187,10/14/2014,Dick's Sporting Goods,-31.15,CA
35187,10/14/2014,Taxi,-4.17,CA
35187,10/14/2014,Taxi,-23.12,CA
35187,10/14/2014,NFL Ticket - Chargers,-34.51,CA
35187,10/15/2014,Bike Rental,-8.65,CA
35187,10/15/2014,Taxi,-8.71,CA
35187,10/15/2014,Sam's Sporting Apparel,-78,CA
35187,10/15/2014,Restaurant - Pizza,-0.1,CA
35187,10/15/2014,Sprouts Market,-10.22,CA
35187,10/16/2014,Public Transportation - Train Pass,-15.85,CA
35187,10/16/2014,Public Transportation - Bus Pass,-39.59,CA
35187,10/16/2014,Vitamin Shoppe,-6.02,CA
35187,10/17/2014,Uber,-14.45,CA
35187,10/18/2014,NFL Ticket - Chargers,-8.54,CA
35187,10/19/2014,Bike Rental,-107.98,CA
35187,10/19/2014,Dick's Sporting Goods,-90.67,CA
35187,10/20/2014,Uber,-30.28,CA
35187,10/20/2014,Food Delivery - GrubHub,-23.87,CA
35187,10/20/2014,Amazon Order - Athletic Equipment,-21.53,CA
35187,10/20/2014,Lyft,-25.69,CA
35187,10/20/2014,NFL Ticket - Chargers,-5.58,CA
35187,10/20/2014,Starbucks Coffee,-41.96,CA
35187,10/21/2014,Amazon Order - Athletic Equipment,-5.7,CA
35187,10/21/2014,Athletic Apparel,-25.22,CA
35187,10/22/2014,Bike Rental,-85.93,CA
35187,10/22/2014,Restaurant - Burgers,-51.63,CA
35187,10/22/2014,Bike Rental,-6.43,CA
35187,10/22/2014,Restaurant - Pizza,-21.28,CA
35187,10/22/2014,Amazon Order - Athletic Equipment,-12.42,CA
35187,10/22/2014,Public Transportation - Train Pass,-24.3,CA
35187,10/23/2014,Taxi,-4.08,CA
35187,10/24/2014,Starbucks Coffee,-34.66,CA
35187,10/24/2014,Whole Foods,-36.35,CA
35187,10/25/2014,Restaurant - Chinese,-99.18,CA
35187,10/25/2014,Athletic Apparel,-33.16,CA
35187,10/25/2014,GNC,-94.49,CA
35187,10/26/2014,Public Transportation - Bus Pass,-25.04,CA
35187,10/26/2014,Vitamin Shoppe,-25.42,CA
35187,10/26/2014,Von's Groceries,-77.72,CA
35187,10/26/2014,Dick's Sporting Goods,-27.01,CA
35187,10/27/2014,Bike Rental,-19.7,CA
35187,10/28/2014,GNC,-20.15,CA
35187,10/28/2014,Vitamin Shoppe,-82.94,CA
35187,10/28/2014,Amazon Order - Athletic Equipment,-28.87,CA
35187,10/28/2014,Vitamin Shoppe,-36.68,CA
35187,10/29/2014,GNC,-13.24,CA
35187,10/29/2014,Amazon Order - Athletic Equipment,-18.68,CA
35187,10/29/2014,Total Gym Fees,-33.99,CA
35187,10/29/2014,Von's Groceries,-46.61,CA
35187,10/29/2014,Lyft,-30.25,CA
35187,10/29/2014,NBA Ticket - Lakers,-63.62,CA
35187,10/29/2014,Amazon Order - Athletic Equipment,-13.25,CA
35187,10/30/2014,Total Gym Fees,-15.26,CA
35187,10/30/2014,Dick's Sporting Goods,-17.48,CA
35187,11/2/2014,Paycheck,4573,CA
35187,11/2/2014,Housing Rent,-1164,CA
35187,11/2/2014,ACS - Student Loans,-135,CA
35187,11/2/2014,Gas & Electric,-32,CA
35187,11/2/2014,Navient - Student Loans,-197,CA
35187,11/2/2014,Credit Card Payment,-154,CA
35187,11/2/2014,Water & Sewer,-53,CA
35187,11/2/2014,Public Transportation - Bus Pass,-26.66,CA
35187,11/2/2014,GNC,-50.56,CA
35187,11/2/2014,Athletic Apparel,-10.71,CA
35187,11/3/2014,GNC,-9.62,CA
35187,11/4/2014,Lyft,-24.52,CA
35187,11/4/2014,Uber,-59.92,CA
35187,11/4/2014,Public Transportation - Bus Pass,-5.02,CA
35187,11/4/2014,Public Transportation - Train Pass,-18.53,CA
35187,11/4/2014,GNC,-111.17,CA
35187,11/4/2014,Public Transportation - Train Pass,-74.23,CA
35187,11/4/2014,Ralph's Grocery Store,-22.59,CA
35187,11/4/2014,Athletic Apparel,-5.21,CA
35187,11/4/2014,Ralph's Grocery Store,-63.39,CA
35187,11/5/2014,Restaurant - Steakhouse,-25.87,CA
35187,11/5/2014,Bike Rental,-33.59,CA
35187,11/5/2014,GNC,-11.12,CA
35187,11/6/2014,NFL Ticket - Chargers,-8.99,CA
35187,11/6/2014,Restaurant - Steakhouse,-39.01,CA
35187,11/6/2014,Food Delivery - GrubHub,-28.93,CA
35187,11/6/2014,Athletic Apparel,-29.94,CA
35187,11/6/2014,Sprouts Market,-2.8,CA
35187,11/6/2014,Lyft,-26.13,CA
35187,11/6/2014,Uber,-16.64,CA
35187,11/7/2014,NFL Ticket - Chargers,-110.1,CA
35187,11/8/2014,NBA Ticket - Lakers,-5.15,CA
35187,11/8/2014,Food Delivery - GrubHub,-33,CA
35187,11/8/2014,Lyft,-111.4,CA
35187,11/8/2014,Uber,-17.77,CA
35187,11/8/2014,Vitamin Shoppe,-2.29,CA
35187,11/8/2014,Athletic Apparel,-3.92,CA
35187,11/8/2014,Bike Rental,-19.38,CA
35187,11/9/2014,NBA Ticket - Lakers,-30.9,CA
35187,11/9/2014,Whole Foods,-1.32,CA
35187,11/9/2014,Vitamin Shoppe,-14.99,CA
35187,11/9/2014,Vitamin Shoppe,-5.59,CA
35187,11/9/2014,Vitamin Shoppe,-18.98,CA
35187,11/9/2014,Restaurant - Burgers,-24.58,CA
35187,11/9/2014,NFL Ticket - Chargers,-94.7,CA
35187,11/10/2014,Athletic Apparel,-8.2,CA
35187,11/10/2014,Amazon Order - Athletic Equipment,-113.71,CA
35187,11/11/2014,NBA Ticket - Lakers,-14.32,CA
35187,11/11/2014,Restaurant - Steakhouse,-13.43,CA
35187,11/11/2014,Total Gym Fees,-30.38,CA
35187,11/11/2014,NFL Ticket - Chargers,-35.2,CA
35187,11/11/2014,Vitamin Shoppe,-64.04,CA
35187,11/11/2014,Dick's Sporting Goods,-63.9,CA
35187,11/11/2014,Public Transportation - Train Pass,-26.48,CA
35187,11/11/2014,Lyft,-100.65,CA
35187,11/12/2014,Bike Rental,-110.77,CA
35187,11/12/2014,Athletic Apparel,-22.32,CA
35187,11/13/2014,Uber,-37.27,CA
35187,11/13/2014,Taxi,-8.72,CA
35187,11/13/2014,Dick's Sporting Goods,-15.05,CA
35187,11/14/2014,Restaurant - Burgers,-36.26,CA
35187,11/14/2014,Athletic Apparel,-6.15,CA
35187,11/14/2014,Bike Rental,-18.36,CA
35187,11/14/2014,Bike Rental,-78.42,CA
35187,11/14/2014,Restaurant - Steakhouse,-39.31,CA
35187,11/14/2014,Restaurant - Burgers,-27.23,CA
35187,11/15/2014,Bike Rental,-91.73,CA
35187,11/15/2014,Bike Rental,-5.62,CA
35187,11/16/2014,Amazon Order - Athletic Equipment,-14.51,CA
35187,11/17/2014,Sam's Sporting Apparel,-3.41,CA
35187,11/17/2014,Sam's Sporting Apparel,-110.27,CA
35187,11/17/2014,Bike Rental,-7.18,CA
35187,11/17/2014,Restaurant - Burgers,-32.46,CA
35187,11/18/2014,Public Transportation - Bus Pass,-37.28,CA
35187,11/18/2014,Public Transportation - Bus Pass,-19.49,CA
35187,11/18/2014,Uber,-25.75,CA
35187,11/18/2014,Sprouts Market,-6.13,CA
35187,11/18/2014,Food Delivery - GrubHub,-113.93,CA
35187,11/19/2014,Vitamin Shoppe,-26.08,CA
35187,11/19/2014,Ralph's Grocery Store,-37.85,CA
35187,11/20/2014,Amazon Order - Athletic Equipment,-9.42,CA
35187,11/21/2014,Athletic Apparel,-38.49,CA
35187,11/21/2014,Restaurant - Pizza,-2.26,CA
35187,11/21/2014,Bike Rental,-36.06,CA
35187,11/21/2014,NFL Ticket - Chargers,-28.43,CA
35187,11/21/2014,Dick's Sporting Goods,-21.78,CA
35187,11/21/2014,Uber,-68.23,CA
35187,11/21/2014,Athletic Apparel,-15.48,CA
35187,11/21/2014,Lyft,-14.88,CA
35187,11/21/2014,Food Delivery - GrubHub,-6.65,CA
35187,11/21/2014,Restaurant - Burgers,-27.72,CA
35187,11/22/2014,Public Transportation - Train Pass,-10.55,CA
35187,11/23/2014,GNC,-8.94,CA
35187,11/23/2014,Ralph's Grocery Store,-8.69,CA
35187,11/24/2014,Sam's Sporting Apparel,-7.93,CA
35187,11/25/2014,Food Delivery - GrubHub,-36.64,CA
35187,11/25/2014,Lyft,-33.47,CA
35187,11/26/2014,Athletic Apparel,-37.61,CA
35187,11/27/2014,Von's Groceries,-77.36,CA
35187,11/28/2014,NBA Ticket - Lakers,-8.71,CA
35187,11/28/2014,Von's Groceries,-84.31,CA
35187,11/29/2014,Vitamin Shoppe,-29.87,CA
35187,11/29/2014,Total Gym Fees,-39.86,CA
35187,11/29/2014,Public Transportation - Bus Pass,-55.83,CA
35187,11/29/2014,Sam's Sporting Apparel,-3.44,CA
35187,11/30/2014,Food Delivery - GrubHub,-14.28,CA
35187,12/2/2014,Paycheck,4573,CA
35187,12/2/2014,Housing Rent,-928,CA
35187,12/2/2014,ACS - Student Loans,-135,CA
35187,12/2/2014,Gas & Electric,-32,CA
35187,12/2/2014,Navient - Student Loans,-197,CA
35187,12/2/2014,Credit Card Payment,-154,CA
35187,12/2/2014,Water & Sewer,-53,CA
35187,12/2/2014,Whole Foods,-26.92,CA
35187,12/3/2014,Sam's Sporting Apparel,-53.49,CA
35187,12/4/2014,Sam's Sporting Apparel,-5.18,CA
35187,12/4/2014,Uber,-97.95,CA
35187,12/4/2014,Von's Groceries,-9.31,CA
35187,12/4/2014,Amazon Order - Athletic Equipment,-28.64,CA
35187,12/4/2014,Sam's Sporting Apparel,-84.34,CA
35187,12/4/2014,GNC,-5.6,CA
35187,12/4/2014,Total Gym Fees,-18.92,CA
35187,12/4/2014,Athletic Apparel,-6.58,CA
35187,12/4/2014,Food Delivery - GrubHub,-35.59,CA
35187,12/4/2014,Public Transportation - Bus Pass,-13.67,CA
35187,12/5/2014,Starbucks Coffee,-14.37,CA
35187,12/5/2014,Athletic Apparel,-30.74,CA
35187,12/6/2014,Vitamin Shoppe,-38.97,CA
35187,12/6/2014,Total Gym Fees,-99.02,CA
35187,12/6/2014,Food Delivery - GrubHub,-18.3,CA
35187,12/6/2014,Athletic Apparel,-6.85,CA
35187,12/7/2014,Sam's Sporting Apparel,-15.39,CA
35187,12/7/2014,Taxi,-19.5,CA
35187,12/7/2014,Dick's Sporting Goods,-22.22,CA
35187,12/7/2014,Vitamin Shoppe,-33.61,CA
35187,12/7/2014,GNC,-108.42,CA
35187,12/7/2014,Public Transportation - Bus Pass,-96.59,CA
35187,12/7/2014,Taxi,-11.35,CA
35187,12/7/2014,Sam's Sporting Apparel,-14.58,CA
35187,12/8/2014,Restaurant - Burgers,-37.72,CA
35187,12/8/2014,Ralph's Grocery Store,-34.34,CA
35187,12/9/2014,Bike Rental,-35.79,CA
35187,12/9/2014,Taxi,-20.33,CA
35187,12/9/2014,Lyft,-77.53,CA
35187,12/9/2014,Athletic Apparel,-11.04,CA
35187,12/9/2014,Amazon Order - Athletic Equipment,-8.92,CA
35187,12/9/2014,Uber,-27.83,CA
35187,12/9/2014,GNC,-4.66,CA
35187,12/9/2014,Sprouts Market,-3.97,CA
35187,12/9/2014,Lyft,-107.07,CA
35187,12/9/2014,Uber,-30.11,CA
35187,12/9/2014,Starbucks Coffee,-60.83,CA
35187,12/9/2014,Restaurant - Steakhouse,-11.81,CA
35187,12/10/2014,NFL Ticket - Chargers,-29.95,CA
35187,12/10/2014,Bike Rental,-0.83,CA
35187,12/10/2014,Sam's Sporting Apparel,-13.1,CA
35187,12/10/2014,Von's Groceries,-32.58,CA
35187,12/11/2014,Amazon Order - Athletic Equipment,-24.51,CA
35187,12/12/2014,Athletic Apparel,-20.23,CA
35187,12/12/2014,Total Gym Fees,-28.77,CA
35187,12/13/2014,GNC,-36.72,CA
35187,12/13/2014,Restaurant - Steakhouse,-35.44,CA
35187,12/14/2014,Taxi,-15.29,CA
35187,12/15/2014,NFL Ticket - Chargers,-27.67,CA
35187,12/15/2014,Restaurant - Chinese,-2.59,CA
35187,12/16/2014,Public Transportation - Bus Pass,-16.03,CA
35187,12/16/2014,Sprouts Market,-29.42,CA
35187,12/16/2014,Whole Foods,-2.73,CA
35187,12/16/2014,Public Transportation - Bus Pass,-37.75,CA
35187,12/16/2014,Starbucks Coffee,-41.59,CA
35187,12/17/2014,Public Transportation - Train Pass,-31.16,CA
35187,12/17/2014,Sam's Sporting Apparel,-30.92,CA
35187,12/18/2014,Taxi,-26.27,CA
35187,12/18/2014,GNC,-0.06,CA
35187,12/18/2014,Public Transportation - Bus Pass,-12.98,CA
35187,12/18/2014,Sprouts Market,-2.57,CA
35187,12/18/2014,Food Delivery - GrubHub,-74.92,CA
35187,12/18/2014,NBA Ticket - Lakers,-37.85,CA
35187,12/18/2014,Food Delivery - GrubHub,-5.47,CA
35187,12/18/2014,Vitamin Shoppe,-88.92,CA
35187,12/18/2014,Sprouts Market,-3.92,CA
35187,12/19/2014,Total Gym Fees,-14.85,CA
35187,12/19/2014,Whole Foods,-18.83,CA
35187,12/19/2014,Sam's Sporting Apparel,-69.48,CA
35187,12/20/2014,Bike Rental,-4.94,CA
35187,12/20/2014,Public Transportation - Bus Pass,-55.5,CA
35187,12/20/2014,Sam's Sporting Apparel,-88.56,CA
35187,12/21/2014,Sam's Sporting Apparel,-55.72,CA
35187,12/21/2014,Sam's Sporting Apparel,-2.5,CA
35187,12/21/2014,Athletic Apparel,-14.94,CA
35187,12/22/2014,Athletic Apparel,-21.33,CA
35187,12/23/2014,Ralph's Grocery Store,-2.63,CA
35187,12/24/2014,Athletic Apparel,-21.32,CA
35187,12/25/2014,Vitamin Shoppe,-29.12,CA
35187,12/25/2014,Dick's Sporting Goods,-72.77,CA
35187,12/26/2014,Restaurant - Burgers,-20.75,CA
35187,12/27/2014,Total Gym Fees,-84.01,CA
35187,12/28/2014,Athletic Apparel,-1.29,CA
35187,12/28/2014,Public Transportation - Train Pass,-25.93,CA
35187,12/28/2014,Vitamin Shoppe,-52.63,CA
35187,12/28/2014,Sam's Sporting Apparel,-19.84,CA
35187,12/28/2014,Athletic Apparel,-90.82,CA
35187,12/28/2014,GNC,-30.14,CA
35187,12/28/2014,Bike Rental,-28.5,CA
35187,12/28/2014,Uber,-9.57,CA
35187,12/28/2014,NFL Ticket - Chargers,-37.6,CA
35187,12/29/2014,Restaurant - Steakhouse,-2.04,CA
35187,12/29/2014,Vitamin Shoppe,-81.44,CA
35187,12/29/2014,Bike Rental,-4.65,CA
35187,12/29/2014,Dick's Sporting Goods,-15.27,CA
35187,12/29/2014,NBA Ticket - Lakers,-19.72,CA
35187,12/29/2014,Restaurant - Steakhouse,-36.03,CA
35187,12/29/2014,Lyft,-74.79,CA
35187,12/29/2014,Public Transportation - Bus Pass,-28.45,CA
35187,12/30/2014,Sam's Sporting Apparel,-19.73,CA
35187,12/32/2014,Whole Foods,-25.21,CA
