auth_id, Date, Vendor, Amount, Location 
99292,1/2/2013,Green Flash Brewery,-5.2,CA
99292,1/2/2013,Fisker Night Club,-14.37,CA
99292,1/3/2013,Public Transportation - Train Pass,-5.2,CA
99292,1/3/2013,Public Transportation - Train Pass,-21,CA
99292,1/4/2013,Concert Ticket,-26.71,CA
99292,1/4/2013,Whole Foods,-22.06,CA
99292,1/5/2013,Wine Bar,-17.23,CA
99292,1/5/2013,Restaurant - Burgers,-13.24,CA
99292,1/6/2013,Rodriguez's Bar and Grill,-4.54,CA
99292,1/6/2013,John's Bar & Restaurant,-19.72,CA
99292,1/6/2013,Karaoke Bar,-17.77,CA
99292,1/6/2013,Fisker Night Club,-38.63,CA
99292,1/6/2013,John's Bar & Restaurant,-11.95,CA
99292,1/6/2013,Owl Night Club,-70.45,CA
99292,1/6/2013,Fisker Night Club,-2.05,CA
99292,1/7/2013,Concert Ticket,-32.87,CA
99292,1/7/2013,Seaside Bar,-20.76,CA
99292,1/7/2013,Karaoke Bar,-21.67,CA
99292,1/7/2013,Owl Night Club,-13.65,CA
99292,1/7/2013,Movie Ticket,-14.91,CA
99292,1/7/2013,Ice Skating Rink,-23.77,CA
99292,1/7/2013,Wine Bar,-15.03,CA
99292,1/7/2013,Bowling,-16.92,CA
99292,1/7/2013,Green Flash Brewery,-5.6,CA
99292,1/7/2013,Rodriguez's Bar and Grill,-34.76,CA
99292,1/7/2013,Movie Ticket,-11.15,CA
99292,1/7/2013,Public Transportation - Bus Pass,-26.81,CA
99292,1/7/2013,Uber,-13.85,CA
99292,1/7/2013,Owl Night Club,-7.13,CA
99292,1/7/2013,Lyft,-35.5,CA
99292,1/8/2013,Taxi,-25.28,CA
99292,1/8/2013,Karaoke Bar,-51.86,CA
99292,1/8/2013,Lyft,-2.49,CA
99292,1/8/2013,Movie Ticket,-6.79,CA
99292,1/8/2013,Taxi,-108.55,CA
99292,1/8/2013,Movie Ticket,-28.31,CA
99292,1/8/2013,Green Flash Brewery,-24.05,CA
99292,1/9/2013,John's Bar & Restaurant,-10.88,CA
99292,1/9/2013,Wine Bar,-79.93,CA
99292,1/9/2013,John's Bar & Restaurant,-28.19,CA
99292,1/10/2013,Food Delivery - GrubHub,-44.68,CA
99292,1/10/2013,Bowling,-29.24,CA
99292,1/10/2013,Taxi,-30.64,CA
99292,1/10/2013,Green Flash Brewery,-16.78,CA
99292,1/11/2013,Lyft,-11.84,CA
99292,1/12/2013,Wine Bar,-28.15,CA
99292,1/12/2013,Bowling,-27.35,CA
99292,1/12/2013,Public Transportation - Bus Pass,-29.31,CA
99292,1/13/2013,Bowling,-6.89,CA
99292,1/14/2013,John's Bar & Restaurant,-36.21,CA
99292,1/15/2013,Karaoke Bar,-54.12,CA
99292,1/16/2013,Karaoke Bar,-30.29,CA
99292,1/16/2013,Seaside Bar,-9.62,CA
99292,1/17/2013,Public Transportation - Train Pass,-34.47,CA
99292,1/17/2013,Rodriguez's Bar and Grill,-60.93,CA
99292,1/18/2013,Owl Night Club,-18.98,CA
99292,1/18/2013,Wine Bar,-4.1,CA
99292,1/18/2013,Taxi,-17,CA
99292,1/19/2013,Starbucks Coffee,-11.2,CA
99292,1/20/2013,Public Transportation - Bus Pass,-95.01,CA
99292,1/20/2013,Lyft,-16.69,CA
99292,1/20/2013,Movie Ticket,-71.41,CA
99292,1/20/2013,Wine Bar,-24.34,CA
99292,1/21/2013,Public Transportation - Bus Pass,-39.46,CA
99292,1/21/2013,Public Transportation - Bus Pass,-6.35,CA
99292,1/21/2013,Seaside Bar,-14.56,CA
99292,1/21/2013,Green Flash Brewery,-117.25,CA
99292,1/21/2013,Green Flash Brewery,-19.49,CA
99292,1/21/2013,Movie Ticket,-22.7,CA
99292,1/21/2013,John's Bar & Restaurant,-21.29,CA
99292,1/21/2013,Bowling,-70.61,CA
99292,1/21/2013,Seaside Bar,-6.29,CA
99292,1/22/2013,Seaside Bar,-36.74,CA
99292,1/23/2013,Wine Bar,-27.44,CA
99292,1/23/2013,Lyft,-26.88,CA
99292,1/23/2013,Rodriguez's Bar and Grill,-9.1,CA
99292,1/23/2013,Green Flash Brewery,-4.51,CA
99292,1/23/2013,Bowling,-18.59,CA
99292,1/23/2013,Uber,-55.81,CA
99292,1/23/2013,Karaoke Bar,-33.48,CA
99292,1/23/2013,Restaurant - Pizza,-0.25,CA
99292,1/24/2013,Seaside Bar,-4.92,CA
99292,1/24/2013,Owl Night Club,-106.3,CA
99292,1/24/2013,Green Flash Brewery,-3.21,CA
99292,1/24/2013,Lyft,-37.47,CA
99292,1/24/2013,Fisker Night Club,-52.08,CA
99292,1/25/2013,Karaoke Bar,-41.49,CA
99292,1/26/2013,Movie Ticket,-9.93,CA
99292,1/26/2013,Public Transportation - Train Pass,-25.58,CA
99292,1/27/2013,Ralph's Grocery Store,-30.01,CA
99292,1/27/2013,Restaurant - Pizza,-21.16,CA
99292,1/27/2013,Ice Skating Rink,-27.7,CA
99292,1/27/2013,Public Transportation - Train Pass,-10.21,CA
99292,1/27/2013,Karaoke Bar,-27.77,CA
99292,1/27/2013,Owl Night Club,-19.55,CA
99292,1/28/2013,Starbucks Coffee,-33.27,CA
99292,1/28/2013,Fisker Night Club,-36.47,CA
99292,1/28/2013,Whole Foods,-29.98,CA
99292,1/29/2013,Bowling,-35.04,CA
99292,1/29/2013,Public Transportation - Train Pass,-2.87,CA
99292,1/29/2013,Taxi,-28.28,CA
99292,1/29/2013,Owl Night Club,-0.47,CA
99292,1/29/2013,Von's Groceries,-16.92,CA
99292,1/29/2013,Public Transportation - Bus Pass,-32.59,CA
99292,1/29/2013,Concert Ticket,-6.66,CA
99292,1/29/2013,Uber,-31.26,CA
99292,1/29/2013,Movie Ticket,-22.83,CA
99292,1/30/2013,Whole Foods,-18.77,CA
99292,1/30/2013,Uber,-57.12,CA
99292,1/30/2013,Green Flash Brewery,-59.88,CA
99292,1/30/2013,Whole Foods,-117.78,CA
99292,1/30/2013,Uber,-102.69,CA
99292,1/30/2013,Karaoke Bar,-27.16,CA
99292,1/30/2013,Restaurant - Pizza,-19.67,CA
99292,1/30/2013,John's Bar & Restaurant,-21.39,CA
99292,3/2/2013,Paycheck,3637,CA
99292,3/2/2013,Housing Rent,-1271,CA
99292,3/2/2013,Gas & Electric,-32,CA
99292,3/2/2013,Time Warner Cable,-25,CA
99292,3/2/2013,ACS - Student Loans,-135,CA
99292,3/2/2013,Navient - Student Loans,-197,CA
99292,3/2/2013,Credit Card Payment,-154,CA
99292,3/2/2013,Public Transportation - Train Pass,-22.08,CA
99292,3/2/2013,Fisker Night Club,-72.22,CA
99292,3/2/2013,Ice Skating Rink,-19.01,CA
99292,3/2/2013,Wine Bar,-79.82,CA
99292,3/2/2013,Seaside Bar,-12.83,CA
99292,3/2/2013,Uber,-83.43,CA
99292,3/3/2013,Karaoke Bar,-30.31,CA
99292,3/3/2013,Seaside Bar,-22.09,CA
99292,3/4/2013,Wine Bar,-11.97,CA
99292,3/5/2013,Bowling,-28.66,CA
99292,3/6/2013,Seaside Bar,-34.51,CA
99292,3/6/2013,Karaoke Bar,-24.22,CA
99292,3/6/2013,Owl Night Club,-35.28,CA
99292,3/7/2013,Concert Ticket,-99.95,CA
99292,3/8/2013,Concert Ticket,-6.92,CA
99292,3/8/2013,Concert Ticket,-16.59,CA
99292,3/8/2013,Ice Skating Rink,-58.64,CA
99292,3/9/2013,Owl Night Club,-6.85,CA
99292,3/9/2013,John's Bar & Restaurant,-66.6,CA
99292,3/9/2013,Movie Ticket,-2.72,CA
99292,3/9/2013,Movie Ticket,-35.77,CA
99292,3/9/2013,Fisker Night Club,-12.12,CA
99292,3/9/2013,Ice Skating Rink,-30.68,CA
99292,3/9/2013,Food Delivery - GrubHub,-20.25,CA
99292,3/9/2013,Concert Ticket,-7.71,CA
99292,3/10/2013,Green Flash Brewery,-29.38,CA
99292,3/10/2013,John's Bar & Restaurant,-30.2,CA
99292,3/10/2013,Fisker Night Club,-4.72,CA
99292,3/10/2013,Von's Groceries,-13.26,CA
99292,3/10/2013,Wine Bar,-23.72,CA
99292,3/10/2013,Public Transportation - Bus Pass,-13.18,CA
99292,3/10/2013,Wine Bar,-6.13,CA
99292,3/10/2013,Green Flash Brewery,-1.39,CA
99292,3/10/2013,John's Bar & Restaurant,-2.74,CA
99292,3/10/2013,Restaurant - Burgers,-7.07,CA
99292,3/11/2013,Karaoke Bar,-45.4,CA
99292,3/12/2013,Owl Night Club,-17.22,CA
99292,3/12/2013,Food Delivery - GrubHub,-14.49,CA
99292,3/12/2013,Taxi,-53.97,CA
99292,3/13/2013,John's Bar & Restaurant,-9.61,CA
99292,3/13/2013,Bowling,-29.55,CA
99292,3/13/2013,Rodriguez's Bar and Grill,-100.41,CA
99292,3/14/2013,Rodriguez's Bar and Grill,-24.73,CA
99292,3/14/2013,Wine Bar,-10.34,CA
99292,3/14/2013,Ice Skating Rink,-99.78,CA
99292,3/14/2013,Lyft,-13.49,CA
99292,3/14/2013,Wine Bar,-21.57,CA
99292,3/14/2013,John's Bar & Restaurant,-2.68,CA
99292,3/14/2013,Food Delivery - GrubHub,-30.1,CA
99292,3/14/2013,Ice Skating Rink,-96.18,CA
99292,3/14/2013,Bowling,-36.07,CA
99292,3/14/2013,Rodriguez's Bar and Grill,-35.47,CA
99292,3/14/2013,Public Transportation - Train Pass,-32.92,CA
99292,3/15/2013,Restaurant - Burgers,-37.02,CA
99292,3/16/2013,Seaside Bar,-104.52,CA
99292,3/17/2013,Restaurant - Burgers,-25.69,CA
99292,3/18/2013,Restaurant - Pizza,-29.51,CA
99292,3/18/2013,Starbucks Coffee,-16.13,CA
99292,3/18/2013,Public Transportation - Bus Pass,-7.07,CA
99292,3/18/2013,Concert Ticket,-14.97,CA
99292,3/18/2013,Green Flash Brewery,-6.93,CA
99292,3/19/2013,Public Transportation - Bus Pass,-97.18,CA
99292,3/19/2013,Taxi,-36.43,CA
99292,3/19/2013,Public Transportation - Bus Pass,-101.22,CA
99292,3/19/2013,Ice Skating Rink,-24.47,CA
99292,3/19/2013,Lyft,-33.13,CA
99292,3/19/2013,Seaside Bar,-1.31,CA
99292,3/20/2013,Wine Bar,-51.92,CA
99292,3/21/2013,Ice Skating Rink,-110.33,CA
99292,3/21/2013,Owl Night Club,-19.74,CA
99292,3/21/2013,Restaurant - Burgers,-52.01,CA
99292,3/21/2013,Green Flash Brewery,-17.39,CA
99292,3/21/2013,Fisker Night Club,-14.35,CA
99292,3/22/2013,Whole Foods,-82.03,CA
99292,3/23/2013,Wine Bar,-26.39,CA
99292,3/24/2013,Taxi,-91.81,CA
99292,3/25/2013,Karaoke Bar,-8.53,CA
99292,3/25/2013,Bowling,-35.92,CA
99292,3/25/2013,Owl Night Club,-26.63,CA
99292,3/25/2013,Restaurant - Chinese,-28.13,CA
99292,3/25/2013,Ice Skating Rink,-39.48,CA
99292,3/25/2013,Karaoke Bar,-11.5,CA
99292,3/25/2013,Bowling,-11.61,CA
99292,3/25/2013,Bowling,-16.41,CA
99292,3/26/2013,Starbucks Coffee,-29.08,CA
99292,3/26/2013,Fisker Night Club,-2,CA
99292,3/26/2013,Taxi,-34.7,CA
99292,3/26/2013,Rodriguez's Bar and Grill,-105.22,CA
99292,3/26/2013,Public Transportation - Bus Pass,-34.93,CA
99292,3/26/2013,Owl Night Club,-0.98,CA
99292,3/27/2013,Green Flash Brewery,-34.27,CA
99292,3/27/2013,Public Transportation - Bus Pass,-63.83,CA
99292,3/27/2013,Uber,-14.18,CA
99292,3/28/2013,Owl Night Club,-6.48,CA
99292,3/29/2013,John's Bar & Restaurant,-18.54,CA
99292,3/30/2013,Bowling,-12.18,CA
99292,4/2/2013,Paycheck,3637,CA
99292,4/2/2013,Housing Rent,-963,CA
99292,4/2/2013,Gas & Electric,-32,CA
99292,4/2/2013,Time Warner Cable,-25,CA
99292,4/2/2013,ACS - Student Loans,-135,CA
99292,4/2/2013,Navient - Student Loans,-197,CA
99292,4/2/2013,Credit Card Payment,-154,CA
99292,4/2/2013,Lyft,-32.23,CA
99292,4/2/2013,Wine Bar,-34.84,CA
99292,4/2/2013,Movie Ticket,-107.94,CA
99292,4/2/2013,Lyft,-1.57,CA
99292,4/2/2013,Wine Bar,-35.32,CA
99292,4/2/2013,Sprouts Market,-28.38,CA
99292,4/2/2013,Von's Groceries,-28.78,CA
99292,4/2/2013,Taxi,-20.1,CA
99292,4/2/2013,Ice Skating Rink,-35.54,CA
99292,4/2/2013,Restaurant - Pizza,-31.08,CA
99292,4/2/2013,Taxi,-11.96,CA
99292,4/3/2013,Concert Ticket,-6.12,CA
99292,4/3/2013,Rodriguez's Bar and Grill,-17.44,CA
99292,4/3/2013,Bowling,-5.91,CA
99292,4/4/2013,Ice Skating Rink,-20.08,CA
99292,4/4/2013,Owl Night Club,-22.83,CA
99292,4/4/2013,Owl Night Club,-22.55,CA
99292,4/4/2013,Owl Night Club,-39.5,CA
99292,4/4/2013,Lyft,-20,CA
99292,4/5/2013,Ice Skating Rink,-18.92,CA
99292,4/5/2013,Whole Foods,-27.29,CA
99292,4/5/2013,John's Bar & Restaurant,-65.72,CA
99292,4/5/2013,Restaurant - Pizza,-8.42,CA
99292,4/5/2013,John's Bar & Restaurant,-70.46,CA
99292,4/5/2013,Lyft,-77.72,CA
99292,4/6/2013,Owl Night Club,-25.92,CA
99292,4/6/2013,John's Bar & Restaurant,-8.57,CA
99292,4/7/2013,Green Flash Brewery,-10.75,CA
99292,4/7/2013,Rodriguez's Bar and Grill,-1.55,CA
99292,4/8/2013,Green Flash Brewery,-68.85,CA
99292,4/8/2013,Restaurant - Pizza,-63.09,CA
99292,4/8/2013,Von's Groceries,-29.91,CA
99292,4/9/2013,Movie Ticket,-72.04,CA
99292,4/9/2013,Fisker Night Club,-38.23,CA
99292,4/9/2013,John's Bar & Restaurant,-39.08,CA
99292,4/9/2013,John's Bar & Restaurant,-35.5,CA
99292,4/9/2013,Ralph's Grocery Store,-18.14,CA
99292,4/10/2013,Food Delivery - GrubHub,-37.21,CA
99292,4/10/2013,Green Flash Brewery,-18.82,CA
99292,4/11/2013,Karaoke Bar,-13.99,CA
99292,4/11/2013,Seaside Bar,-24.04,CA
99292,4/11/2013,Fisker Night Club,-5.22,CA
99292,4/11/2013,Concert Ticket,-11.94,CA
99292,4/11/2013,Uber,-33.8,CA
99292,4/11/2013,Movie Ticket,-74.55,CA
99292,4/11/2013,Seaside Bar,-4.82,CA
99292,4/11/2013,Lyft,-30.12,CA
99292,4/11/2013,Sprouts Market,-10.75,CA
99292,4/12/2013,Public Transportation - Bus Pass,-30.48,CA
99292,4/13/2013,John's Bar & Restaurant,-33.89,CA
99292,4/14/2013,Karaoke Bar,-6.48,CA
99292,4/14/2013,Rodriguez's Bar and Grill,-36.18,CA
99292,4/15/2013,Ralph's Grocery Store,-11.52,CA
99292,4/16/2013,Whole Foods,-28.66,CA
99292,4/16/2013,John's Bar & Restaurant,-30.74,CA
99292,4/16/2013,John's Bar & Restaurant,-25.62,CA
99292,4/16/2013,Public Transportation - Train Pass,-24.46,CA
99292,4/17/2013,Green Flash Brewery,-0.09,CA
99292,4/18/2013,Green Flash Brewery,-10.23,CA
99292,4/18/2013,Whole Foods,-25.49,CA
99292,4/18/2013,John's Bar & Restaurant,-76.11,CA
99292,4/18/2013,Karaoke Bar,-6.52,CA
99292,4/18/2013,John's Bar & Restaurant,-39.63,CA
99292,4/18/2013,Rodriguez's Bar and Grill,-23.84,CA
99292,4/19/2013,Concert Ticket,-21.34,CA
99292,4/19/2013,Rodriguez's Bar and Grill,-13.41,CA
99292,4/20/2013,Restaurant - Chinese,-23.51,CA
99292,4/21/2013,Public Transportation - Train Pass,-16.9,CA
99292,4/22/2013,Whole Foods,-22.77,CA
99292,4/22/2013,John's Bar & Restaurant,-11.05,CA
99292,4/22/2013,Lyft,-21.65,CA
99292,4/22/2013,Green Flash Brewery,-27.88,CA
99292,4/22/2013,Green Flash Brewery,-38.17,CA
99292,4/23/2013,Restaurant - Burgers,-7.32,CA
99292,4/23/2013,Wine Bar,-63.36,CA
99292,4/23/2013,Karaoke Bar,-7.15,CA
99292,4/24/2013,Movie Ticket,-16.69,CA
99292,4/24/2013,Starbucks Coffee,-27.01,CA
99292,4/25/2013,Seaside Bar,-23.24,CA
99292,4/25/2013,Green Flash Brewery,-32.46,CA
99292,4/25/2013,Fisker Night Club,-0.67,CA
99292,4/26/2013,Seaside Bar,-90.32,CA
99292,4/26/2013,Public Transportation - Train Pass,-65.68,CA
99292,4/26/2013,Wine Bar,-98.94,CA
99292,4/27/2013,Rodriguez's Bar and Grill,-8.26,CA
99292,4/27/2013,Movie Ticket,-29.58,CA
99292,4/28/2013,Fisker Night Club,-15.64,CA
99292,4/28/2013,Karaoke Bar,-6.89,CA
99292,4/29/2013,Movie Ticket,-33.4,CA
99292,4/30/2013,Ice Skating Rink,-24.85,CA
99292,4/30/2013,Ice Skating Rink,-13.38,CA
99292,4/30/2013,Von's Groceries,-112.96,CA
99292,4/30/2013,Concert Ticket,-39.81,CA
99292,5/2/2013,Paycheck,3637,CA
99292,5/2/2013,Housing Rent,-1342,CA
99292,5/2/2013,Gas & Electric,-32,CA
99292,5/2/2013,Time Warner Cable,-25,CA
99292,5/2/2013,ACS - Student Loans,-135,CA
99292,5/2/2013,Navient - Student Loans,-197,CA
99292,5/2/2013,Credit Card Payment,-154,CA
99292,5/2/2013,Whole Foods,-11.13,CA
99292,5/2/2013,Movie Ticket,-22.6,CA
99292,5/2/2013,Wine Bar,-14.81,CA
99292,5/2/2013,Public Transportation - Bus Pass,-101.98,CA
99292,5/3/2013,Public Transportation - Train Pass,-33.58,CA
99292,5/3/2013,Movie Ticket,-17.86,CA
99292,5/3/2013,Restaurant - Chinese,-37.72,CA
99292,5/3/2013,Seaside Bar,-10.78,CA
99292,5/3/2013,Rodriguez's Bar and Grill,-23.92,CA
99292,5/3/2013,Food Delivery - GrubHub,-0.88,CA
99292,5/3/2013,Wine Bar,-15.79,CA
99292,5/3/2013,Taxi,-5.53,CA
99292,5/3/2013,Sprouts Market,-18.1,CA
99292,5/3/2013,Ice Skating Rink,-76.8,CA
99292,5/3/2013,Starbucks Coffee,-35.08,CA
99292,5/3/2013,Public Transportation - Bus Pass,-35.85,CA
99292,5/3/2013,Owl Night Club,-31.38,CA
99292,5/3/2013,John's Bar & Restaurant,-41.4,CA
99292,5/3/2013,Restaurant - Steakhouse,-70.14,CA
99292,5/4/2013,Fisker Night Club,-27.93,CA
99292,5/4/2013,Bowling,-17.71,CA
99292,5/4/2013,Lyft,-18.45,CA
99292,5/4/2013,Rodriguez's Bar and Grill,-29.64,CA
99292,5/5/2013,Von's Groceries,-9.32,CA
99292,5/6/2013,Sprouts Market,-28.13,CA
99292,5/7/2013,John's Bar & Restaurant,-15,CA
99292,5/7/2013,Rodriguez's Bar and Grill,-10.95,CA
99292,5/7/2013,Fisker Night Club,-23.98,CA
99292,5/7/2013,Taxi,-18.89,CA
99292,5/7/2013,Concert Ticket,-2.34,CA
99292,5/7/2013,Green Flash Brewery,-85.64,CA
99292,5/7/2013,Rodriguez's Bar and Grill,-38.59,CA
99292,5/7/2013,Green Flash Brewery,-31.84,CA
99292,5/7/2013,Public Transportation - Train Pass,-10.97,CA
99292,5/8/2013,Seaside Bar,-21.12,CA
99292,5/8/2013,Bowling,-13.96,CA
99292,5/8/2013,Movie Ticket,-44.35,CA
99292,5/9/2013,Ralph's Grocery Store,-38.68,CA
99292,5/10/2013,John's Bar & Restaurant,-88.42,CA
99292,5/10/2013,Public Transportation - Train Pass,-66.67,CA
99292,5/10/2013,Restaurant - Chinese,-101.84,CA
99292,5/10/2013,Food Delivery - GrubHub,-108.35,CA
99292,5/10/2013,Public Transportation - Bus Pass,-6.73,CA
99292,5/10/2013,Green Flash Brewery,-27.29,CA
99292,5/10/2013,Owl Night Club,-22.04,CA
99292,5/10/2013,Ice Skating Rink,-21.92,CA
99292,5/11/2013,Movie Ticket,-10.02,CA
99292,5/12/2013,Ice Skating Rink,-12.02,CA
99292,5/12/2013,Movie Ticket,-15.77,CA
99292,5/12/2013,Taxi,-17.01,CA
99292,5/12/2013,Starbucks Coffee,-37.62,CA
99292,5/12/2013,Ice Skating Rink,-1.28,CA
99292,5/12/2013,Lyft,-27.48,CA
99292,5/12/2013,Green Flash Brewery,-32.7,CA
99292,5/12/2013,Public Transportation - Bus Pass,-10.17,CA
99292,5/13/2013,Seaside Bar,-24.19,CA
99292,5/14/2013,Green Flash Brewery,-24.96,CA
99292,5/14/2013,John's Bar & Restaurant,-24.44,CA
99292,5/15/2013,Lyft,-28.72,CA
99292,5/15/2013,Starbucks Coffee,-0.58,CA
99292,5/15/2013,Karaoke Bar,-98.75,CA
99292,5/15/2013,Wine Bar,-25.92,CA
99292,5/16/2013,Owl Night Club,-24.87,CA
99292,5/17/2013,Food Delivery - GrubHub,-6.62,CA
99292,5/17/2013,Taxi,-22.47,CA
99292,5/17/2013,Rodriguez's Bar and Grill,-34.96,CA
99292,5/18/2013,Movie Ticket,-77.05,CA
99292,5/19/2013,Karaoke Bar,-28.14,CA
99292,5/20/2013,Concert Ticket,-20.62,CA
99292,5/21/2013,Public Transportation - Bus Pass,-8.25,CA
99292,5/21/2013,John's Bar & Restaurant,-31.82,CA
99292,5/21/2013,Wine Bar,-17.59,CA
99292,5/21/2013,John's Bar & Restaurant,-41.05,CA
99292,5/21/2013,Movie Ticket,-37.72,CA
99292,5/22/2013,Taxi,-9.72,CA
99292,5/22/2013,Taxi,-16.14,CA
99292,5/22/2013,Taxi,-23.94,CA
99292,5/22/2013,Von's Groceries,-27.39,CA
99292,5/22/2013,Restaurant - Burgers,-89.29,CA
99292,5/23/2013,Bowling,-89.14,CA
99292,5/23/2013,Food Delivery - GrubHub,-6.63,CA
99292,5/23/2013,Lyft,-10.92,CA
99292,5/23/2013,Wine Bar,-12.68,CA
99292,5/23/2013,Movie Ticket,-35.34,CA
99292,5/23/2013,Rodriguez's Bar and Grill,-13.31,CA
99292,5/23/2013,Bowling,-9.02,CA
99292,5/23/2013,Starbucks Coffee,-17.93,CA
99292,5/24/2013,Green Flash Brewery,-31.12,CA
99292,5/25/2013,Bowling,-5.42,CA
99292,5/26/2013,Rodriguez's Bar and Grill,-2.5,CA
99292,5/26/2013,Ice Skating Rink,-14.41,CA
99292,5/27/2013,Seaside Bar,-30.44,CA
99292,5/27/2013,John's Bar & Restaurant,-2.99,CA
99292,5/27/2013,Concert Ticket,-28.25,CA
99292,5/27/2013,Fisker Night Club,-27.44,CA
99292,5/27/2013,Uber,-7.13,CA
99292,5/28/2013,Whole Foods,-37.51,CA
99292,5/29/2013,Lyft,-11.8,CA
99292,5/29/2013,Rodriguez's Bar and Grill,-45.29,CA
99292,5/29/2013,Rodriguez's Bar and Grill,-28.45,CA
99292,5/30/2013,John's Bar & Restaurant,-25.64,CA
99292,5/30/2013,John's Bar & Restaurant,-39.92,CA
99292,5/30/2013,Uber,-86.48,CA
99292,5/30/2013,Lyft,-0.21,CA
99292,5/30/2013,Rodriguez's Bar and Grill,-102.02,CA
99292,5/30/2013,Public Transportation - Train Pass,-23.68,CA
99292,6/2/2013,Paycheck,3637,CA
99292,6/2/2013,Housing Rent,-879,CA
99292,6/2/2013,Gas & Electric,-32,CA
99292,6/2/2013,Time Warner Cable,-25,CA
99292,6/2/2013,ACS - Student Loans,-135,CA
99292,6/2/2013,Navient - Student Loans,-197,CA
99292,6/2/2013,Credit Card Payment,-154,CA
99292,6/2/2013,Bowling,-36.12,CA
99292,6/3/2013,Bowling,-13.26,CA
99292,6/3/2013,Public Transportation - Bus Pass,-85.28,CA
99292,6/3/2013,Sprouts Market,-5.09,CA
99292,6/4/2013,Taxi,-35.04,CA
99292,6/4/2013,Ice Skating Rink,-21.96,CA
99292,6/4/2013,Seaside Bar,-18.01,CA
99292,6/5/2013,Fisker Night Club,-24.05,CA
99292,6/5/2013,Wine Bar,-22.88,CA
99292,6/5/2013,Public Transportation - Train Pass,-26.68,CA
99292,6/5/2013,Restaurant - Burgers,-24.17,CA
99292,6/5/2013,Bowling,-29.73,CA
99292,6/5/2013,Restaurant - Pizza,-18.03,CA
99292,6/6/2013,John's Bar & Restaurant,-23.94,CA
99292,6/6/2013,Rodriguez's Bar and Grill,-9.25,CA
99292,6/7/2013,Lyft,-14.61,CA
99292,6/7/2013,Bowling,-22.09,CA
99292,6/8/2013,Starbucks Coffee,-8.41,CA
99292,6/8/2013,Owl Night Club,-65.12,CA
99292,6/8/2013,Von's Groceries,-30.15,CA
99292,6/8/2013,John's Bar & Restaurant,-10.32,CA
99292,6/8/2013,Restaurant - Steakhouse,-63.16,CA
99292,6/8/2013,Concert Ticket,-30.32,CA
99292,6/9/2013,Fisker Night Club,-10.82,CA
99292,6/9/2013,Ice Skating Rink,-4.6,CA
99292,6/9/2013,Fisker Night Club,-21.39,CA
99292,6/10/2013,Starbucks Coffee,-13.5,CA
99292,6/11/2013,Ice Skating Rink,-21.52,CA
99292,6/11/2013,Ralph's Grocery Store,-21.61,CA
99292,6/11/2013,Whole Foods,-16.42,CA
99292,6/11/2013,Owl Night Club,-94.33,CA
99292,6/12/2013,Green Flash Brewery,-105.21,CA
99292,6/12/2013,Sprouts Market,-30.23,CA
99292,6/12/2013,Restaurant - Pizza,-28.43,CA
99292,6/13/2013,Lyft,-26.12,CA
99292,6/13/2013,Starbucks Coffee,-22.02,CA
99292,6/13/2013,Bowling,-30.48,CA
99292,6/14/2013,Rodriguez's Bar and Grill,-39.92,CA
99292,6/14/2013,Wine Bar,-27.04,CA
99292,6/15/2013,Seaside Bar,-25.15,CA
99292,6/15/2013,Lyft,-6.79,CA
99292,6/15/2013,Starbucks Coffee,-4.8,CA
99292,6/16/2013,Karaoke Bar,-73.15,CA
99292,6/16/2013,Movie Ticket,-38.32,CA
99292,6/16/2013,Ralph's Grocery Store,-33.73,CA
99292,6/16/2013,Public Transportation - Bus Pass,-27.41,CA
99292,6/16/2013,Restaurant - Pizza,-2.45,CA
99292,6/16/2013,Von's Groceries,-8.78,CA
99292,6/17/2013,Bowling,-24.63,CA
99292,6/17/2013,Restaurant - Chinese,-34.09,CA
99292,6/17/2013,Uber,-63.28,CA
99292,6/18/2013,Ralph's Grocery Store,-28.53,CA
99292,6/19/2013,Movie Ticket,-21.29,CA
99292,6/19/2013,Wine Bar,-18.4,CA
99292,6/20/2013,Green Flash Brewery,-23.46,CA
99292,6/21/2013,Ralph's Grocery Store,-17.21,CA
99292,6/21/2013,John's Bar & Restaurant,-38.47,CA
99292,6/21/2013,Food Delivery - GrubHub,-9.94,CA
99292,6/21/2013,Movie Ticket,-94.66,CA
99292,6/21/2013,Fisker Night Club,-115.63,CA
99292,6/21/2013,Movie Ticket,-15.91,CA
99292,6/21/2013,Movie Ticket,-11.71,CA
99292,6/22/2013,Lyft,-10.55,CA
99292,6/22/2013,Von's Groceries,-38.26,CA
99292,6/23/2013,Owl Night Club,-3.61,CA
99292,6/23/2013,Green Flash Brewery,-9.6,CA
99292,6/23/2013,Fisker Night Club,-0.77,CA
99292,6/23/2013,Restaurant - Steakhouse,-24.95,CA
99292,6/23/2013,Ralph's Grocery Store,-24.58,CA
99292,6/24/2013,John's Bar & Restaurant,-13.36,CA
99292,6/24/2013,Public Transportation - Train Pass,-9.99,CA
99292,6/24/2013,Fisker Night Club,-54.25,CA
99292,6/24/2013,Seaside Bar,-8.14,CA
99292,6/24/2013,Concert Ticket,-19.31,CA
99292,6/25/2013,Lyft,-55.2,CA
99292,6/25/2013,Rodriguez's Bar and Grill,-37.94,CA
99292,6/25/2013,Public Transportation - Bus Pass,-8.86,CA
99292,6/26/2013,Fisker Night Club,-3.94,CA
99292,6/26/2013,Karaoke Bar,-0.16,CA
99292,6/26/2013,Uber,-8.33,CA
99292,6/27/2013,Ralph's Grocery Store,-105.42,CA
99292,6/27/2013,Movie Ticket,-7.16,CA
99292,6/27/2013,Owl Night Club,-10.4,CA
99292,6/27/2013,Owl Night Club,-33.28,CA
99292,6/27/2013,Taxi,-24.77,CA
99292,6/28/2013,Owl Night Club,-12.51,CA
99292,6/29/2013,Green Flash Brewery,-40.74,CA
99292,6/30/2013,John's Bar & Restaurant,-29.14,CA
99292,7/2/2013,Paycheck,3637,CA
99292,7/2/2013,Housing Rent,-898,CA
99292,7/2/2013,Gas & Electric,-32,CA
99292,7/2/2013,Time Warner Cable,-25,CA
99292,7/2/2013,ACS - Student Loans,-135,CA
99292,7/2/2013,Navient - Student Loans,-197,CA
99292,7/2/2013,Credit Card Payment,-154,CA
99292,7/2/2013,John's Bar & Restaurant,-8.79,CA
99292,7/3/2013,Bowling,-1.18,CA
99292,7/3/2013,Ice Skating Rink,-4.78,CA
99292,7/3/2013,Lyft,-21.49,CA
99292,7/4/2013,Owl Night Club,-3.77,CA
99292,7/4/2013,Fisker Night Club,-14.49,CA
99292,7/4/2013,Owl Night Club,-35.31,CA
99292,7/4/2013,Green Flash Brewery,-74.76,CA
99292,7/5/2013,Green Flash Brewery,-38.6,CA
99292,7/5/2013,Owl Night Club,-25.32,CA
99292,7/6/2013,Movie Ticket,-8.09,CA
99292,7/7/2013,Rodriguez's Bar and Grill,-24.09,CA
99292,7/7/2013,Green Flash Brewery,-14.81,CA
99292,7/7/2013,Karaoke Bar,-13.06,CA
99292,7/7/2013,Bowling,-26.82,CA
99292,7/7/2013,John's Bar & Restaurant,-111.94,CA
99292,7/7/2013,Public Transportation - Train Pass,-12.57,CA
99292,7/7/2013,Rodriguez's Bar and Grill,-26.43,CA
99292,7/7/2013,Wine Bar,-12.25,CA
99292,7/7/2013,John's Bar & Restaurant,-27.65,CA
99292,7/7/2013,Owl Night Club,-23.03,CA
99292,7/7/2013,Fisker Night Club,-29.03,CA
99292,7/7/2013,Restaurant - Chinese,-8.12,CA
99292,7/7/2013,Karaoke Bar,-77.38,CA
99292,7/8/2013,Concert Ticket,-25,CA
99292,7/8/2013,Ice Skating Rink,-14.94,CA
99292,7/9/2013,Concert Ticket,-2.11,CA
99292,7/9/2013,Von's Groceries,-39.12,CA
99292,7/9/2013,Public Transportation - Bus Pass,-19.69,CA
99292,7/10/2013,Public Transportation - Bus Pass,-13.74,CA
99292,7/11/2013,Restaurant - Burgers,-14,CA
99292,7/11/2013,Uber,-85.23,CA
99292,7/11/2013,Bowling,-25.85,CA
99292,7/12/2013,Seaside Bar,-73.98,CA
99292,7/12/2013,Starbucks Coffee,-88.27,CA
99292,7/12/2013,Seaside Bar,-26.47,CA
99292,7/12/2013,Lyft,-21.09,CA
99292,7/12/2013,Restaurant - Steakhouse,-11.46,CA
99292,7/12/2013,Fisker Night Club,-10.51,CA
99292,7/12/2013,Karaoke Bar,-28.03,CA
99292,7/12/2013,Food Delivery - GrubHub,-0.38,CA
99292,7/13/2013,Seaside Bar,-89.21,CA
99292,7/14/2013,Whole Foods,-21.15,CA
99292,7/14/2013,Restaurant - Pizza,-29.02,CA
99292,7/14/2013,Rodriguez's Bar and Grill,-24.42,CA
99292,7/15/2013,Lyft,-29.17,CA
99292,7/15/2013,Movie Ticket,-8.36,CA
99292,7/15/2013,Whole Foods,-115.4,CA
99292,7/15/2013,Restaurant - Steakhouse,-2.47,CA
99292,7/15/2013,Public Transportation - Train Pass,-14.46,CA
99292,7/15/2013,Public Transportation - Bus Pass,-9.53,CA
99292,7/16/2013,Movie Ticket,-21.27,CA
99292,7/17/2013,Restaurant - Chinese,-86,CA
99292,7/17/2013,Owl Night Club,-19.28,CA
99292,7/17/2013,Uber,-37.32,CA
99292,7/17/2013,Public Transportation - Train Pass,-28,CA
99292,7/17/2013,Seaside Bar,-35.58,CA
99292,7/17/2013,Owl Night Club,-2.14,CA
99292,7/17/2013,Karaoke Bar,-8.08,CA
99292,7/17/2013,Von's Groceries,-119,CA
99292,7/17/2013,Public Transportation - Train Pass,-64.44,CA
99292,7/17/2013,Fisker Night Club,-70.68,CA
99292,7/18/2013,John's Bar & Restaurant,-24.73,CA
99292,7/19/2013,Concert Ticket,-7.16,CA
99292,7/20/2013,Bowling,-9.72,CA
99292,7/20/2013,John's Bar & Restaurant,-6.58,CA
99292,7/20/2013,Fisker Night Club,-18.29,CA
99292,7/20/2013,Lyft,-11.81,CA
99292,7/20/2013,Restaurant - Burgers,-30.09,CA
99292,7/21/2013,Restaurant - Chinese,-58.07,CA
99292,7/21/2013,Owl Night Club,-8.54,CA
99292,7/21/2013,Seaside Bar,-50.15,CA
99292,7/22/2013,John's Bar & Restaurant,-39.1,CA
99292,7/22/2013,Taxi,-36.21,CA
99292,7/22/2013,Von's Groceries,-30.38,CA
99292,7/22/2013,Ralph's Grocery Store,-39.76,CA
99292,7/22/2013,Taxi,-18.2,CA
99292,7/23/2013,John's Bar & Restaurant,-21.21,CA
99292,7/24/2013,Fisker Night Club,-30.92,CA
99292,7/25/2013,Owl Night Club,-8.59,CA
99292,7/25/2013,Von's Groceries,-26.65,CA
99292,7/26/2013,John's Bar & Restaurant,-32.96,CA
99292,7/26/2013,Fisker Night Club,-36.79,CA
99292,7/26/2013,Public Transportation - Train Pass,-34.54,CA
99292,7/26/2013,Sprouts Market,-12.7,CA
99292,7/26/2013,John's Bar & Restaurant,-4.22,CA
99292,7/27/2013,Rodriguez's Bar and Grill,-37.58,CA
99292,7/28/2013,Public Transportation - Train Pass,-100.57,CA
99292,7/28/2013,Restaurant - Burgers,-39.17,CA
99292,7/29/2013,Concert Ticket,-12.33,CA
99292,7/29/2013,Public Transportation - Train Pass,-38.71,CA
99292,7/29/2013,Taxi,-71.87,CA
99292,7/29/2013,Ice Skating Rink,-77.32,CA
99292,7/30/2013,Starbucks Coffee,-20.49,CA
99292,7/30/2013,Starbucks Coffee,-4.04,CA
99292,7/30/2013,Movie Ticket,-34.44,CA
99292,7/30/2013,Green Flash Brewery,-39.78,CA
99292,8/2/2013,Paycheck,3637,CA
99292,8/2/2013,Housing Rent,-872,CA
99292,8/2/2013,Gas & Electric,-32,CA
99292,8/2/2013,Time Warner Cable,-25,CA
99292,8/2/2013,ACS - Student Loans,-135,CA
99292,8/2/2013,Navient - Student Loans,-197,CA
99292,8/2/2013,Credit Card Payment,-154,CA
99292,8/2/2013,Food Delivery - GrubHub,-15.05,CA
99292,8/2/2013,Seaside Bar,-34.73,CA
99292,8/2/2013,Wine Bar,-35.12,CA
99292,8/2/2013,Concert Ticket,-2.32,CA
99292,8/2/2013,Restaurant - Steakhouse,-30.72,CA
99292,8/3/2013,Movie Ticket,-117.3,CA
99292,8/4/2013,Concert Ticket,-102.76,CA
99292,8/5/2013,Concert Ticket,-25.57,CA
99292,8/5/2013,Wine Bar,-4.42,CA
99292,8/5/2013,Owl Night Club,-2.93,CA
99292,8/6/2013,Ice Skating Rink,-25.39,CA
99292,8/7/2013,Public Transportation - Bus Pass,-103.18,CA
99292,8/7/2013,Movie Ticket,-23.73,CA
99292,8/7/2013,Green Flash Brewery,-13.94,CA
99292,8/7/2013,Green Flash Brewery,-24.8,CA
99292,8/8/2013,Lyft,-19.55,CA
99292,8/8/2013,Von's Groceries,-16.84,CA
99292,8/9/2013,Taxi,-103.3,CA
99292,8/9/2013,Ice Skating Rink,-1.51,CA
99292,8/9/2013,Wine Bar,-3.77,CA
99292,8/9/2013,Concert Ticket,-50.33,CA
99292,8/9/2013,Public Transportation - Train Pass,-14.27,CA
99292,8/9/2013,Owl Night Club,-2.59,CA
99292,8/10/2013,Lyft,-23.62,CA
99292,8/10/2013,Rodriguez's Bar and Grill,-34.78,CA
99292,8/11/2013,Bowling,-26.53,CA
99292,8/11/2013,Ice Skating Rink,-23.27,CA
99292,8/11/2013,Rodriguez's Bar and Grill,-12.58,CA
99292,8/12/2013,Public Transportation - Train Pass,-93.52,CA
99292,8/12/2013,Seaside Bar,-72.26,CA
99292,8/13/2013,Bowling,-104.95,CA
99292,8/13/2013,Rodriguez's Bar and Grill,-18.48,CA
99292,8/13/2013,Bowling,-6.42,CA
99292,8/13/2013,Owl Night Club,-19.93,CA
99292,8/14/2013,Lyft,-18.21,CA
99292,8/14/2013,Lyft,-13.79,CA
99292,8/14/2013,Ice Skating Rink,-14.4,CA
99292,8/14/2013,Ice Skating Rink,-4.73,CA
99292,8/15/2013,Uber,-31.12,CA
99292,8/15/2013,Restaurant - Chinese,-40.22,CA
99292,8/15/2013,Fisker Night Club,-6.65,CA
99292,8/16/2013,Green Flash Brewery,-63.97,CA
99292,8/16/2013,Concert Ticket,-33.79,CA
99292,8/16/2013,Von's Groceries,-38.56,CA
99292,8/16/2013,Restaurant - Steakhouse,-104.21,CA
99292,8/16/2013,Fisker Night Club,-37.6,CA
99292,8/16/2013,Von's Groceries,-1.84,CA
99292,8/16/2013,Seaside Bar,-13.93,CA
99292,8/16/2013,Rodriguez's Bar and Grill,-0.14,CA
99292,8/16/2013,Restaurant - Chinese,-21.76,CA
99292,8/16/2013,Fisker Night Club,-3.26,CA
99292,8/16/2013,Taxi,-9.6,CA
99292,8/16/2013,Owl Night Club,-12.54,CA
99292,8/16/2013,Sprouts Market,-3.81,CA
99292,8/16/2013,Karaoke Bar,-48.18,CA
99292,8/17/2013,Restaurant - Pizza,-39.06,CA
99292,8/17/2013,Public Transportation - Train Pass,-52.42,CA
99292,8/18/2013,Owl Night Club,-15.05,CA
99292,8/19/2013,Food Delivery - GrubHub,-30.37,CA
99292,8/20/2013,Whole Foods,-25.8,CA
99292,8/20/2013,Ice Skating Rink,-18.15,CA
99292,8/20/2013,Lyft,-31.74,CA
99292,8/21/2013,Food Delivery - GrubHub,-31.57,CA
99292,8/21/2013,Public Transportation - Train Pass,-118.43,CA
99292,8/21/2013,Uber,-15.85,CA
99292,8/21/2013,Restaurant - Chinese,-13.61,CA
99292,8/21/2013,Karaoke Bar,-18.79,CA
99292,8/22/2013,Seaside Bar,-3.65,CA
99292,8/22/2013,John's Bar & Restaurant,-1.7,CA
99292,8/22/2013,Uber,-40.97,CA
99292,8/22/2013,Taxi,-23.52,CA
99292,8/22/2013,Concert Ticket,-39.69,CA
99292,8/22/2013,Seaside Bar,-10.39,CA
99292,8/23/2013,Concert Ticket,-23.55,CA
99292,8/23/2013,Fisker Night Club,-23.15,CA
99292,8/24/2013,Concert Ticket,-10.28,CA
99292,8/24/2013,Restaurant - Chinese,-2.82,CA
99292,8/24/2013,Rodriguez's Bar and Grill,-31.1,CA
99292,8/24/2013,Public Transportation - Train Pass,-21.6,CA
99292,8/24/2013,Green Flash Brewery,-7.28,CA
99292,8/25/2013,Uber,-32.11,CA
99292,8/25/2013,Ralph's Grocery Store,-55.1,CA
99292,8/25/2013,Karaoke Bar,-20.75,CA
99292,8/26/2013,Restaurant - Pizza,-38.24,CA
99292,8/26/2013,Restaurant - Pizza,-6.37,CA
99292,8/26/2013,Karaoke Bar,-3.01,CA
99292,8/26/2013,Ice Skating Rink,-16.56,CA
99292,8/26/2013,John's Bar & Restaurant,-11.12,CA
99292,8/27/2013,Restaurant - Pizza,-38.46,CA
99292,8/28/2013,Concert Ticket,-1.2,CA
99292,8/29/2013,Public Transportation - Bus Pass,-2.22,CA
99292,8/29/2013,John's Bar & Restaurant,-31.76,CA
99292,8/30/2013,Uber,-27.79,CA
99292,8/30/2013,Ice Skating Rink,-6.45,CA
99292,8/30/2013,Taxi,-1.69,CA
99292,8/30/2013,Ice Skating Rink,-26.58,CA
99292,8/30/2013,Fisker Night Club,-29.54,CA
99292,8/30/2013,Restaurant - Chinese,-31.1,CA
99292,9/2/2013,Paycheck,3637,CA
99292,9/2/2013,Housing Rent,-1240,CA
99292,9/2/2013,Gas & Electric,-32,CA
99292,9/2/2013,Time Warner Cable,-25,CA
99292,9/2/2013,ACS - Student Loans,-135,CA
99292,9/2/2013,Navient - Student Loans,-197,CA
99292,9/2/2013,Credit Card Payment,-154,CA
99292,9/2/2013,Public Transportation - Train Pass,-118.03,CA
99292,9/3/2013,Movie Ticket,-19.17,CA
99292,9/3/2013,Restaurant - Pizza,-65.64,CA
99292,9/3/2013,Bowling,-84.01,CA
99292,9/3/2013,Bowling,-15.51,CA
99292,9/3/2013,Starbucks Coffee,-5.84,CA
99292,9/3/2013,Fisker Night Club,-80.8,CA
99292,9/4/2013,Restaurant - Steakhouse,-32.33,CA
99292,9/5/2013,Concert Ticket,-48.31,CA
99292,9/6/2013,Public Transportation - Train Pass,-0.34,CA
99292,9/7/2013,Movie Ticket,-11.34,CA
99292,9/8/2013,Sprouts Market,-1.06,CA
99292,9/8/2013,Owl Night Club,-1.71,CA
99292,9/9/2013,Taxi,-17.05,CA
99292,9/10/2013,Green Flash Brewery,-27.59,CA
99292,9/10/2013,Uber,-33.47,CA
99292,9/10/2013,Public Transportation - Train Pass,-28,CA
99292,9/10/2013,Ice Skating Rink,-28.92,CA
99292,9/11/2013,Uber,-31.31,CA
99292,9/11/2013,Concert Ticket,-4.56,CA
99292,9/11/2013,Bowling,-14.59,CA
99292,9/12/2013,Bowling,-12.58,CA
99292,9/13/2013,Wine Bar,-39.61,CA
99292,9/13/2013,Uber,-25.39,CA
99292,9/14/2013,Lyft,-31.84,CA
99292,9/14/2013,Karaoke Bar,-82.95,CA
99292,9/14/2013,Owl Night Club,-94.38,CA
99292,9/14/2013,Rodriguez's Bar and Grill,-7.85,CA
99292,9/14/2013,Owl Night Club,-19.92,CA
99292,9/15/2013,Bowling,-36.43,CA
99292,9/15/2013,Restaurant - Chinese,-37.74,CA
99292,9/16/2013,Taxi,-11.39,CA
99292,9/17/2013,Bowling,-9.77,CA
99292,9/18/2013,Movie Ticket,-13.01,CA
99292,9/19/2013,Starbucks Coffee,-33.5,CA
99292,9/19/2013,Seaside Bar,-5.36,CA
99292,9/19/2013,Karaoke Bar,-21.04,CA
99292,9/20/2013,Owl Night Club,-71.8,CA
99292,9/21/2013,Wine Bar,-7.82,CA
99292,9/21/2013,Restaurant - Pizza,-12.24,CA
99292,9/22/2013,Concert Ticket,-27.86,CA
99292,9/23/2013,Public Transportation - Train Pass,-14.94,CA
99292,9/24/2013,Starbucks Coffee,-33.51,CA
99292,9/24/2013,Movie Ticket,-1.06,CA
99292,9/24/2013,Whole Foods,-55.74,CA
99292,9/24/2013,Karaoke Bar,-21.68,CA
99292,9/25/2013,Restaurant - Chinese,-29.71,CA
99292,9/25/2013,Owl Night Club,-34.99,CA
99292,9/26/2013,Lyft,-8.55,CA
99292,9/27/2013,Taxi,-66.63,CA
99292,9/27/2013,Restaurant - Pizza,-9.54,CA
99292,9/27/2013,John's Bar & Restaurant,-15.79,CA
99292,9/27/2013,Green Flash Brewery,-27.42,CA
99292,9/27/2013,Ice Skating Rink,-20.39,CA
99292,9/27/2013,Concert Ticket,-7.28,CA
99292,9/27/2013,Restaurant - Pizza,-34.62,CA
99292,9/27/2013,Owl Night Club,-6.07,CA
99292,9/27/2013,Karaoke Bar,-21.07,CA
99292,9/27/2013,Public Transportation - Train Pass,-11.99,CA
99292,9/27/2013,Public Transportation - Bus Pass,-30.25,CA
99292,9/27/2013,John's Bar & Restaurant,-10.92,CA
99292,9/28/2013,Wine Bar,-10.78,CA
99292,9/28/2013,Wine Bar,-18.91,CA
99292,9/28/2013,Movie Ticket,-36.64,CA
99292,9/28/2013,John's Bar & Restaurant,-0.44,CA
99292,9/28/2013,Sprouts Market,-24.36,CA
99292,9/28/2013,Von's Groceries,-14.99,CA
99292,9/28/2013,Ice Skating Rink,-10.2,CA
99292,9/29/2013,Restaurant - Chinese,-19.43,CA
99292,9/29/2013,Seaside Bar,-9.01,CA
99292,9/30/2013,Public Transportation - Bus Pass,-28.23,CA
99292,10/2/2013,Paycheck,3637,CA
99292,10/2/2013,Housing Rent,-760,CA
99292,10/2/2013,Gas & Electric,-32,CA
99292,10/2/2013,Time Warner Cable,-25,CA
99292,10/2/2013,ACS - Student Loans,-135,CA
99292,10/2/2013,Navient - Student Loans,-197,CA
99292,10/2/2013,Credit Card Payment,-154,CA
99292,10/2/2013,Owl Night Club,-49.58,CA
99292,10/2/2013,Ice Skating Rink,-14.34,CA
99292,10/2/2013,Ralph's Grocery Store,-24.28,CA
99292,10/2/2013,John's Bar & Restaurant,-29.81,CA
99292,10/3/2013,Starbucks Coffee,-35.62,CA
99292,10/4/2013,Owl Night Club,-36.62,CA
99292,10/5/2013,Fisker Night Club,-28.44,CA
99292,10/6/2013,John's Bar & Restaurant,-90.4,CA
99292,10/6/2013,Ice Skating Rink,-39.25,CA
99292,10/6/2013,Restaurant - Chinese,-17.29,CA
99292,10/6/2013,Public Transportation - Bus Pass,-77.27,CA
99292,10/6/2013,Karaoke Bar,-21.94,CA
99292,10/6/2013,Restaurant - Steakhouse,-20.32,CA
99292,10/7/2013,Von's Groceries,-9.8,CA
99292,10/8/2013,Food Delivery - GrubHub,-0.78,CA
99292,10/8/2013,Ice Skating Rink,-37.59,CA
99292,10/8/2013,Movie Ticket,-6.05,CA
99292,10/9/2013,Concert Ticket,-14.48,CA
99292,10/9/2013,Uber,-15.02,CA
99292,10/9/2013,John's Bar & Restaurant,-1.38,CA
99292,10/10/2013,Uber,-34.14,CA
99292,10/11/2013,Karaoke Bar,-30.95,CA
99292,10/11/2013,Karaoke Bar,-9.3,CA
99292,10/11/2013,Karaoke Bar,-27.89,CA
99292,10/12/2013,Food Delivery - GrubHub,-27.38,CA
99292,10/13/2013,Public Transportation - Bus Pass,-46.82,CA
99292,10/13/2013,Fisker Night Club,-2.75,CA
99292,10/13/2013,Bowling,-23.69,CA
99292,10/13/2013,Karaoke Bar,-4.97,CA
99292,10/13/2013,Karaoke Bar,-4.41,CA
99292,10/13/2013,Ice Skating Rink,-3.12,CA
99292,10/13/2013,Public Transportation - Train Pass,-32.47,CA
99292,10/14/2013,Green Flash Brewery,-5.9,CA
99292,10/14/2013,Uber,-1.74,CA
99292,10/15/2013,Taxi,-20.51,CA
99292,10/15/2013,Owl Night Club,-26.99,CA
99292,10/15/2013,John's Bar & Restaurant,-38.42,CA
99292,10/16/2013,Fisker Night Club,-19.37,CA
99292,10/16/2013,Von's Groceries,-6.24,CA
99292,10/16/2013,Concert Ticket,-12.24,CA
99292,10/16/2013,Bowling,-37.79,CA
99292,10/16/2013,Seaside Bar,-16.7,CA
99292,10/17/2013,John's Bar & Restaurant,-39.92,CA
99292,10/18/2013,Public Transportation - Bus Pass,-110.78,CA
99292,10/18/2013,Restaurant - Chinese,-20.72,CA
99292,10/18/2013,Restaurant - Chinese,-91.83,CA
99292,10/18/2013,Owl Night Club,-12.14,CA
99292,10/18/2013,Ralph's Grocery Store,-23.47,CA
99292,10/19/2013,Concert Ticket,-1.37,CA
99292,10/20/2013,Restaurant - Steakhouse,-38.74,CA
99292,10/20/2013,Public Transportation - Bus Pass,-31.51,CA
99292,10/20/2013,Fisker Night Club,-4.12,CA
99292,10/21/2013,Lyft,-115.53,CA
99292,10/21/2013,Owl Night Club,-20.17,CA
99292,10/21/2013,Movie Ticket,-4.36,CA
99292,10/21/2013,Food Delivery - GrubHub,-32.17,CA
99292,10/21/2013,Public Transportation - Bus Pass,-16.31,CA
99292,10/21/2013,Public Transportation - Bus Pass,-30.46,CA
99292,10/21/2013,Restaurant - Pizza,-80.13,CA
99292,10/22/2013,Seaside Bar,-17.66,CA
99292,10/22/2013,Ice Skating Rink,-25.04,CA
99292,10/22/2013,Restaurant - Chinese,-13.43,CA
99292,10/23/2013,Taxi,-4.83,CA
99292,10/24/2013,Public Transportation - Train Pass,-4.55,CA
99292,10/24/2013,Green Flash Brewery,-14.26,CA
99292,10/25/2013,Restaurant - Pizza,-23.22,CA
99292,10/25/2013,Taxi,-54.62,CA
99292,10/26/2013,Taxi,-35.94,CA
99292,10/26/2013,Public Transportation - Train Pass,-45.76,CA
99292,10/26/2013,Movie Ticket,-9.92,CA
99292,10/26/2013,Whole Foods,-0.24,CA
99292,10/26/2013,Fisker Night Club,-96.61,CA
99292,10/26/2013,Concert Ticket,-19.22,CA
99292,10/26/2013,Movie Ticket,-20.31,CA
99292,10/26/2013,Rodriguez's Bar and Grill,-21.03,CA
99292,10/26/2013,Sprouts Market,-9.29,CA
99292,10/26/2013,Fisker Night Club,-41.55,CA
99292,10/26/2013,Rodriguez's Bar and Grill,-14.98,CA
99292,10/26/2013,Owl Night Club,-29.41,CA
99292,10/27/2013,Bowling,-12.56,CA
99292,10/27/2013,Restaurant - Chinese,-9.11,CA
99292,10/27/2013,Ice Skating Rink,-36.8,CA
99292,10/27/2013,Seaside Bar,-79.74,CA
99292,10/27/2013,Wine Bar,-19.09,CA
99292,10/28/2013,Karaoke Bar,-15.82,CA
99292,10/29/2013,Uber,-24.24,CA
99292,10/29/2013,Seaside Bar,-9.04,CA
99292,10/30/2013,Fisker Night Club,-71.69,CA
99292,10/30/2013,Taxi,-36.24,CA
99292,11/2/2013,Paycheck,3637,CA
99292,11/2/2013,Housing Rent,-1129,CA
99292,11/2/2013,Gas & Electric,-32,CA
99292,11/2/2013,Time Warner Cable,-25,CA
99292,11/2/2013,ACS - Student Loans,-135,CA
99292,11/2/2013,Navient - Student Loans,-197,CA
99292,11/2/2013,Credit Card Payment,-154,CA
99292,11/2/2013,Ice Skating Rink,-59.93,CA
99292,11/2/2013,Karaoke Bar,-32.14,CA
99292,11/3/2013,Fisker Night Club,-6.93,CA
99292,11/3/2013,Bowling,-30.61,CA
99292,11/4/2013,Owl Night Club,-11.41,CA
99292,11/4/2013,Ice Skating Rink,-16.76,CA
99292,11/4/2013,Public Transportation - Bus Pass,-5.41,CA
99292,11/4/2013,Concert Ticket,-31.61,CA
99292,11/5/2013,Restaurant - Chinese,-10.34,CA
99292,11/5/2013,Karaoke Bar,-31.59,CA
99292,11/5/2013,Restaurant - Chinese,-10.53,CA
99292,11/5/2013,Starbucks Coffee,-39.64,CA
99292,11/6/2013,Concert Ticket,-4.66,CA
99292,11/6/2013,Restaurant - Steakhouse,-56.44,CA
99292,11/6/2013,Green Flash Brewery,-27.23,CA
99292,11/6/2013,John's Bar & Restaurant,-9.43,CA
99292,11/6/2013,Concert Ticket,-16.92,CA
99292,11/7/2013,Ice Skating Rink,-35.68,CA
99292,11/8/2013,Wine Bar,-27.03,CA
99292,11/8/2013,Ice Skating Rink,-26.69,CA
99292,11/8/2013,Uber,-16.57,CA
99292,11/8/2013,Seaside Bar,-6.44,CA
99292,11/8/2013,Bowling,-12.89,CA
99292,11/9/2013,Movie Ticket,-38.63,CA
99292,11/9/2013,Starbucks Coffee,-80.41,CA
99292,11/9/2013,Public Transportation - Bus Pass,-27.02,CA
99292,11/9/2013,Concert Ticket,-19.04,CA
99292,11/10/2013,Taxi,-38.01,CA
99292,11/10/2013,Wine Bar,-30.25,CA
99292,11/11/2013,Restaurant - Burgers,-27.89,CA
99292,11/11/2013,Owl Night Club,-2.14,CA
99292,11/11/2013,Restaurant - Steakhouse,-17.56,CA
99292,11/12/2013,Whole Foods,-32.39,CA
99292,11/13/2013,Movie Ticket,-10.73,CA
99292,11/13/2013,Whole Foods,-35.28,CA
99292,11/14/2013,Movie Ticket,-21.63,CA
99292,11/14/2013,Owl Night Club,-35.2,CA
99292,11/14/2013,Restaurant - Burgers,-33.56,CA
99292,11/14/2013,Bowling,-5.74,CA
99292,11/15/2013,Fisker Night Club,-14.18,CA
99292,11/15/2013,Ralph's Grocery Store,-8.64,CA
99292,11/15/2013,Movie Ticket,-10.1,CA
99292,11/16/2013,Restaurant - Chinese,-36.36,CA
99292,11/16/2013,Bowling,-12.55,CA
99292,11/16/2013,Fisker Night Club,-13.42,CA
99292,11/16/2013,Movie Ticket,-23.57,CA
99292,11/17/2013,Uber,-10.88,CA
99292,11/17/2013,John's Bar & Restaurant,-38.07,CA
99292,11/17/2013,Lyft,-27.4,CA
99292,11/18/2013,Taxi,-24.48,CA
99292,11/18/2013,Fisker Night Club,-11.55,CA
99292,11/19/2013,Sprouts Market,-16.23,CA
99292,11/19/2013,Restaurant - Burgers,-117.85,CA
99292,11/20/2013,John's Bar & Restaurant,-8.11,CA
99292,11/20/2013,Fisker Night Club,-23.21,CA
99292,11/20/2013,Movie Ticket,-27.92,CA
99292,11/20/2013,John's Bar & Restaurant,-74.13,CA
99292,11/20/2013,Public Transportation - Bus Pass,-14.66,CA
99292,11/20/2013,Whole Foods,-20.47,CA
99292,11/21/2013,Fisker Night Club,-9.38,CA
99292,11/22/2013,John's Bar & Restaurant,-10.25,CA
99292,11/23/2013,Von's Groceries,-8.5,CA
99292,11/24/2013,Public Transportation - Bus Pass,-71.74,CA
99292,11/24/2013,Seaside Bar,-27.4,CA
99292,11/25/2013,John's Bar & Restaurant,-13.74,CA
99292,11/25/2013,Movie Ticket,-52.71,CA
99292,11/25/2013,Restaurant - Steakhouse,-6.8,CA
99292,11/25/2013,Lyft,-19.38,CA
99292,11/26/2013,Green Flash Brewery,-13.87,CA
99292,11/26/2013,Fisker Night Club,-87.55,CA
99292,11/27/2013,Seaside Bar,-38.07,CA
99292,11/27/2013,Taxi,-11.12,CA
99292,11/27/2013,Lyft,-19.79,CA
99292,11/28/2013,Owl Night Club,-30.38,CA
99292,11/28/2013,Uber,-3.75,CA
99292,11/28/2013,Wine Bar,-25.91,CA
99292,11/28/2013,Rodriguez's Bar and Grill,-24.74,CA
99292,11/28/2013,Karaoke Bar,-67.72,CA
99292,11/28/2013,Restaurant - Burgers,-14.8,CA
99292,11/28/2013,Fisker Night Club,-1.89,CA
99292,11/29/2013,Owl Night Club,-34.39,CA
99292,11/29/2013,Ice Skating Rink,-10.43,CA
99292,11/29/2013,Seaside Bar,-111.39,CA
99292,11/29/2013,Rodriguez's Bar and Grill,-23.89,CA
99292,11/30/2013,Owl Night Club,-28.72,CA
99292,11/30/2013,Movie Ticket,-37.42,CA
99292,11/30/2013,Rodriguez's Bar and Grill,-16.16,CA
99292,11/30/2013,Starbucks Coffee,-90.65,CA
99292,11/30/2013,Movie Ticket,-10.59,CA
99292,11/30/2013,Owl Night Club,-23.55,CA
99292,11/30/2013,Owl Night Club,-11.88,CA
99292,11/30/2013,Karaoke Bar,-4.61,CA
99292,12/2/2013,Paycheck,3637,CA
99292,12/2/2013,Housing Rent,-837,CA
99292,12/2/2013,Gas & Electric,-32,CA
99292,12/2/2013,Time Warner Cable,-25,CA
99292,12/2/2013,ACS - Student Loans,-135,CA
99292,12/2/2013,Navient - Student Loans,-197,CA
99292,12/2/2013,Credit Card Payment,-154,CA
99292,12/2/2013,Concert Ticket,-53.22,CA
99292,12/2/2013,Owl Night Club,-12.01,CA
99292,12/2/2013,John's Bar & Restaurant,-109.64,CA
99292,12/2/2013,Ralph's Grocery Store,-63.15,CA
99292,12/2/2013,Green Flash Brewery,-11.81,CA
99292,12/3/2013,Rodriguez's Bar and Grill,-2.2,CA
99292,12/3/2013,Starbucks Coffee,-6.06,CA
99292,12/3/2013,Karaoke Bar,-37.93,CA
99292,12/3/2013,Fisker Night Club,-12.87,CA
99292,12/3/2013,Starbucks Coffee,-35.47,CA
99292,12/3/2013,Seaside Bar,-27.44,CA
99292,12/3/2013,Green Flash Brewery,-39.95,CA
99292,12/4/2013,Owl Night Club,-5.08,CA
99292,12/4/2013,Seaside Bar,-9.75,CA
99292,12/4/2013,John's Bar & Restaurant,-31.07,CA
99292,12/4/2013,Lyft,-39.5,CA
99292,12/4/2013,Green Flash Brewery,-16.53,CA
99292,12/5/2013,Public Transportation - Bus Pass,-5.12,CA
99292,12/5/2013,Wine Bar,-11.09,CA
99292,12/5/2013,Restaurant - Pizza,-13.62,CA
99292,12/6/2013,Rodriguez's Bar and Grill,-24.76,CA
99292,12/6/2013,Public Transportation - Train Pass,-9.78,CA
99292,12/6/2013,Rodriguez's Bar and Grill,-33.69,CA
99292,12/6/2013,Concert Ticket,-8.73,CA
99292,12/7/2013,Taxi,-34.26,CA
99292,12/7/2013,Concert Ticket,-7.23,CA
99292,12/7/2013,Movie Ticket,-64.68,CA
99292,12/7/2013,Concert Ticket,-2.44,CA
99292,12/7/2013,Taxi,-34.2,CA
99292,12/8/2013,Rodriguez's Bar and Grill,-14.46,CA
99292,12/8/2013,Rodriguez's Bar and Grill,-10.57,CA
99292,12/8/2013,Concert Ticket,-51.82,CA
99292,12/9/2013,Restaurant - Pizza,-23.71,CA
99292,12/9/2013,Lyft,-0.28,CA
99292,12/9/2013,Ralph's Grocery Store,-23.43,CA
99292,12/10/2013,Wine Bar,-54.62,CA
99292,12/10/2013,Owl Night Club,-20.83,CA
99292,12/10/2013,Public Transportation - Train Pass,-1.96,CA
99292,12/10/2013,Uber,-10.73,CA
99292,12/10/2013,Whole Foods,-35.23,CA
99292,12/11/2013,Ice Skating Rink,-20.8,CA
99292,12/11/2013,Restaurant - Chinese,-21.1,CA
99292,12/12/2013,Owl Night Club,-38.29,CA
99292,12/12/2013,Concert Ticket,-14.85,CA
99292,12/12/2013,Uber,-25.9,CA
99292,12/12/2013,Bowling,-25.17,CA
99292,12/12/2013,Fisker Night Club,-1.21,CA
99292,12/12/2013,Food Delivery - GrubHub,-23.58,CA
99292,12/13/2013,Lyft,-100.87,CA
99292,12/13/2013,Fisker Night Club,-37.7,CA
99292,12/14/2013,Karaoke Bar,-33.19,CA
99292,12/14/2013,Lyft,-11.27,CA
99292,12/14/2013,Food Delivery - GrubHub,-63.8,CA
99292,12/14/2013,Ralph's Grocery Store,-4.76,CA
99292,12/14/2013,John's Bar & Restaurant,-32.37,CA
99292,12/14/2013,Bowling,-48.58,CA
99292,12/14/2013,Green Flash Brewery,-28.48,CA
99292,12/14/2013,Sprouts Market,-118.78,CA
99292,12/14/2013,Lyft,-1.42,CA
99292,12/14/2013,Public Transportation - Bus Pass,-88.15,CA
99292,12/14/2013,Taxi,-28.19,CA
99292,12/14/2013,Owl Night Club,-18.88,CA
99292,12/14/2013,Restaurant - Chinese,-41.27,CA
99292,12/14/2013,Sprouts Market,-9.52,CA
99292,12/14/2013,John's Bar & Restaurant,-25.4,CA
99292,12/15/2013,Uber,-35.25,CA
99292,12/16/2013,Movie Ticket,-10.17,CA
99292,12/16/2013,Rodriguez's Bar and Grill,-14.48,CA
99292,12/16/2013,Wine Bar,-19.35,CA
99292,12/17/2013,Seaside Bar,-3.09,CA
99292,12/17/2013,Uber,-15.33,CA
99292,12/18/2013,Bowling,-9.89,CA
99292,12/18/2013,Green Flash Brewery,-16.26,CA
99292,12/18/2013,Rodriguez's Bar and Grill,-15.47,CA
99292,12/19/2013,John's Bar & Restaurant,-27.72,CA
99292,12/19/2013,Karaoke Bar,-85.79,CA
99292,12/20/2013,Restaurant - Chinese,-21.37,CA
99292,12/20/2013,Uber,-25.19,CA
99292,12/20/2013,Concert Ticket,-39.66,CA
99292,12/20/2013,Concert Ticket,-33.22,CA
99292,12/20/2013,Wine Bar,-8.86,CA
99292,12/20/2013,Fisker Night Club,-47.82,CA
99292,12/21/2013,John's Bar & Restaurant,-8.2,CA
99292,12/21/2013,Wine Bar,-26.93,CA
99292,12/21/2013,John's Bar & Restaurant,-78.23,CA
99292,12/21/2013,Lyft,-6.18,CA
99292,12/22/2013,Starbucks Coffee,-2.91,CA
99292,12/23/2013,Von's Groceries,-33.85,CA
99292,12/24/2013,Seaside Bar,-14.82,CA
99292,12/25/2013,Green Flash Brewery,-14.59,CA
99292,12/25/2013,Green Flash Brewery,-37.5,CA
99292,12/25/2013,Fisker Night Club,-36.09,CA
99292,12/25/2013,Von's Groceries,-1.8,CA
99292,12/25/2013,Public Transportation - Bus Pass,-55.9,CA
99292,12/26/2013,Restaurant - Pizza,-24.72,CA
99292,12/26/2013,Taxi,-23.7,CA
99292,12/26/2013,Owl Night Club,-17.33,CA
99292,12/26/2013,Concert Ticket,-69.9,CA
99292,12/26/2013,Taxi,-5.69,CA
99292,12/26/2013,John's Bar & Restaurant,-3.27,CA
99292,12/26/2013,Fisker Night Club,-33.16,CA
99292,12/26/2013,Lyft,-7.85,CA
99292,12/27/2013,Von's Groceries,-49.31,CA
99292,12/27/2013,Restaurant - Steakhouse,-13.06,CA
99292,12/27/2013,Karaoke Bar,-16.05,CA
99292,12/27/2013,Concert Ticket,-24.19,CA
99292,12/28/2013,Public Transportation - Train Pass,-18.2,CA
99292,12/29/2013,Karaoke Bar,-25.11,CA
99292,12/29/2013,Wine Bar,-5.41,CA
99292,12/29/2013,Seaside Bar,-18.45,CA
99292,12/29/2013,Sprouts Market,-21.45,CA
99292,12/29/2013,John's Bar & Restaurant,-19.06,CA
99292,12/29/2013,John's Bar & Restaurant,-2.22,CA
99292,12/29/2013,Lyft,-22.71,CA
99292,12/30/2013,Movie Ticket,-103.74,CA
99292,12/32/2013,Seaside Bar,-39.15,CA
99292,12/32/2013,Whole Foods,-66.8,CA
99292,12/32/2013,Owl Night Club,-23.7,CA
99292,12/32/2013,Public Transportation - Bus Pass,-3.02,CA
99292,12/32/2013,John's Bar & Restaurant,-5.62,CA
99292,12/32/2013,Wine Bar,-5.59,CA
99292,12/32/2013,Wine Bar,-0.66,CA
99292,12/32/2013,Public Transportation - Bus Pass,-12.43,CA
99292,12/32/2013,Seaside Bar,-0.68,CA
99292,12/32/2013,John's Bar & Restaurant,-12.51,CA
99292,1/2/2014,Ice Skating Rink,-78.41,CA
99292,1/2/2014,Rodriguez's Bar and Grill,-3.4,CA
99292,1/2/2014,John's Bar & Restaurant,-11.25,CA
99292,1/2/2014,Green Flash Brewery,-23.32,CA
99292,1/3/2014,Von's Groceries,-71.72,CA
99292,1/3/2014,Rodriguez's Bar and Grill,-1.31,CA
99292,1/3/2014,Owl Night Club,-25.85,CA
99292,1/3/2014,Public Transportation - Train Pass,-29.46,CA
99292,1/4/2014,Whole Foods,-31.41,CA
99292,1/4/2014,Restaurant - Burgers,-29.34,CA
99292,1/4/2014,Lyft,-4.82,CA
99292,1/4/2014,Movie Ticket,-32.17,CA
99292,1/4/2014,Owl Night Club,-113.04,CA
99292,1/4/2014,Uber,-16.43,CA
99292,1/4/2014,Ice Skating Rink,-19.35,CA
99292,1/4/2014,Karaoke Bar,-8.98,CA
99292,1/5/2014,Wine Bar,-28.81,CA
99292,1/5/2014,Restaurant - Steakhouse,-33.61,CA
99292,1/5/2014,Starbucks Coffee,-35.85,CA
99292,1/5/2014,Fisker Night Club,-70.93,CA
99292,1/6/2014,John's Bar & Restaurant,-42.15,CA
99292,1/6/2014,Ice Skating Rink,-10.05,CA
99292,1/7/2014,Restaurant - Steakhouse,-26.27,CA
99292,1/8/2014,Restaurant - Pizza,-24.73,CA
99292,1/8/2014,Public Transportation - Train Pass,-14.84,CA
99292,1/8/2014,Ice Skating Rink,-28.74,CA
99292,1/8/2014,Fisker Night Club,-22,CA
99292,1/9/2014,Wine Bar,-112.3,CA
99292,1/10/2014,Taxi,-30.49,CA
99292,1/10/2014,Public Transportation - Bus Pass,-18.65,CA
99292,1/10/2014,Movie Ticket,-110.08,CA
99292,1/10/2014,Sprouts Market,-5.58,CA
99292,1/10/2014,Uber,-22.98,CA
99292,1/10/2014,Divorce Lawyer Fees,-29.35,CA
99292,1/10/2014,Comfort Inn,-83.24,CA
99292,1/10/2014,Best Western Hotel,-16.5,CA
99292,1/11/2014,Wine Bar,-20.43,CA
99292,1/12/2014,Lyft,-28,CA
99292,1/12/2014,Bowling,-114.11,CA
99292,1/12/2014,Public Transportation - Bus Pass,-16,CA
99292,1/12/2014,Karaoke Bar,-26.38,CA
99292,1/13/2014,John's Bar & Restaurant,-102.56,CA
99292,1/14/2014,Food Delivery - GrubHub,-19.56,CA
99292,1/14/2014,Green Flash Brewery,-27.37,CA
99292,1/15/2014,Rodriguez's Bar and Grill,-0.38,CA
99292,1/16/2014,Whole Foods,-38.73,CA
99292,1/16/2014,Rodriguez's Bar and Grill,-30.19,CA
99292,1/16/2014,Uber,-28.01,CA
99292,1/16/2014,Fisker Night Club,-21.53,CA
99292,1/17/2014,Fisker Night Club,-83.6,CA
99292,1/18/2014,Public Transportation - Train Pass,-28.35,CA
99292,1/19/2014,Restaurant - Steakhouse,-2.15,CA
99292,1/19/2014,Owl Night Club,-45.6,CA
99292,1/20/2014,Rodriguez's Bar and Grill,-35.64,CA
99292,1/20/2014,John's Bar & Restaurant,-12.29,CA
99292,1/20/2014,Lyft,-17.25,CA
99292,1/20/2014,Restaurant - Steakhouse,-32.63,CA
99292,1/20/2014,Owl Night Club,-13.08,CA
99292,1/20/2014,Lyft,-38.18,CA
99292,1/21/2014,Restaurant - Chinese,-13.16,CA
99292,1/21/2014,Karaoke Bar,-8.71,CA
99292,1/22/2014,Uber,-59.95,CA
99292,1/23/2014,Wine Bar,-19.1,CA
99292,1/23/2014,Concert Ticket,-96.19,CA
99292,1/23/2014,Lyft,-13.1,CA
99292,1/23/2014,Lyft,-15.79,CA
99292,1/24/2014,Von's Groceries,-28.03,CA
99292,1/24/2014,Owl Night Club,-0.46,CA
99292,1/24/2014,Karaoke Bar,-16.01,CA
99292,1/24/2014,Restaurant - Burgers,-34.86,CA
99292,1/25/2014,Wine Bar,-33.53,CA
99292,1/26/2014,Fisker Night Club,-31.33,CA
99292,1/26/2014,John's Bar & Restaurant,-6.67,CA
99292,1/26/2014,Public Transportation - Bus Pass,-36.82,CA
99292,1/26/2014,Taxi,-7.9,CA
99292,1/26/2014,Lyft,-4.99,CA
99292,1/26/2014,Movie Ticket,-10.58,CA
99292,1/26/2014,Owl Night Club,-0.32,CA
99292,1/26/2014,Sprouts Market,-97.46,CA
99292,1/26/2014,Ice Skating Rink,-18.66,CA
99292,1/27/2014,Public Transportation - Bus Pass,-5.73,CA
99292,1/27/2014,Rodriguez's Bar and Grill,-6.03,CA
99292,1/27/2014,Seaside Bar,-26.41,CA
99292,1/27/2014,Restaurant - Steakhouse,-5.44,CA
99292,1/28/2014,Seaside Bar,-16.75,CA
99292,1/29/2014,Concert Ticket,-31.45,CA
99292,1/30/2014,Seaside Bar,-39.68,CA
99292,1/30/2014,Karaoke Bar,-11.7,CA
99292,1/30/2014,Movie Ticket,-32.53,CA
99292,3/2/2014,Paycheck,3637,CA
99292,3/2/2014,Housing Rent,-902,CA
99292,3/2/2014,Gas & Electric,-32,CA
99292,3/2/2014,Time Warner Cable,-25,CA
99292,3/2/2014,ACS - Student Loans,-135,CA
99292,3/2/2014,Navient - Student Loans,-197,CA
99292,3/2/2014,Credit Card Payment,-154,CA
99292,3/2/2014,Seaside Bar,-13.95,CA
99292,3/2/2014,Food Delivery - GrubHub,-20.94,CA
99292,3/3/2014,Uber,-15.81,CA
99292,3/3/2014,Ice Skating Rink,-20.95,CA
99292,3/4/2014,Wine Bar,-4.85,CA
99292,3/4/2014,Concert Ticket,-21.92,CA
99292,3/4/2014,Public Transportation - Train Pass,-117.58,CA
99292,3/4/2014,Food Delivery - GrubHub,-14.15,CA
99292,3/4/2014,Restaurant - Burgers,-33.68,CA
99292,3/5/2014,John's Bar & Restaurant,-103.18,CA
99292,3/6/2014,Public Transportation - Train Pass,-13.97,CA
99292,3/6/2014,Seaside Bar,-32.13,CA
99292,3/6/2014,Bowling,-11.83,CA
99292,3/6/2014,Fisker Night Club,-28.71,CA
99292,3/6/2014,Green Flash Brewery,-7.06,CA
99292,3/6/2014,Lyft,-37.66,CA
99292,3/6/2014,Bowling,-11.4,CA
99292,3/6/2014,Public Transportation - Train Pass,-29.8,CA
99292,3/6/2014,Public Transportation - Train Pass,-5.97,CA
99292,3/7/2014,Rodriguez's Bar and Grill,-24.95,CA
99292,3/8/2014,Restaurant - Pizza,-30.27,CA
99292,3/8/2014,Movie Ticket,-19.92,CA
99292,3/8/2014,Uber,-24.88,CA
99292,3/8/2014,Starbucks Coffee,-4.65,CA
99292,3/8/2014,Restaurant - Burgers,-7.12,CA
99292,3/8/2014,Taxi,-17.58,CA
99292,3/8/2014,John's Bar & Restaurant,-45.62,CA
99292,3/8/2014,Movie Ticket,-114.33,CA
99292,3/8/2014,Uber,-33.86,CA
99292,3/9/2014,Seaside Bar,-21.04,CA
99292,3/10/2014,Restaurant - Steakhouse,-112.21,CA
99292,3/10/2014,Bowling,-8.73,CA
99292,3/11/2014,Movie Ticket,-20.84,CA
99292,3/11/2014,Sprouts Market,-107.3,CA
99292,3/11/2014,Wine Bar,-7.14,CA
99292,3/12/2014,Restaurant - Chinese,-10.13,CA
99292,3/12/2014,Karaoke Bar,-38.51,CA
99292,3/12/2014,Wine Bar,-6.44,CA
99292,3/12/2014,Bowling,-30.45,CA
99292,3/12/2014,Restaurant - Chinese,-23.8,CA
99292,3/13/2014,Restaurant - Steakhouse,-31.61,CA
99292,3/13/2014,Movie Ticket,-29.54,CA
99292,3/13/2014,Starbucks Coffee,-25.96,CA
99292,3/13/2014,Public Transportation - Train Pass,-0.8,CA
99292,3/13/2014,Public Transportation - Bus Pass,-9.93,CA
99292,3/13/2014,Taxi,-24.89,CA
99292,3/13/2014,Ice Skating Rink,-6.46,CA
99292,3/13/2014,Owl Night Club,-25.1,CA
99292,3/13/2014,Starbucks Coffee,-24.81,CA
99292,3/13/2014,Movie Ticket,-25.57,CA
99292,3/14/2014,Owl Night Club,-22.66,CA
99292,3/14/2014,Concert Ticket,-35.06,CA
99292,3/14/2014,Fisker Night Club,-14.35,CA
99292,3/15/2014,Whole Foods,-113.2,CA
99292,3/15/2014,Movie Ticket,-35.14,CA
99292,3/16/2014,Restaurant - Pizza,-83,CA
99292,3/16/2014,Green Flash Brewery,-13.26,CA
99292,3/16/2014,Restaurant - Pizza,-11.75,CA
99292,3/16/2014,Ralph's Grocery Store,-11.61,CA
99292,3/16/2014,Von's Groceries,-12.07,CA
99292,3/17/2014,Concert Ticket,-20.39,CA
99292,3/17/2014,Restaurant - Pizza,-10.43,CA
99292,3/17/2014,Owl Night Club,-12.32,CA
99292,3/18/2014,Restaurant - Steakhouse,-25.07,CA
99292,3/18/2014,Public Transportation - Bus Pass,-24.71,CA
99292,3/18/2014,Starbucks Coffee,-5.54,CA
99292,3/18/2014,Sprouts Market,-35.96,CA
99292,3/18/2014,Fisker Night Club,-19,CA
99292,3/18/2014,Rodriguez's Bar and Grill,-21.3,CA
99292,3/18/2014,Whole Foods,-36.34,CA
99292,3/18/2014,Rodriguez's Bar and Grill,-20.47,CA
99292,3/18/2014,Taxi,-7.93,CA
99292,3/18/2014,John's Bar & Restaurant,-37.12,CA
99292,3/18/2014,Restaurant - Chinese,-15,CA
99292,3/18/2014,Bowling,-17.4,CA
99292,3/19/2014,Movie Ticket,-10.17,CA
99292,3/20/2014,Restaurant - Steakhouse,-29.75,CA
99292,3/20/2014,Public Transportation - Bus Pass,-73.38,CA
99292,3/20/2014,Lyft,-24.62,CA
99292,3/20/2014,John's Bar & Restaurant,-92.91,CA
99292,3/20/2014,Fisker Night Club,-29.89,CA
99292,3/21/2014,Rodriguez's Bar and Grill,-9.42,CA
99292,3/21/2014,Public Transportation - Bus Pass,-22.3,CA
99292,3/22/2014,Fisker Night Club,-29.31,CA
99292,3/23/2014,Restaurant - Chinese,-51.3,CA
99292,3/24/2014,Seaside Bar,-18.78,CA
99292,3/24/2014,Bowling,-3.07,CA
99292,3/24/2014,Seaside Bar,-26.55,CA
99292,3/24/2014,Uber,-33.22,CA
99292,3/25/2014,Rodriguez's Bar and Grill,-7.72,CA
99292,3/25/2014,Lyft,-29.09,CA
99292,3/26/2014,John's Bar & Restaurant,-20.64,CA
99292,3/26/2014,Uber,-108.78,CA
99292,3/26/2014,Taxi,-21.6,CA
99292,3/26/2014,Uber,-35.79,CA
99292,3/26/2014,Sprouts Market,-2.33,CA
99292,3/26/2014,Green Flash Brewery,-34.14,CA
99292,3/26/2014,Ice Skating Rink,-32.06,CA
99292,3/26/2014,Fisker Night Club,-13.04,CA
99292,3/26/2014,Uber,-91.76,CA
99292,3/26/2014,Fisker Night Club,-113.7,CA
99292,3/27/2014,Restaurant - Pizza,-46.16,CA
99292,3/27/2014,Public Transportation - Train Pass,-36.99,CA
99292,3/27/2014,Bowling,-35.51,CA
99292,3/27/2014,Seaside Bar,-20.66,CA
99292,3/27/2014,Ralph's Grocery Store,-16.97,CA
99292,3/27/2014,Taxi,-4.37,CA
99292,3/28/2014,Ralph's Grocery Store,-39.52,CA
99292,3/29/2014,Green Flash Brewery,-3.39,CA
99292,3/29/2014,Green Flash Brewery,-67.32,CA
99292,3/30/2014,Public Transportation - Train Pass,-4.7,CA
99292,3/30/2014,Movie Ticket,-22.52,CA
99292,3/30/2014,Rodriguez's Bar and Grill,-11.88,CA
99292,3/30/2014,Wine Bar,-20.05,CA
99292,3/30/2014,Public Transportation - Train Pass,-36.66,CA
99292,3/30/2014,Owl Night Club,-71.34,CA
99292,3/30/2014,Starbucks Coffee,-23.79,CA
99292,4/2/2014,Paycheck,3637,CA
99292,4/2/2014,Housing Rent,-1391,CA
99292,4/2/2014,Gas & Electric,-32,CA
99292,4/2/2014,Time Warner Cable,-25,CA
99292,4/2/2014,ACS - Student Loans,-135,CA
99292,4/2/2014,Navient - Student Loans,-197,CA
99292,4/2/2014,Credit Card Payment,-154,CA
99292,4/2/2014,Fisker Night Club,-9.35,CA
99292,4/2/2014,Food Delivery - GrubHub,-106.27,CA
99292,4/3/2014,Restaurant - Burgers,-100.34,CA
99292,4/3/2014,Seaside Bar,-10.92,CA
99292,4/4/2014,Karaoke Bar,-2.29,CA
99292,4/4/2014,Public Transportation - Train Pass,-95.1,CA
99292,4/4/2014,John's Bar & Restaurant,-0.25,CA
99292,4/5/2014,Uber,-23.75,CA
99292,4/6/2014,Karaoke Bar,-23.4,CA
99292,4/6/2014,Public Transportation - Train Pass,-6.33,CA
99292,4/7/2014,Taxi,-32.68,CA
99292,4/8/2014,Restaurant - Steakhouse,-36,CA
99292,4/8/2014,Movie Ticket,-21.64,CA
99292,4/9/2014,Concert Ticket,-14.06,CA
99292,4/10/2014,Ice Skating Rink,-1.79,CA
99292,4/10/2014,John's Bar & Restaurant,-36.97,CA
99292,4/10/2014,Karaoke Bar,-4.04,CA
99292,4/10/2014,Fisker Night Club,-119.82,CA
99292,4/11/2014,Lyft,-21.73,CA
99292,4/11/2014,Food Delivery - GrubHub,-13.2,CA
99292,4/12/2014,Bowling,-9.29,CA
99292,4/12/2014,Restaurant - Burgers,-9.37,CA
99292,4/12/2014,Public Transportation - Bus Pass,-36.94,CA
99292,4/12/2014,Ralph's Grocery Store,-35.87,CA
99292,4/12/2014,John's Bar & Restaurant,-23.51,CA
99292,4/13/2014,Restaurant - Chinese,-17.42,CA
99292,4/13/2014,Owl Night Club,-26.83,CA
99292,4/13/2014,Bowling,-31.1,CA
99292,4/13/2014,Movie Ticket,-24.54,CA
99292,4/14/2014,Lyft,-3.25,CA
99292,4/15/2014,Ice Skating Rink,-17.32,CA
99292,4/15/2014,Taxi,-62.29,CA
99292,4/15/2014,Public Transportation - Train Pass,-25.45,CA
99292,4/16/2014,Karaoke Bar,-33.96,CA
99292,4/16/2014,Ice Skating Rink,-25.49,CA
99292,4/16/2014,Karaoke Bar,-31.18,CA
99292,4/17/2014,Movie Ticket,-28.25,CA
99292,4/17/2014,Bowling,-27.82,CA
99292,4/17/2014,Wine Bar,-10.56,CA
99292,4/17/2014,Sprouts Market,-43.61,CA
99292,4/17/2014,Restaurant - Pizza,-12.67,CA
99292,4/17/2014,John's Bar & Restaurant,-25.95,CA
99292,4/17/2014,Concert Ticket,-23.03,CA
99292,4/17/2014,Karaoke Bar,-26.92,CA
99292,4/17/2014,Food Delivery - GrubHub,-10.8,CA
99292,4/17/2014,Restaurant - Burgers,-41.13,CA
99292,4/18/2014,Rodriguez's Bar and Grill,-68.71,CA
99292,4/18/2014,Ice Skating Rink,-21.01,CA
99292,4/18/2014,Wine Bar,-0.47,CA
99292,4/19/2014,Food Delivery - GrubHub,-81.6,CA
99292,4/19/2014,Ice Skating Rink,-29.09,CA
99292,4/19/2014,Green Flash Brewery,-110.33,CA
99292,4/19/2014,Bowling,-23.27,CA
99292,4/19/2014,Whole Foods,-11.62,CA
99292,4/19/2014,Taxi,-33.22,CA
99292,4/19/2014,Seaside Bar,-2.18,CA
99292,4/20/2014,Ice Skating Rink,-33.15,CA
99292,4/21/2014,Green Flash Brewery,-55.86,CA
99292,4/21/2014,Seaside Bar,-36.96,CA
99292,4/21/2014,Uber,-10.38,CA
99292,4/22/2014,Public Transportation - Train Pass,-22.16,CA
99292,4/23/2014,Movie Ticket,-11.73,CA
99292,4/24/2014,Bowling,-3.81,CA
99292,4/24/2014,Restaurant - Steakhouse,-35.94,CA
99292,4/24/2014,Seaside Bar,-88.57,CA
99292,4/25/2014,Bowling,-87.34,CA
99292,4/26/2014,Ice Skating Rink,-9.97,CA
99292,4/26/2014,John's Bar & Restaurant,-21.36,CA
99292,4/26/2014,Lyft,-3.38,CA
99292,4/26/2014,Wine Bar,-15.7,CA
99292,4/26/2014,Seaside Bar,-35.64,CA
99292,4/26/2014,Movie Ticket,-31.67,CA
99292,4/26/2014,Karaoke Bar,-14.24,CA
99292,4/27/2014,Von's Groceries,-5.52,CA
99292,4/27/2014,Green Flash Brewery,-36.19,CA
99292,4/27/2014,Uber,-19.81,CA
99292,4/28/2014,John's Bar & Restaurant,-21.25,CA
99292,4/28/2014,Restaurant - Pizza,-1.45,CA
99292,4/29/2014,Public Transportation - Train Pass,-12.28,CA
99292,4/29/2014,Rodriguez's Bar and Grill,-8.53,CA
99292,4/29/2014,Karaoke Bar,-8.39,CA
99292,4/29/2014,Concert Ticket,-4.46,CA
99292,4/29/2014,Owl Night Club,-14.93,CA
99292,4/30/2014,Green Flash Brewery,-93.05,CA
99292,5/2/2014,Paycheck,3637,CA
99292,5/2/2014,Housing Rent,-1391,CA
99292,5/2/2014,Gas & Electric,-32,CA
99292,5/2/2014,Time Warner Cable,-25,CA
99292,5/2/2014,ACS - Student Loans,-135,CA
99292,5/2/2014,Navient - Student Loans,-197,CA
99292,5/2/2014,Credit Card Payment,-154,CA
99292,5/2/2014,Owl Night Club,-55.65,CA
99292,5/2/2014,Green Flash Brewery,-39.08,CA
99292,5/3/2014,Owl Night Club,-37.64,CA
99292,5/3/2014,Restaurant - Steakhouse,-15.29,CA
99292,5/3/2014,Rodriguez's Bar and Grill,-16.23,CA
99292,5/4/2014,Uber,-70.23,CA
99292,5/5/2014,Concert Ticket,-62.8,CA
99292,5/6/2014,John's Bar & Restaurant,-31.48,CA
99292,5/7/2014,Concert Ticket,-15.26,CA
99292,5/7/2014,Von's Groceries,-18.99,CA
99292,5/8/2014,Restaurant - Chinese,-1.12,CA
99292,5/9/2014,Bowling,-16.96,CA
99292,5/9/2014,Movie Ticket,-34.76,CA
99292,5/9/2014,Bowling,-88.38,CA
99292,5/9/2014,Rodriguez's Bar and Grill,-2.81,CA
99292,5/10/2014,Concert Ticket,-82.85,CA
99292,5/10/2014,Von's Groceries,-32.34,CA
99292,5/11/2014,Concert Ticket,-16.57,CA
99292,5/11/2014,Karaoke Bar,-80.08,CA
99292,5/12/2014,Karaoke Bar,-15.59,CA
99292,5/12/2014,Ice Skating Rink,-10.06,CA
99292,5/12/2014,Public Transportation - Bus Pass,-17.8,CA
99292,5/13/2014,John's Bar & Restaurant,-29.36,CA
99292,5/14/2014,Wine Bar,-33.45,CA
99292,5/15/2014,Uber,-3.56,CA
99292,5/16/2014,Concert Ticket,-32.02,CA
99292,5/17/2014,Ice Skating Rink,-31.51,CA
99292,5/17/2014,Taxi,-19.31,CA
99292,5/17/2014,Rodriguez's Bar and Grill,-29.03,CA
99292,5/17/2014,Restaurant - Chinese,-4.78,CA
99292,5/17/2014,Uber,-0.33,CA
99292,5/18/2014,Restaurant - Chinese,-39.54,CA
99292,5/18/2014,Seaside Bar,-53.49,CA
99292,5/18/2014,Taxi,-10.23,CA
99292,5/19/2014,Karaoke Bar,-30.38,CA
99292,5/19/2014,Green Flash Brewery,-38.53,CA
99292,5/19/2014,Sprouts Market,-10.76,CA
99292,5/19/2014,Green Flash Brewery,-29.11,CA
99292,5/19/2014,Starbucks Coffee,-12.76,CA
99292,5/20/2014,Public Transportation - Bus Pass,-37.22,CA
99292,5/21/2014,Concert Ticket,-15.55,CA
99292,5/22/2014,Owl Night Club,-27.55,CA
99292,5/22/2014,Lyft,-3.52,CA
99292,5/22/2014,Whole Foods,-0.53,CA
99292,5/22/2014,Movie Ticket,-0.72,CA
99292,5/23/2014,Bowling,-44.4,CA
99292,5/24/2014,Green Flash Brewery,-80.98,CA
99292,5/24/2014,Owl Night Club,-28.94,CA
99292,5/25/2014,Fisker Night Club,-79.27,CA
99292,5/26/2014,Fisker Night Club,-16.87,CA
99292,5/26/2014,John's Bar & Restaurant,-31.47,CA
99292,5/26/2014,Fisker Night Club,-5.76,CA
99292,5/26/2014,Restaurant - Steakhouse,-25.12,CA
99292,5/26/2014,Owl Night Club,-14.94,CA
99292,5/26/2014,Uber,-86.74,CA
99292,5/26/2014,Karaoke Bar,-7.58,CA
99292,5/26/2014,Restaurant - Pizza,-16.94,CA
99292,5/27/2014,Ice Skating Rink,-19.33,CA
99292,5/28/2014,Starbucks Coffee,-31.1,CA
99292,5/29/2014,John's Bar & Restaurant,-36.54,CA
99292,5/29/2014,Public Transportation - Bus Pass,-29.9,CA
99292,5/29/2014,Von's Groceries,-26.14,CA
99292,5/29/2014,Food Delivery - GrubHub,-20.48,CA
99292,5/30/2014,Green Flash Brewery,-31.29,CA
99292,5/30/2014,Ice Skating Rink,-109.27,CA
99292,6/2/2014,Paycheck,3637,CA
99292,6/2/2014,Housing Rent,-1160,CA
99292,6/2/2014,Gas & Electric,-32,CA
99292,6/2/2014,Time Warner Cable,-25,CA
99292,6/2/2014,ACS - Student Loans,-135,CA
99292,6/2/2014,Navient - Student Loans,-197,CA
99292,6/2/2014,Credit Card Payment,-154,CA
99292,6/2/2014,Restaurant - Pizza,-3.36,CA
99292,6/3/2014,Wine Bar,-11.62,CA
99292,6/4/2014,John's Bar & Restaurant,-8.69,CA
99292,6/5/2014,Taxi,-18.53,CA
99292,6/5/2014,Bowling,-19.77,CA
99292,6/5/2014,Von's Groceries,-112.09,CA
99292,6/5/2014,Seaside Bar,-11.87,CA
99292,6/5/2014,Sprouts Market,-13.5,CA
99292,6/5/2014,Lyft,-1.49,CA
99292,6/5/2014,John's Bar & Restaurant,-29.35,CA
99292,6/6/2014,Lyft,-5.56,CA
99292,6/6/2014,Sprouts Market,-119.76,CA
99292,6/7/2014,Fisker Night Club,-0.52,CA
99292,6/8/2014,Fisker Night Club,-86.55,CA
99292,6/8/2014,Ice Skating Rink,-38.18,CA
99292,6/8/2014,Starbucks Coffee,-16.28,CA
99292,6/9/2014,Ice Skating Rink,-90.96,CA
99292,6/9/2014,Rodriguez's Bar and Grill,-29.82,CA
99292,6/9/2014,Restaurant - Pizza,-4.8,CA
99292,6/10/2014,Karaoke Bar,-21.56,CA
99292,6/11/2014,Restaurant - Pizza,-20.6,CA
99292,6/12/2014,Bowling,-2.91,CA
99292,6/12/2014,Uber,-39.42,CA
99292,6/13/2014,Von's Groceries,-3.5,CA
99292,6/14/2014,Von's Groceries,-13.22,CA
99292,6/15/2014,Ice Skating Rink,-20.83,CA
99292,6/16/2014,Uber,-3.15,CA
99292,6/16/2014,Ralph's Grocery Store,-30.25,CA
99292,6/17/2014,Seaside Bar,-36.92,CA
99292,6/17/2014,Whole Foods,-16.13,CA
99292,6/17/2014,Concert Ticket,-15.01,CA
99292,6/18/2014,Green Flash Brewery,-2.12,CA
99292,6/18/2014,Seaside Bar,-98.63,CA
99292,6/18/2014,Public Transportation - Train Pass,-29.07,CA
99292,6/19/2014,Public Transportation - Train Pass,-2.47,CA
99292,6/20/2014,Restaurant - Pizza,-26.49,CA
99292,6/20/2014,Whole Foods,-15.64,CA
99292,6/20/2014,Public Transportation - Train Pass,-21.1,CA
99292,6/20/2014,Restaurant - Steakhouse,-32.44,CA
99292,6/21/2014,Rodriguez's Bar and Grill,-38.7,CA
99292,6/21/2014,Public Transportation - Bus Pass,-10.9,CA
99292,6/21/2014,Seaside Bar,-25.56,CA
99292,6/21/2014,Ice Skating Rink,-24.66,CA
99292,6/21/2014,Green Flash Brewery,-4.48,CA
99292,6/21/2014,Public Transportation - Train Pass,-1.41,CA
99292,6/21/2014,Karaoke Bar,-59.68,CA
99292,6/21/2014,Restaurant - Pizza,-27.99,CA
99292,6/22/2014,Lyft,-9.24,CA
99292,6/23/2014,Taxi,-1.34,CA
99292,6/24/2014,John's Bar & Restaurant,-1.73,CA
99292,6/25/2014,Green Flash Brewery,-19.83,CA
99292,6/26/2014,Restaurant - Steakhouse,-32.2,CA
99292,6/27/2014,Movie Ticket,-34.97,CA
99292,6/28/2014,Rodriguez's Bar and Grill,-10.89,CA
99292,6/28/2014,Wine Bar,-31.77,CA
99292,6/28/2014,Restaurant - Burgers,-39.8,CA
99292,6/29/2014,Bowling,-16.81,CA
99292,6/29/2014,Green Flash Brewery,-1.5,CA
99292,6/30/2014,John's Bar & Restaurant,-26.2,CA
99292,7/2/2014,Housing Rent,-1334,CA
99292,7/2/2014,Gas & Electric,-32,CA
99292,7/2/2014,Time Warner Cable,-25,CA
99292,7/2/2014,ACS - Student Loans,-135,CA
99292,7/2/2014,Navient - Student Loans,-197,CA
99292,7/2/2014,Credit Card Payment,-154,CA
99292,7/2/2014,Restaurant - Steakhouse,-0.34,CA
99292,7/3/2014,Lyft,-42.67,CA
99292,7/4/2014,Seaside Bar,-10.22,CA
99292,7/4/2014,Restaurant - Burgers,-25.1,CA
99292,7/4/2014,Restaurant - Steakhouse,-32.45,CA
99292,7/4/2014,Wine Bar,-62.38,CA
99292,7/5/2014,John's Bar & Restaurant,-23.76,CA
99292,7/5/2014,Lyft,-88.18,CA
99292,7/5/2014,Rodriguez's Bar and Grill,-36.65,CA
99292,7/5/2014,Ice Skating Rink,-1.76,CA
99292,7/6/2014,Public Transportation - Bus Pass,-28.89,CA
99292,7/6/2014,Karaoke Bar,-27.12,CA
99292,7/6/2014,Seaside Bar,-14.03,CA
99292,7/6/2014,Fisker Night Club,-20.45,CA
99292,7/6/2014,Restaurant - Steakhouse,-22.25,CA
99292,7/6/2014,Bowling,-46.71,CA
99292,7/7/2014,Bowling,-39.24,CA
99292,7/7/2014,Uber,-32.25,CA
99292,7/7/2014,Karaoke Bar,-51.18,CA
99292,7/7/2014,Rodriguez's Bar and Grill,-34.85,CA
99292,7/7/2014,Restaurant - Steakhouse,-17.23,CA
99292,7/7/2014,Restaurant - Chinese,-45.65,CA
99292,7/8/2014,Rodriguez's Bar and Grill,-116.72,CA
99292,7/8/2014,Bowling,-70.82,CA
99292,7/8/2014,Restaurant - Burgers,-36.7,CA
99292,7/8/2014,Von's Groceries,-9.49,CA
99292,7/8/2014,Von's Groceries,-3.25,CA
99292,7/9/2014,Owl Night Club,-10.2,CA
99292,7/10/2014,Rodriguez's Bar and Grill,-30.18,CA
99292,7/10/2014,Restaurant - Chinese,-65.67,CA
99292,7/11/2014,Owl Night Club,-3.99,CA
99292,7/12/2014,Wine Bar,-74.63,CA
99292,7/12/2014,Seaside Bar,-9.42,CA
99292,7/12/2014,Public Transportation - Bus Pass,-100.47,CA
99292,7/12/2014,Ice Skating Rink,-29.79,CA
99292,7/13/2014,Wine Bar,-9.61,CA
99292,7/13/2014,Movie Ticket,-72.81,CA
99292,7/13/2014,Owl Night Club,-17.61,CA
99292,7/13/2014,Movie Ticket,-34.28,CA
99292,7/13/2014,Lyft,-16.3,CA
99292,7/13/2014,Green Flash Brewery,-8.92,CA
99292,7/14/2014,Bowling,-56.15,CA
99292,7/14/2014,Amazon Order - Baby Crib,-32.38,CA
99292,7/14/2014,Hospital - Prenatal Care,-19.05,CA
99292,7/14/2014,Babies "R" Us,-115.92,CA
99292,7/14/2014,BuyBuyBaby.com,-20.66,CA
99292,7/15/2014,Wine Bar,-13.71,CA
99292,7/15/2014,Whole Foods,-77.48,CA
99292,7/15/2014,Food Delivery - GrubHub,-51.3,CA
99292,7/15/2014,Owl Night Club,-109.28,CA
99292,7/16/2014,John's Bar & Restaurant,-0.92,CA
99292,7/17/2014,Starbucks Coffee,-69.37,CA
99292,7/18/2014,Owl Night Club,-21.33,CA
99292,7/18/2014,Lyft,-32.58,CA
99292,7/18/2014,Public Transportation - Bus Pass,-30.2,CA
99292,7/18/2014,Taxi,-10.02,CA
99292,7/19/2014,Rodriguez's Bar and Grill,-16.28,CA
99292,7/19/2014,Karaoke Bar,-1.1,CA
99292,7/19/2014,Public Transportation - Bus Pass,-3.07,CA
99292,7/19/2014,Movie Ticket,-6.12,CA
99292,7/20/2014,Rodriguez's Bar and Grill,-34.6,CA
99292,7/20/2014,Restaurant - Pizza,-16.99,CA
99292,7/20/2014,Karaoke Bar,-17.79,CA
99292,7/20/2014,Food Delivery - GrubHub,-31.92,CA
99292,7/20/2014,Fisker Night Club,-8.27,CA
99292,7/20/2014,Seaside Bar,-13.65,CA
99292,7/20/2014,Wine Bar,-23.79,CA
99292,7/20/2014,Fisker Night Club,-83.35,CA
99292,7/21/2014,Ice Skating Rink,-12.75,CA
99292,7/21/2014,Uber,-21.84,CA
99292,7/22/2014,Green Flash Brewery,-32.69,CA
99292,7/22/2014,Sprouts Market,-33.26,CA
99292,7/22/2014,Lyft,-34.26,CA
99292,7/22/2014,Lyft,-103.13,CA
99292,7/23/2014,Wine Bar,-26.02,CA
99292,7/24/2014,Wine Bar,-39.04,CA
99292,7/24/2014,John's Bar & Restaurant,-11.69,CA
99292,7/24/2014,Ralph's Grocery Store,-8.15,CA
99292,7/24/2014,Public Transportation - Train Pass,-11.6,CA
99292,7/24/2014,Restaurant - Pizza,-19.01,CA
99292,7/24/2014,Movie Ticket,-32.51,CA
99292,7/24/2014,Public Transportation - Train Pass,-115.9,CA
99292,7/24/2014,Uber,-46.75,CA
99292,7/25/2014,Public Transportation - Train Pass,-17.88,CA
99292,7/25/2014,Karaoke Bar,-68.76,CA
99292,7/25/2014,Whole Foods,-39.61,CA
99292,7/25/2014,Movie Ticket,-31.38,CA
99292,7/25/2014,Restaurant - Burgers,-95.81,CA
99292,7/25/2014,Wine Bar,-23.27,CA
99292,7/25/2014,Karaoke Bar,-2.84,CA
99292,7/25/2014,John's Bar & Restaurant,-28,CA
99292,7/25/2014,Green Flash Brewery,-0.19,CA
99292,7/25/2014,Taxi,-16.69,CA
99292,7/25/2014,Public Transportation - Bus Pass,-54.79,CA
99292,7/26/2014,Restaurant - Chinese,-19.18,CA
99292,7/26/2014,Restaurant - Pizza,-3.4,CA
99292,7/27/2014,John's Bar & Restaurant,-9.9,CA
99292,7/27/2014,Movie Ticket,-36.54,CA
99292,7/27/2014,Public Transportation - Train Pass,-40.77,CA
99292,7/28/2014,Green Flash Brewery,-13.26,CA
99292,7/28/2014,Public Transportation - Train Pass,-17.28,CA
99292,7/29/2014,Lyft,-30.32,CA
99292,7/29/2014,Karaoke Bar,-97.33,CA
99292,7/30/2014,Fisker Night Club,-13.87,CA
99292,8/2/2014,Housing Rent,-863,CA
99292,8/2/2014,Gas & Electric,-32,CA
99292,8/2/2014,Time Warner Cable,-25,CA
99292,8/2/2014,ACS - Student Loans,-135,CA
99292,8/2/2014,Navient - Student Loans,-197,CA
99292,8/2/2014,Credit Card Payment,-154,CA
99292,8/2/2014,Uber,-32.95,CA
99292,8/2/2014,Public Transportation - Bus Pass,-21.91,CA
99292,8/2/2014,Lyft,-30.7,CA
99292,8/2/2014,Wine Bar,-35.71,CA
99292,8/2/2014,John's Bar & Restaurant,-6.24,CA
99292,8/3/2014,Rodriguez's Bar and Grill,-116.39,CA
99292,8/4/2014,Wine Bar,-20.07,CA
99292,8/5/2014,Von's Groceries,-0.53,CA
99292,8/5/2014,Fisker Night Club,-77.53,CA
99292,8/6/2014,Wine Bar,-45.75,CA
99292,8/6/2014,Movie Ticket,-6.59,CA
99292,8/6/2014,Ice Skating Rink,-16.13,CA
99292,8/6/2014,Ralph's Grocery Store,-39.64,CA
99292,8/7/2014,John's Bar & Restaurant,-36.03,CA
99292,8/7/2014,Ice Skating Rink,-55.35,CA
99292,8/7/2014,Fisker Night Club,-39.61,CA
99292,8/8/2014,Public Transportation - Bus Pass,-44.62,CA
99292,8/8/2014,Starbucks Coffee,-24.17,CA
99292,8/8/2014,Whole Foods,-35.47,CA
99292,8/9/2014,Movie Ticket,-12.46,CA
99292,8/10/2014,Wine Bar,-65.75,CA
99292,8/10/2014,Restaurant - Chinese,-11.23,CA
99292,8/10/2014,Whole Foods,-32.6,CA
99292,8/11/2014,John's Bar & Restaurant,-14.93,CA
99292,8/12/2014,Public Transportation - Bus Pass,-39.11,CA
99292,8/13/2014,Karaoke Bar,-11.01,CA
99292,8/14/2014,Fisker Night Club,-31.17,CA
99292,8/14/2014,Movie Ticket,-44.22,CA
99292,8/14/2014,Owl Night Club,-94.59,CA
99292,8/14/2014,John's Bar & Restaurant,-4.35,CA
99292,8/15/2014,Lyft,-29.54,CA
99292,8/15/2014,Bowling,-33,CA
99292,8/15/2014,Green Flash Brewery,-37.7,CA
99292,8/15/2014,Taxi,-12.94,CA
99292,8/15/2014,Bowling,-4.99,CA
99292,8/15/2014,Wine Bar,-35.55,CA
99292,8/15/2014,Lyft,-31.74,CA
99292,8/15/2014,Ralph's Grocery Store,-4.89,CA
99292,8/15/2014,Taxi,-12.06,CA
99292,8/16/2014,Ralph's Grocery Store,-32.03,CA
99292,8/16/2014,Bowling,-17.48,CA
99292,8/16/2014,Ice Skating Rink,-23.55,CA
99292,8/16/2014,Rodriguez's Bar and Grill,-19.58,CA
99292,8/17/2014,Seaside Bar,-24.8,CA
99292,8/17/2014,Public Transportation - Bus Pass,-105.67,CA
99292,8/17/2014,Green Flash Brewery,-10.57,CA
99292,8/17/2014,Fisker Night Club,-4.87,CA
99292,8/18/2014,Food Delivery - GrubHub,-22.04,CA
99292,8/19/2014,Ice Skating Rink,-25.59,CA
99292,8/19/2014,Taxi,-9.09,CA
99292,8/19/2014,Ice Skating Rink,-19.96,CA
99292,8/20/2014,John's Bar & Restaurant,-25.24,CA
99292,8/20/2014,Sprouts Market,-17.51,CA
99292,8/20/2014,Ice Skating Rink,-29.03,CA
99292,8/21/2014,Bowling,-20.03,CA
99292,8/21/2014,Bowling,-19.04,CA
99292,8/22/2014,Ice Skating Rink,-5.95,CA
99292,8/22/2014,Lyft,-38.47,CA
99292,8/22/2014,Wine Bar,-14.35,CA
99292,8/22/2014,Restaurant - Steakhouse,-37.49,CA
99292,8/22/2014,Sprouts Market,-32.72,CA
99292,8/22/2014,Concert Ticket,-6,CA
99292,8/23/2014,Public Transportation - Bus Pass,-33.11,CA
99292,8/23/2014,Starbucks Coffee,-32.96,CA
99292,8/23/2014,Public Transportation - Bus Pass,-2.72,CA
99292,8/23/2014,Von's Groceries,-72.84,CA
99292,8/24/2014,Movie Ticket,-9.4,CA
99292,8/24/2014,Public Transportation - Train Pass,-26.36,CA
99292,8/24/2014,Karaoke Bar,-11.43,CA
99292,8/24/2014,John's Bar & Restaurant,-9.7,CA
99292,8/24/2014,Movie Ticket,-29.63,CA
99292,8/25/2014,John's Bar & Restaurant,-35.37,CA
99292,8/25/2014,Rodriguez's Bar and Grill,-7.95,CA
99292,8/26/2014,Rodriguez's Bar and Grill,-0.31,CA
99292,8/26/2014,John's Bar & Restaurant,-3.29,CA
99292,8/26/2014,Fisker Night Club,-7.15,CA
99292,8/26/2014,Sprouts Market,-2.47,CA
99292,8/26/2014,Public Transportation - Train Pass,-25.06,CA
99292,8/26/2014,Green Flash Brewery,-1.77,CA
99292,8/26/2014,Taxi,-19.18,CA
99292,8/27/2014,Movie Ticket,-28.16,CA
99292,8/28/2014,John's Bar & Restaurant,-13.23,CA
99292,8/28/2014,Ice Skating Rink,-15.47,CA
99292,8/29/2014,Owl Night Club,-15.38,CA
99292,8/29/2014,Movie Ticket,-4.23,CA
99292,8/29/2014,Restaurant - Burgers,-14.84,CA
99292,8/30/2014,Fisker Night Club,-4.14,CA
99292,8/30/2014,Owl Night Club,-108.57,CA
99292,8/30/2014,Uber,-118.26,CA
99292,9/2/2014,Housing Rent,-1234,CA
99292,9/2/2014,Gas & Electric,-32,CA
99292,9/2/2014,Time Warner Cable,-25,CA
99292,9/2/2014,ACS - Student Loans,-135,CA
99292,9/2/2014,Navient - Student Loans,-197,CA
99292,9/2/2014,Credit Card Payment,-154,CA
99292,9/2/2014,Ralph's Grocery Store,-29.04,CA
99292,9/2/2014,Ralph's Grocery Store,-31.49,CA
99292,9/2/2014,John's Bar & Restaurant,-91.99,CA
99292,9/2/2014,Restaurant - Chinese,-26.44,CA
99292,9/3/2014,Uber,-3.68,CA
99292,9/4/2014,Lyft,-3.34,CA
99292,9/4/2014,Bowling,-31.06,CA
99292,9/5/2014,Whole Foods,-24.68,CA
99292,9/5/2014,Fisker Night Club,-114.38,CA
99292,9/5/2014,Uber,-116.82,CA
99292,9/5/2014,Green Flash Brewery,-32.48,CA
99292,9/5/2014,Wine Bar,-3.54,CA
99292,9/5/2014,Ice Skating Rink,-18.62,CA
99292,9/5/2014,Uber,-39.17,CA
99292,9/5/2014,Ice Skating Rink,-71.08,CA
99292,9/5/2014,Seaside Bar,-15.25,CA
99292,9/5/2014,Rodriguez's Bar and Grill,-16.53,CA
99292,9/5/2014,Public Transportation - Train Pass,-9.98,CA
99292,9/5/2014,Bowling,-35.64,CA
99292,9/5/2014,Von's Groceries,-28.79,CA
99292,9/6/2014,Owl Night Club,-13.17,CA
99292,9/6/2014,Movie Ticket,-53.99,CA
99292,9/7/2014,Green Flash Brewery,-12.51,CA
99292,9/8/2014,Public Transportation - Train Pass,-1.61,CA
99292,9/9/2014,Restaurant - Steakhouse,-100.33,CA
99292,9/10/2014,John's Bar & Restaurant,-11.77,CA
99292,9/10/2014,Movie Ticket,-72.31,CA
99292,9/10/2014,John's Bar & Restaurant,-5.42,CA
99292,9/10/2014,Rodriguez's Bar and Grill,-8.01,CA
99292,9/10/2014,Public Transportation - Bus Pass,-80.09,CA
99292,9/11/2014,Public Transportation - Bus Pass,-25.6,CA
99292,9/11/2014,Movie Ticket,-29.06,CA
99292,9/12/2014,Public Transportation - Bus Pass,-70.94,CA
99292,9/12/2014,Owl Night Club,-8.36,CA
99292,9/12/2014,Wine Bar,-24.99,CA
99292,9/12/2014,Rodriguez's Bar and Grill,-25.45,CA
99292,9/12/2014,Owl Night Club,-89.81,CA
99292,9/12/2014,Ice Skating Rink,-11.01,CA
99292,9/13/2014,Seaside Bar,-2.93,CA
99292,9/13/2014,Seaside Bar,-26.27,CA
99292,9/13/2014,Movie Ticket,-2.86,CA
99292,9/13/2014,Public Transportation - Bus Pass,-50.6,CA
99292,9/14/2014,Owl Night Club,-20.32,CA
99292,9/14/2014,Public Transportation - Bus Pass,-8.2,CA
99292,9/14/2014,Rodriguez's Bar and Grill,-105.1,CA
99292,9/15/2014,Public Transportation - Train Pass,-10.12,CA
99292,9/15/2014,Public Transportation - Bus Pass,-27.53,CA
99292,9/15/2014,Green Flash Brewery,-21.58,CA
99292,9/16/2014,Green Flash Brewery,-4.36,CA
99292,9/17/2014,Ralph's Grocery Store,-36.21,CA
99292,9/17/2014,Seaside Bar,-31.71,CA
99292,9/18/2014,Seaside Bar,-0.73,CA
99292,9/18/2014,Fisker Night Club,-95.62,CA
99292,9/18/2014,Taxi,-107.19,CA
99292,9/18/2014,Restaurant - Burgers,-31.2,CA
99292,9/19/2014,Seaside Bar,-38.01,CA
99292,9/20/2014,John's Bar & Restaurant,-72.22,CA
99292,9/20/2014,Green Flash Brewery,-15.39,CA
99292,9/20/2014,Wine Bar,-6.79,CA
99292,9/20/2014,Movie Ticket,-2.11,CA
99292,9/20/2014,Public Transportation - Train Pass,-12.8,CA
99292,9/21/2014,Fisker Night Club,-24.98,CA
99292,9/21/2014,Rodriguez's Bar and Grill,-103.58,CA
99292,9/21/2014,Uber,-31.29,CA
99292,9/21/2014,Restaurant - Steakhouse,-17.87,CA
99292,9/21/2014,John's Bar & Restaurant,-30.95,CA
99292,9/21/2014,Rodriguez's Bar and Grill,-10.21,CA
99292,9/21/2014,Taxi,-15.18,CA
99292,9/21/2014,Whole Foods,-10.44,CA
99292,9/21/2014,Rodriguez's Bar and Grill,-29.21,CA
99292,9/21/2014,Rodriguez's Bar and Grill,-26.85,CA
99292,9/21/2014,Movie Ticket,-33.84,CA
99292,9/21/2014,Concert Ticket,-9.4,CA
99292,9/22/2014,Fisker Night Club,-25.82,CA
99292,9/22/2014,Karaoke Bar,-102.08,CA
99292,9/22/2014,John's Bar & Restaurant,-24.08,CA
99292,9/23/2014,Concert Ticket,-35.12,CA
99292,9/24/2014,Lyft,-61.37,CA
99292,9/24/2014,Seaside Bar,-32.19,CA
99292,9/24/2014,Movie Ticket,-101.54,CA
99292,9/25/2014,John's Bar & Restaurant,-12.2,CA
99292,9/25/2014,Fisker Night Club,-10.21,CA
99292,9/25/2014,Movie Ticket,-11.47,CA
99292,9/25/2014,Lyft,-35.2,CA
99292,9/25/2014,Sprouts Market,-38.51,CA
99292,9/26/2014,Public Transportation - Train Pass,-3.98,CA
99292,9/26/2014,Movie Ticket,-4.98,CA
99292,9/27/2014,Ice Skating Rink,-20.49,CA
99292,9/27/2014,Von's Groceries,-38.1,CA
99292,9/27/2014,Rodriguez's Bar and Grill,-4.07,CA
99292,9/27/2014,Ice Skating Rink,-48.75,CA
99292,9/27/2014,Taxi,-10.49,CA
99292,9/27/2014,Green Flash Brewery,-38.92,CA
99292,9/28/2014,Public Transportation - Train Pass,-21.12,CA
99292,9/29/2014,Owl Night Club,-0.61,CA
99292,9/29/2014,Ice Skating Rink,-7.25,CA
99292,9/29/2014,Seaside Bar,-112.6,CA
99292,9/29/2014,Whole Foods,-5.64,CA
99292,9/29/2014,Ice Skating Rink,-32.24,CA
99292,9/29/2014,Lyft,-28.99,CA
99292,9/29/2014,Uber,-3.78,CA
99292,9/30/2014,Food Delivery - GrubHub,-0.09,CA
99292,10/2/2014,Housing Rent,-1283,CA
99292,10/2/2014,Gas & Electric,-32,CA
99292,10/2/2014,Time Warner Cable,-25,CA
99292,10/2/2014,ACS - Student Loans,-135,CA
99292,10/2/2014,Navient - Student Loans,-197,CA
99292,10/2/2014,Credit Card Payment,-154,CA
99292,10/2/2014,Restaurant - Burgers,-4.51,CA
99292,10/3/2014,Owl Night Club,-12.86,CA
99292,10/3/2014,Public Transportation - Bus Pass,-109.36,CA
99292,10/4/2014,Restaurant - Chinese,-6.88,CA
99292,10/4/2014,Fisker Night Club,-26.25,CA
99292,10/4/2014,Restaurant - Steakhouse,-39.05,CA
99292,10/4/2014,Starbucks Coffee,-32.21,CA
99292,10/5/2014,Seaside Bar,-6.31,CA
99292,10/6/2014,Taxi,-4.49,CA
99292,10/6/2014,Public Transportation - Train Pass,-52.82,CA
99292,10/6/2014,Taxi,-17.99,CA
99292,10/7/2014,Whole Foods,-22.18,CA
99292,10/8/2014,Rodriguez's Bar and Grill,-24.71,CA
99292,10/9/2014,Wine Bar,-9.22,CA
99292,10/9/2014,Concert Ticket,-12.2,CA
99292,10/10/2014,Rodriguez's Bar and Grill,-20.77,CA
99292,10/10/2014,John's Bar & Restaurant,-2.52,CA
99292,10/10/2014,Green Flash Brewery,-50.89,CA
99292,10/11/2014,Karaoke Bar,-47.11,CA
99292,10/11/2014,Public Transportation - Bus Pass,-52.46,CA
99292,10/11/2014,Food Delivery - GrubHub,-20.81,CA
99292,10/11/2014,John's Bar & Restaurant,-8,CA
99292,10/12/2014,Public Transportation - Train Pass,-29.3,CA
99292,10/12/2014,Public Transportation - Train Pass,-1.97,CA
99292,10/12/2014,Uber,-28.71,CA
99292,10/12/2014,Wine Bar,-31.29,CA
99292,10/13/2014,Lyft,-24.17,CA
99292,10/13/2014,Whole Foods,-24.93,CA
99292,10/14/2014,Ralph's Grocery Store,-39.94,CA
99292,10/14/2014,Green Flash Brewery,-33.86,CA
99292,10/15/2014,Public Transportation - Bus Pass,-11.47,CA
99292,10/15/2014,Rodriguez's Bar and Grill,-29.82,CA
99292,10/15/2014,Seaside Bar,-67.92,CA
99292,10/16/2014,Owl Night Club,-17.65,CA
99292,10/16/2014,Food Delivery - GrubHub,-14.54,CA
99292,10/16/2014,Ice Skating Rink,-7.47,CA
99292,10/16/2014,Rodriguez's Bar and Grill,-21.05,CA
99292,10/16/2014,John's Bar & Restaurant,-25.45,CA
99292,10/16/2014,Karaoke Bar,-22.27,CA
99292,10/17/2014,Concert Ticket,-15.4,CA
99292,10/17/2014,Taxi,-25.89,CA
99292,10/18/2014,Green Flash Brewery,-100.91,CA
99292,10/18/2014,Public Transportation - Bus Pass,-31.75,CA
99292,10/18/2014,Fisker Night Club,-35.46,CA
99292,10/18/2014,Public Transportation - Train Pass,-39.86,CA
99292,10/18/2014,Owl Night Club,-68.37,CA
99292,10/18/2014,Concert Ticket,-26.67,CA
99292,10/18/2014,Restaurant - Burgers,-27.53,CA
99292,10/19/2014,Green Flash Brewery,-79.84,CA
99292,10/19/2014,Fisker Night Club,-89.52,CA
99292,10/20/2014,Concert Ticket,-10.44,CA
99292,10/20/2014,Wine Bar,-8.29,CA
99292,10/20/2014,Bowling,-22.77,CA
99292,10/20/2014,Concert Ticket,-14.43,CA
99292,10/20/2014,Green Flash Brewery,-21.22,CA
99292,10/20/2014,Concert Ticket,-11.88,CA
99292,10/21/2014,Fisker Night Club,-16.81,CA
99292,10/21/2014,Seaside Bar,-9.76,CA
99292,10/22/2014,John's Bar & Restaurant,-37.73,CA
99292,10/22/2014,Public Transportation - Train Pass,-3.5,CA
99292,10/22/2014,Concert Ticket,-19.64,CA
99292,10/23/2014,Bowling,-37.91,CA
99292,10/24/2014,Wine Bar,-77.17,CA
99292,10/24/2014,John's Bar & Restaurant,-34.25,CA
99292,10/24/2014,Starbucks Coffee,-19.84,CA
99292,10/24/2014,Wine Bar,-35.54,CA
99292,10/24/2014,Restaurant - Chinese,-34.98,CA
99292,10/25/2014,Karaoke Bar,-35.54,CA
99292,10/25/2014,Fisker Night Club,-62.46,CA
99292,10/26/2014,Bowling,-14.17,CA
99292,10/26/2014,John's Bar & Restaurant,-14.7,CA
99292,10/26/2014,Uber,-21,CA
99292,10/26/2014,Von's Groceries,-28,CA
99292,10/27/2014,Taxi,-80.25,CA
99292,10/27/2014,Karaoke Bar,-4.43,CA
99292,10/27/2014,Starbucks Coffee,-37.62,CA
99292,10/27/2014,Wine Bar,-23.51,CA
99292,10/27/2014,Fisker Night Club,-17.49,CA
99292,10/27/2014,Owl Night Club,-3.3,CA
99292,10/27/2014,John's Bar & Restaurant,-10.09,CA
99292,10/27/2014,Owl Night Club,-37.04,CA
99292,10/27/2014,Restaurant - Chinese,-60.85,CA
99292,10/27/2014,Von's Groceries,-20.9,CA
99292,10/27/2014,Green Flash Brewery,-9.63,CA
99292,10/27/2014,Fisker Night Club,-32.97,CA
99292,10/27/2014,Restaurant - Pizza,-35.48,CA
99292,10/27/2014,Ice Skating Rink,-17.99,CA
99292,10/27/2014,Green Flash Brewery,-37.91,CA
99292,10/28/2014,Ice Skating Rink,-38.21,CA
99292,10/29/2014,Lyft,-37.85,CA
99292,10/30/2014,Restaurant - Steakhouse,-30.91,CA
99292,10/30/2014,Starbucks Coffee,-13.19,CA
99292,10/30/2014,Ice Skating Rink,-30.12,CA
99292,10/30/2014,Fisker Night Club,-2.49,CA
99292,11/2/2014,Housing Rent,-1114,CA
99292,11/2/2014,Gas & Electric,-32,CA
99292,11/2/2014,Time Warner Cable,-25,CA
99292,11/2/2014,ACS - Student Loans,-135,CA
99292,11/2/2014,Navient - Student Loans,-197,CA
99292,11/2/2014,Credit Card Payment,-154,CA
99292,11/2/2014,Fisker Night Club,-17.8,CA
99292,11/2/2014,Bowling,-34.75,CA
99292,11/2/2014,Public Transportation - Bus Pass,-14.18,CA
99292,11/3/2014,Restaurant - Burgers,-24.91,CA
99292,11/3/2014,Bowling,-4.77,CA
99292,11/3/2014,Restaurant - Steakhouse,-35.91,CA
99292,11/3/2014,Von's Groceries,-83.62,CA
99292,11/4/2014,Bowling,-5.14,CA
99292,11/4/2014,Ralph's Grocery Store,-25,CA
99292,11/4/2014,Starbucks Coffee,-13.42,CA
99292,11/4/2014,Bowling,-31.25,CA
99292,11/4/2014,Seaside Bar,-59.77,CA
99292,11/4/2014,Ice Skating Rink,-23.33,CA
99292,11/5/2014,John's Bar & Restaurant,-30.02,CA
99292,11/5/2014,Whole Foods,-65.68,CA
99292,11/6/2014,Restaurant - Burgers,-10.69,CA
99292,11/6/2014,Uber,-26.43,CA
99292,11/6/2014,Fisker Night Club,-7.57,CA
99292,11/7/2014,Public Transportation - Bus Pass,-14.31,CA
99292,11/7/2014,Green Flash Brewery,-67.7,CA
99292,11/7/2014,Movie Ticket,-7.83,CA
99292,11/7/2014,Food Delivery - GrubHub,-6.99,CA
99292,11/8/2014,Karaoke Bar,-31.29,CA
99292,11/8/2014,Restaurant - Burgers,-26.53,CA
99292,11/8/2014,Food Delivery - GrubHub,-92.41,CA
99292,11/8/2014,Restaurant - Steakhouse,-10.97,CA
99292,11/9/2014,Restaurant - Steakhouse,-85.25,CA
99292,11/9/2014,Public Transportation - Bus Pass,-38.94,CA
99292,11/9/2014,Restaurant - Chinese,-4.18,CA
99292,11/9/2014,Seaside Bar,0,CA
99292,11/9/2014,Fisker Night Club,-16.89,CA
99292,11/9/2014,Movie Ticket,-2.06,CA
99292,11/10/2014,Restaurant - Pizza,-0.24,CA
99292,11/11/2014,Lyft,-2.71,CA
99292,11/11/2014,Public Transportation - Train Pass,-15.34,CA
99292,11/12/2014,Public Transportation - Train Pass,-0.96,CA
99292,11/12/2014,Public Transportation - Train Pass,-39.72,CA
99292,11/13/2014,Concert Ticket,-17.32,CA
99292,11/13/2014,Whole Foods,-12.17,CA
99292,11/13/2014,Wine Bar,-16.09,CA
99292,11/13/2014,Restaurant - Pizza,-9.92,CA
99292,11/13/2014,Karaoke Bar,-1.06,CA
99292,11/13/2014,Bowling,-74.46,CA
99292,11/14/2014,Public Transportation - Bus Pass,-13.41,CA
99292,11/15/2014,Lyft,-28.02,CA
99292,11/15/2014,Von's Groceries,-18.91,CA
99292,11/16/2014,Restaurant - Chinese,-77.39,CA
99292,11/16/2014,Green Flash Brewery,-42.33,CA
99292,11/16/2014,Green Flash Brewery,-10.19,CA
99292,11/17/2014,Taxi,-38.78,CA
99292,11/17/2014,Public Transportation - Train Pass,-7.14,CA
99292,11/17/2014,Wine Bar,-38.81,CA
99292,11/18/2014,Uber,-1.27,CA
99292,11/18/2014,Whole Foods,-33.49,CA
99292,11/19/2014,Restaurant - Pizza,-4.35,CA
99292,11/20/2014,Owl Night Club,-12.73,CA
99292,11/21/2014,Owl Night Club,-25.27,CA
99292,11/21/2014,Owl Night Club,-21.76,CA
99292,11/22/2014,Owl Night Club,-34.47,CA
99292,11/22/2014,Food Delivery - GrubHub,-61.61,CA
99292,11/23/2014,Ice Skating Rink,-28.09,CA
99292,11/23/2014,Ice Skating Rink,-12.36,CA
99292,11/23/2014,John's Bar & Restaurant,-85.39,CA
99292,11/23/2014,Public Transportation - Bus Pass,-28.96,CA
99292,11/23/2014,Ralph's Grocery Store,-33.22,CA
99292,11/23/2014,Sprouts Market,-14.64,CA
99292,11/23/2014,Bowling,-15.31,CA
99292,11/23/2014,Bowling,-33.55,CA
99292,11/23/2014,Public Transportation - Train Pass,-8.4,CA
99292,11/24/2014,Seaside Bar,-1.46,CA
99292,11/24/2014,John's Bar & Restaurant,-31.43,CA
99292,11/24/2014,Wine Bar,-21.43,CA
99292,11/24/2014,John's Bar & Restaurant,-7.66,CA
99292,11/25/2014,Movie Ticket,-28.89,CA
99292,11/25/2014,Bowling,-7.87,CA
99292,11/26/2014,Public Transportation - Bus Pass,-9.14,CA
99292,11/27/2014,Rodriguez's Bar and Grill,-19.39,CA
99292,11/28/2014,Green Flash Brewery,-34.2,CA
99292,11/28/2014,Movie Ticket,-18.45,CA
99292,11/28/2014,Concert Ticket,-23.71,CA
99292,11/28/2014,Uber,-58.14,CA
99292,11/28/2014,Uber,-22.4,CA
99292,11/29/2014,Seaside Bar,-7.19,CA
99292,11/29/2014,Movie Ticket,-5.74,CA
99292,11/30/2014,Fisker Night Club,-4.17,CA
99292,12/2/2014,Housing Rent,-1181,CA
99292,12/2/2014,Gas & Electric,-32,CA
99292,12/2/2014,Time Warner Cable,-25,CA
99292,12/2/2014,ACS - Student Loans,-135,CA
99292,12/2/2014,Navient - Student Loans,-197,CA
99292,12/2/2014,Credit Card Payment,-154,CA
99292,12/2/2014,Public Transportation - Train Pass,-73.94,CA
99292,12/2/2014,Lyft,-24.96,CA
99292,12/2/2014,Ralph's Grocery Store,-36.77,CA
99292,12/2/2014,Movie Ticket,-36.05,CA
99292,12/3/2014,Karaoke Bar,-96.33,CA
99292,12/3/2014,Von's Groceries,-38.12,CA
99292,12/3/2014,Restaurant - Chinese,-69.7,CA
99292,12/4/2014,Von's Groceries,-46.42,CA
99292,12/5/2014,Uber,-31.54,CA
99292,12/5/2014,Ralph's Grocery Store,-60.77,CA
99292,12/6/2014,Lyft,-87.75,CA
99292,12/6/2014,Public Transportation - Bus Pass,-9.51,CA
99292,12/6/2014,Public Transportation - Train Pass,-14.46,CA
99292,12/6/2014,Owl Night Club,-27.12,CA
99292,12/7/2014,Taxi,-84.06,CA
99292,12/7/2014,Movie Ticket,-39.19,CA
99292,12/8/2014,Whole Foods,-30.08,CA
99292,12/9/2014,Public Transportation - Train Pass,-22.82,CA
99292,12/10/2014,Green Flash Brewery,-39.48,CA
99292,12/11/2014,Lyft,-62.57,CA
99292,12/12/2014,Karaoke Bar,-31.3,CA
99292,12/13/2014,Restaurant - Steakhouse,-9.75,CA
99292,12/13/2014,Karaoke Bar,-23.77,CA
99292,12/13/2014,John's Bar & Restaurant,-28.73,CA
99292,12/13/2014,Ice Skating Rink,-55.99,CA
99292,12/14/2014,Restaurant - Pizza,-28.35,CA
99292,12/15/2014,Public Transportation - Train Pass,-73.43,CA
99292,12/15/2014,Concert Ticket,-6.33,CA
99292,12/15/2014,Whole Foods,-25.56,CA
99292,12/15/2014,Ice Skating Rink,-39.18,CA
99292,12/15/2014,Fisker Night Club,-26.72,CA
99292,12/15/2014,Green Flash Brewery,-28.19,CA
99292,12/16/2014,Concert Ticket,-36.96,CA
99292,12/16/2014,Owl Night Club,-78.38,CA
99292,12/17/2014,Whole Foods,-14.33,CA
99292,12/17/2014,Lyft,-1.39,CA
99292,12/18/2014,Taxi,-17.38,CA
99292,12/18/2014,Wine Bar,-71.58,CA
99292,12/18/2014,Rodriguez's Bar and Grill,-39.71,CA
99292,12/18/2014,Seaside Bar,-63.83,CA
99292,12/18/2014,Fisker Night Club,-36.22,CA
99292,12/18/2014,Sprouts Market,-28.13,CA
99292,12/18/2014,Green Flash Brewery,-39.77,CA
99292,12/18/2014,Lyft,-60.01,CA
99292,12/18/2014,Von's Groceries,-34.12,CA
99292,12/18/2014,Fisker Night Club,-35.1,CA
99292,12/18/2014,Wine Bar,-35.19,CA
99292,12/19/2014,Movie Ticket,-72.68,CA
99292,12/19/2014,Public Transportation - Bus Pass,-30.06,CA
99292,12/20/2014,Seaside Bar,-0.16,CA
99292,12/20/2014,Lyft,-73.98,CA
99292,12/21/2014,Fisker Night Club,-35.47,CA
99292,12/21/2014,Taxi,-39.78,CA
99292,12/21/2014,Wine Bar,-35.92,CA
99292,12/21/2014,Owl Night Club,-19.39,CA
99292,12/21/2014,Rodriguez's Bar and Grill,-30.57,CA
99292,12/21/2014,Karaoke Bar,-36.7,CA
99292,12/21/2014,Movie Ticket,-0.75,CA
99292,12/21/2014,John's Bar & Restaurant,-19.61,CA
99292,12/22/2014,Seaside Bar,-36.01,CA
99292,12/22/2014,Von's Groceries,-7.95,CA
99292,12/22/2014,Food Delivery - GrubHub,-18.8,CA
99292,12/22/2014,John's Bar & Restaurant,-1.43,CA
99292,12/23/2014,Public Transportation - Bus Pass,-17.72,CA
99292,12/24/2014,Food Delivery - GrubHub,-8.37,CA
99292,12/24/2014,Wine Bar,-2.15,CA
99292,12/24/2014,Bowling,-30.28,CA
99292,12/24/2014,John's Bar & Restaurant,-19.91,CA
99292,12/24/2014,Wine Bar,-6.69,CA
99292,12/24/2014,John's Bar & Restaurant,-33.43,CA
99292,12/24/2014,Green Flash Brewery,-9.07,CA
99292,12/24/2014,Starbucks Coffee,-2.96,CA
99292,12/24/2014,John's Bar & Restaurant,-1.69,CA
99292,12/24/2014,Rodriguez's Bar and Grill,-9.92,CA
99292,12/25/2014,Lyft,-30.23,CA
99292,12/25/2014,John's Bar & Restaurant,-113.94,CA
99292,12/25/2014,Rodriguez's Bar and Grill,-29.53,CA
99292,12/25/2014,Rodriguez's Bar and Grill,-9.74,CA
99292,12/26/2014,Food Delivery - GrubHub,-33.02,CA
99292,12/26/2014,Owl Night Club,-24.65,CA
99292,12/27/2014,Movie Ticket,-8.86,CA
99292,12/27/2014,Wine Bar,-21.62,CA
99292,12/28/2014,Public Transportation - Bus Pass,-11.79,CA
99292,12/28/2014,Restaurant - Steakhouse,-81.71,CA
99292,12/29/2014,Fisker Night Club,-15.33,CA
99292,12/29/2014,Taxi,-12.85,CA
99292,12/30/2014,Rodriguez's Bar and Grill,-36.22,CA
99292,12/32/2014,John's Bar & Restaurant,-11.01,CA
